SKU_ID,Warehouse_ID,Forecast_Qty,Actual_Demand,Month
SKU0391,WH4,243,433,Mar
SKU0257,WH1,98,93,Feb
SKU0060,WH7,341,453,Mar
SKU0450,WH2,80,438,Jan
SKU0304,WH5,165,284,Feb
SKU0330,WH4,66,330,May
SKU0340,WH6,483,323,Jun
SKU0099,WH7,337,233,May
SKU0433,WH3,251,129,Apr
SKU0007,WH1,116,308,Jan
SKU0085,WH4,471,99,Apr
SKU0432,WH4,170,196,Apr
SKU0031,WH7,387,161,May
SKU0051,WH6,269,408,Feb
SKU0209,WH1,120,463,Mar
SKU0188,WH1,225,122,Jun
SKU0204,WH1,247,497,Jan
SKU0328,WH4,103,230,Jun
SKU0060,WH5,350,171,Apr
SKU0224,WH7,290,435,Jun
SKU0079,WH8,59,223,Mar
SKU0331,WH4,51,428,Jun
SKU0195,WH7,261,264,Apr
SKU0057,WH6,404,148,Jan
SKU0230,WH2,196,312,Jan
SKU0479,WH2,236,375,Apr
SKU0408,WH6,252,498,Mar
SKU0242,WH7,411,479,Apr
SKU0407,WH5,149,91,Mar
SKU0092,WH4,119,78,Jun
SKU0327,WH5,200,118,Apr
SKU0375,WH7,380,382,May
SKU0288,WH7,362,300,Mar
SKU0478,WH6,334,256,Jun
SKU0071,WH6,171,434,Feb
SKU0483,WH3,449,412,Feb
SKU0378,WH2,322,382,Jan
SKU0305,WH7,340,154,Feb
SKU0430,WH8,98,125,Mar
SKU0296,WH4,470,464,Mar
SKU0244,WH2,324,325,Feb
SKU0074,WH7,180,378,Jan
SKU0053,WH6,248,262,Jan
SKU0190,WH2,228,382,Jun
SKU0131,WH7,202,310,Jun
SKU0002,WH2,143,150,Feb
SKU0182,WH4,100,398,May
SKU0102,WH3,220,219,May
SKU0051,WH1,385,150,Apr
SKU0355,WH7,314,380,Feb
SKU0486,WH3,134,360,May
SKU0046,WH2,101,337,Mar
SKU0223,WH1,221,482,May
SKU0019,WH7,445,399,Feb
SKU0150,WH3,447,395,Mar
SKU0403,WH4,344,216,Apr
SKU0149,WH3,307,310,Apr
SKU0283,WH4,367,408,Mar
SKU0500,WH1,102,176,Feb
SKU0127,WH4,170,182,Mar
SKU0149,WH1,333,437,Feb
SKU0080,WH2,100,346,Mar
SKU0439,WH8,329,229,Jan
SKU0029,WH1,356,310,Apr
SKU0289,WH6,319,253,Jun
SKU0459,WH1,452,55,May
SKU0266,WH3,471,271,Mar
SKU0405,WH4,287,284,Jun
SKU0145,WH8,456,471,Apr
SKU0314,WH8,223,291,Apr
SKU0191,WH8,321,412,Mar
SKU0446,WH2,120,100,May
SKU0330,WH7,66,57,May
SKU0349,WH5,79,250,Mar
SKU0262,WH2,57,439,Mar
SKU0138,WH3,343,130,Jan
SKU0302,WH2,408,157,Apr
SKU0327,WH8,237,222,Feb
SKU0011,WH7,188,141,Feb
SKU0427,WH5,102,147,Jun
SKU0442,WH5,472,206,May
SKU0235,WH1,287,388,Jun
SKU0038,WH3,462,204,Feb
SKU0488,WH1,354,171,Mar
SKU0407,WH6,367,311,Jun
SKU0046,WH6,114,261,Feb
SKU0125,WH3,78,395,May
SKU0288,WH1,377,162,May
SKU0217,WH3,336,203,Apr
SKU0114,WH4,385,225,Jan
SKU0451,WH8,183,430,Jan
SKU0220,WH2,279,217,Jun
SKU0137,WH3,383,309,Jun
SKU0260,WH1,400,495,Mar
SKU0050,WH7,285,481,May
SKU0494,WH1,421,356,Feb
SKU0453,WH2,484,447,Apr
SKU0077,WH1,158,482,Feb
SKU0073,WH7,191,451,Apr
SKU0015,WH1,299,191,May
SKU0362,WH7,321,301,Jun
SKU0443,WH8,218,51,Jan
SKU0370,WH5,428,307,Feb
SKU0469,WH5,389,112,Jan
SKU0020,WH3,347,269,May
SKU0235,WH3,327,179,May
SKU0196,WH8,475,178,Feb
SKU0364,WH5,477,141,May
SKU0484,WH7,157,198,Mar
SKU0475,WH8,260,455,Feb
SKU0054,WH1,385,123,Jan
SKU0397,WH7,126,492,Mar
SKU0253,WH2,493,175,Apr
SKU0265,WH5,158,413,Jan
SKU0396,WH6,119,196,Mar
SKU0152,WH7,273,71,Apr
SKU0028,WH6,491,71,Mar
SKU0263,WH3,153,62,Jun
SKU0048,WH1,224,133,Jan
SKU0104,WH3,423,180,Mar
SKU0015,WH5,455,490,Feb
SKU0017,WH7,70,255,Mar
SKU0179,WH8,383,320,Jun
SKU0329,WH5,304,70,May
SKU0226,WH5,470,342,May
SKU0486,WH5,463,66,Feb
SKU0424,WH5,125,408,Apr
SKU0323,WH6,331,330,May
SKU0162,WH5,57,380,May
SKU0114,WH2,356,220,Feb
SKU0366,WH2,483,99,Apr
SKU0134,WH1,250,320,Jan
SKU0204,WH8,196,372,May
SKU0264,WH4,425,335,May
SKU0155,WH7,368,490,May
SKU0334,WH5,163,312,Jun
SKU0086,WH4,224,127,Jun
SKU0105,WH3,267,406,Jan
SKU0070,WH4,203,162,Apr
SKU0221,WH6,259,356,Jun
SKU0492,WH8,149,323,Jun
SKU0240,WH6,181,261,Jan
SKU0262,WH8,169,129,Mar
SKU0430,WH4,411,359,Jan
SKU0045,WH6,470,225,Jan
SKU0424,WH3,298,400,Jun
SKU0388,WH7,268,202,Apr
SKU0256,WH4,337,126,Feb
SKU0168,WH3,366,259,Jun
SKU0280,WH6,462,499,Jan
SKU0448,WH2,497,451,May
SKU0434,WH6,158,336,Mar
SKU0053,WH5,52,325,Jun
SKU0403,WH3,181,398,Mar
SKU0235,WH8,242,491,May
SKU0187,WH3,187,336,Jun
SKU0019,WH5,75,190,Jun
SKU0352,WH3,394,123,Apr
SKU0294,WH5,217,487,Jan
SKU0380,WH3,152,304,Apr
SKU0371,WH8,454,285,Apr
SKU0360,WH1,79,393,Jan
SKU0405,WH8,105,453,May
SKU0498,WH1,460,455,Jun
SKU0037,WH3,398,396,Jan
SKU0343,WH7,355,289,Jun
SKU0185,WH4,372,424,Feb
SKU0303,WH7,449,420,Apr
SKU0209,WH1,70,173,Apr
SKU0287,WH5,476,410,Apr
SKU0491,WH5,254,365,Jun
SKU0038,WH2,266,430,Mar
SKU0003,WH7,244,335,May
SKU0483,WH5,255,405,May
SKU0393,WH3,351,413,Apr
SKU0431,WH4,162,276,Mar
SKU0445,WH1,460,52,Apr
SKU0379,WH1,72,393,Apr
SKU0332,WH6,374,417,Jan
SKU0137,WH3,435,138,Apr
SKU0431,WH1,260,308,Jan
SKU0159,WH7,76,325,Apr
SKU0341,WH6,187,330,Jan
SKU0296,WH6,267,342,Mar
SKU0103,WH8,147,322,Jan
SKU0305,WH5,243,481,Feb
SKU0356,WH5,297,332,Mar
SKU0308,WH5,325,458,May
SKU0245,WH4,226,81,Jan
SKU0298,WH2,215,117,Jan
SKU0483,WH2,281,114,Jan
SKU0086,WH8,150,497,Jun
SKU0006,WH1,467,74,May
SKU0271,WH1,237,195,Jun
SKU0028,WH8,310,346,May
SKU0434,WH3,253,218,Apr
SKU0192,WH8,430,409,Jun
SKU0203,WH5,359,254,Mar
SKU0138,WH4,194,179,Feb
SKU0295,WH8,107,310,Apr
SKU0479,WH4,83,331,Apr
SKU0276,WH7,210,79,Mar
SKU0125,WH7,71,74,Jan
SKU0260,WH5,144,365,May
SKU0174,WH6,263,102,Apr
SKU0460,WH8,224,292,Apr
SKU0155,WH3,303,137,Mar
SKU0433,WH6,309,207,Jun
SKU0006,WH7,341,100,Jun
SKU0437,WH5,88,115,Jun
SKU0496,WH3,473,291,Apr
SKU0499,WH8,431,364,Jun
SKU0292,WH2,118,225,May
SKU0485,WH5,191,349,Jun
SKU0119,WH7,450,354,Apr
SKU0022,WH3,231,464,Apr
SKU0247,WH4,429,183,Feb
SKU0217,WH2,252,78,May
SKU0374,WH1,146,437,May
SKU0445,WH4,398,63,Feb
SKU0288,WH8,116,321,Feb
SKU0436,WH3,375,455,Jan
SKU0077,WH4,124,318,Jun
SKU0052,WH5,401,50,Mar
SKU0461,WH7,464,230,Jun
SKU0309,WH6,83,456,May
SKU0366,WH2,121,242,May
SKU0414,WH1,55,466,Feb
SKU0157,WH1,321,93,Apr
SKU0353,WH5,436,70,Jan
SKU0316,WH2,217,201,Jun
SKU0031,WH3,227,204,May
SKU0415,WH2,238,273,Jun
SKU0158,WH7,206,132,Feb
SKU0078,WH3,336,197,Jun
SKU0151,WH4,217,485,Jan
SKU0484,WH7,154,487,May
SKU0481,WH7,375,314,Apr
SKU0028,WH1,348,496,Mar
SKU0249,WH4,269,334,Mar
SKU0168,WH2,137,387,Jun
SKU0288,WH7,319,128,Apr
SKU0237,WH5,80,475,Jun
SKU0489,WH6,75,364,Mar
SKU0346,WH1,432,83,May
SKU0196,WH2,329,336,Mar
SKU0279,WH3,114,289,Mar
SKU0142,WH7,187,385,Jun
SKU0097,WH6,363,383,Jun
SKU0453,WH4,412,150,Feb
SKU0202,WH7,431,417,May
SKU0122,WH2,291,417,May
SKU0329,WH6,112,484,Apr
SKU0264,WH2,441,426,Mar
SKU0205,WH5,485,151,Jan
SKU0185,WH8,324,74,May
SKU0461,WH6,381,456,Jun
SKU0176,WH7,474,435,May
SKU0002,WH7,278,427,Jan
SKU0470,WH7,479,449,May
SKU0290,WH8,163,444,Apr
SKU0054,WH7,60,64,Jun
SKU0308,WH6,222,77,Mar
SKU0229,WH7,427,416,Apr
SKU0485,WH2,147,188,Mar
SKU0140,WH8,358,130,Apr
SKU0055,WH8,322,89,Apr
SKU0069,WH8,205,145,Mar
SKU0362,WH3,191,229,Feb
SKU0046,WH2,329,456,May
SKU0161,WH3,93,197,May
SKU0086,WH7,390,333,Jun
SKU0284,WH7,87,433,Mar
SKU0121,WH5,72,152,Jan
SKU0011,WH1,120,440,Feb
SKU0183,WH2,481,333,May
SKU0165,WH5,488,260,May
SKU0279,WH8,268,414,May
SKU0356,WH1,298,286,May
SKU0459,WH3,394,396,Feb
SKU0295,WH4,167,404,Apr
SKU0215,WH4,337,446,Mar
SKU0077,WH4,374,207,Apr
SKU0471,WH4,57,432,Mar
SKU0057,WH5,454,245,Jan
SKU0334,WH4,461,275,Apr
SKU0225,WH4,213,168,Feb
SKU0372,WH3,398,360,Jun
SKU0273,WH2,225,338,Jan
SKU0015,WH3,174,420,Jan
SKU0377,WH5,458,90,May
SKU0381,WH1,209,93,May
SKU0071,WH2,262,130,May
SKU0294,WH1,330,168,Mar
SKU0241,WH3,373,154,May
SKU0350,WH4,261,185,Apr
SKU0369,WH3,386,353,Jan
SKU0412,WH1,417,98,Apr
SKU0470,WH8,475,358,Mar
SKU0323,WH3,413,308,Mar
SKU0065,WH3,499,467,May
SKU0259,WH5,66,201,Jan
SKU0228,WH2,276,321,Mar
SKU0352,WH2,318,302,Feb
SKU0078,WH1,477,278,Jan
SKU0355,WH3,126,232,Mar
SKU0150,WH2,497,441,Jun
SKU0150,WH8,339,404,Mar
SKU0348,WH4,100,491,Apr
SKU0005,WH4,404,498,Jun
SKU0341,WH2,361,59,May
SKU0453,WH6,64,425,Jun
SKU0433,WH2,292,452,Feb
SKU0389,WH7,489,121,Jun
SKU0087,WH1,54,74,Apr
SKU0323,WH3,488,374,May
SKU0131,WH2,315,125,Jan
SKU0009,WH7,134,161,Feb
SKU0393,WH3,107,358,Mar
SKU0154,WH4,457,411,Feb
SKU0395,WH5,326,305,Jun
SKU0314,WH6,339,131,Jan
SKU0169,WH6,400,238,Mar
SKU0160,WH4,90,313,Feb
SKU0147,WH5,129,261,Apr
SKU0221,WH5,460,65,Feb
SKU0086,WH2,263,115,Mar
SKU0439,WH4,240,243,Apr
SKU0071,WH5,497,201,Apr
SKU0349,WH8,373,73,Apr
SKU0014,WH8,102,110,Jan
SKU0017,WH6,108,287,Feb
SKU0231,WH7,206,287,Jan
SKU0140,WH3,315,475,May
SKU0441,WH6,239,251,Apr
SKU0219,WH8,142,92,Jun
SKU0137,WH3,281,477,Jun
SKU0497,WH7,164,123,Mar
SKU0141,WH6,228,73,Apr
SKU0451,WH4,296,352,Mar
SKU0464,WH6,206,363,Jun
SKU0374,WH4,301,152,May
SKU0161,WH3,461,92,Feb
SKU0197,WH8,114,421,May
SKU0343,WH3,490,296,Mar
SKU0167,WH4,490,60,Jan
SKU0163,WH4,243,383,Apr
SKU0271,WH4,437,494,Jun
SKU0293,WH3,186,284,Mar
SKU0272,WH1,437,270,Jan
SKU0304,WH1,433,56,May
SKU0133,WH1,217,317,Mar
SKU0232,WH5,78,472,May
SKU0016,WH7,142,62,Apr
SKU0177,WH5,465,171,Apr
SKU0004,WH6,94,99,Jun
SKU0137,WH4,148,495,Jan
SKU0123,WH4,325,204,Jun
SKU0141,WH5,431,264,Jun
SKU0471,WH4,78,204,Jan
SKU0068,WH5,258,58,Apr
SKU0115,WH8,270,112,Feb
SKU0472,WH3,453,245,Apr
SKU0047,WH4,209,57,Mar
SKU0306,WH8,135,279,Jun
SKU0093,WH1,283,93,May
SKU0095,WH6,462,327,Apr
SKU0127,WH5,284,286,Jun
SKU0459,WH3,220,426,Mar
SKU0130,WH5,392,260,Mar
SKU0095,WH3,55,179,Mar
SKU0180,WH3,293,349,May
SKU0333,WH2,192,320,Mar
SKU0223,WH7,273,214,Jun
SKU0280,WH2,385,87,May
SKU0139,WH5,185,475,Jan
SKU0175,WH3,200,326,Jan
SKU0460,WH4,320,69,Jun
SKU0206,WH2,82,410,Apr
SKU0448,WH6,252,121,Jun
SKU0444,WH5,430,348,May
SKU0088,WH3,490,105,Jan
SKU0042,WH4,298,378,Mar
SKU0419,WH7,138,467,Jan
SKU0124,WH3,473,442,Feb
SKU0199,WH5,314,205,Mar
SKU0338,WH2,338,87,May
SKU0091,WH2,126,408,Feb
SKU0446,WH2,163,437,Jan
SKU0218,WH5,202,132,May
SKU0143,WH6,357,105,Jan
SKU0291,WH7,395,93,Mar
SKU0083,WH5,332,397,Jan
SKU0184,WH8,358,356,Jun
SKU0315,WH4,226,259,Jan
SKU0454,WH2,111,373,May
SKU0491,WH7,380,360,Apr
SKU0038,WH6,147,356,Mar
SKU0254,WH8,147,277,Jan
SKU0362,WH2,278,377,May
SKU0092,WH2,342,383,Mar
SKU0239,WH8,58,242,Apr
SKU0260,WH1,230,371,Feb
SKU0180,WH8,305,59,Mar
SKU0292,WH7,361,190,Jun
SKU0169,WH3,425,248,Feb
SKU0079,WH7,260,152,Feb
SKU0197,WH6,468,134,Jun
SKU0128,WH1,294,402,Jun
SKU0393,WH3,242,64,Mar
SKU0216,WH5,96,98,Jun
SKU0437,WH1,137,391,May
SKU0374,WH3,430,233,Apr
SKU0138,WH8,342,361,Feb
SKU0116,WH1,380,418,May
SKU0098,WH6,84,397,Jun
SKU0422,WH2,210,133,Jan
SKU0330,WH4,346,403,Apr
SKU0030,WH5,474,250,Jun
SKU0431,WH4,294,138,Mar
SKU0049,WH6,227,349,Mar
SKU0176,WH2,345,324,Jun
SKU0209,WH6,444,222,Jun
SKU0245,WH6,498,292,Jan
SKU0370,WH4,346,184,Apr
SKU0066,WH2,166,493,Feb
SKU0046,WH7,360,91,Jan
SKU0061,WH7,116,339,Apr
SKU0118,WH1,343,114,Mar
SKU0089,WH6,303,96,Feb
SKU0288,WH5,384,52,Jun
SKU0415,WH3,106,467,Mar
SKU0388,WH5,482,95,Jun
SKU0240,WH2,302,173,Feb
SKU0134,WH4,417,255,Apr
SKU0305,WH5,307,452,Jan
SKU0230,WH2,379,362,Feb
SKU0094,WH8,358,60,Apr
SKU0495,WH2,422,76,Jan
SKU0250,WH1,57,118,Jun
SKU0353,WH3,300,474,Mar
SKU0418,WH8,112,489,May
SKU0457,WH5,182,411,Apr
SKU0132,WH7,124,448,Jan
SKU0088,WH5,253,58,Apr
SKU0463,WH8,381,183,Apr
SKU0372,WH7,368,176,May
SKU0033,WH6,207,388,May
SKU0212,WH5,370,151,May
SKU0335,WH5,433,333,May
SKU0104,WH3,247,340,Jun
SKU0116,WH8,197,357,Jun
SKU0404,WH4,443,496,Mar
SKU0463,WH1,411,57,May
SKU0181,WH2,82,462,May
SKU0180,WH5,159,306,Jan
SKU0271,WH3,271,219,Feb
SKU0454,WH8,181,196,Jan
SKU0416,WH3,193,182,Mar
SKU0185,WH5,80,108,Mar
SKU0464,WH3,315,106,May
SKU0499,WH7,492,216,May
SKU0257,WH6,431,52,Apr
SKU0144,WH7,370,121,Apr
SKU0184,WH7,473,346,Jan
SKU0036,WH3,432,259,Jan
SKU0073,WH6,474,304,Mar
SKU0437,WH2,176,134,Apr
SKU0209,WH7,198,87,Jun
SKU0166,WH4,205,406,Apr
SKU0351,WH1,442,203,May
SKU0172,WH5,70,83,Feb
SKU0056,WH7,496,264,Mar
SKU0232,WH2,369,198,Apr
SKU0010,WH4,312,210,Apr
SKU0380,WH7,98,69,Feb
SKU0489,WH4,196,455,May
SKU0376,WH4,52,175,Jan
SKU0379,WH2,135,393,Jan
SKU0328,WH8,315,150,May
SKU0241,WH7,260,52,Jun
SKU0027,WH5,200,499,May
SKU0222,WH5,117,108,Feb
SKU0210,WH2,444,463,Feb
SKU0405,WH5,260,403,May
SKU0136,WH7,100,100,Mar
SKU0062,WH5,453,52,Mar
SKU0145,WH7,197,324,Mar
SKU0443,WH8,104,318,Mar
SKU0042,WH8,72,121,Feb
SKU0247,WH8,395,330,Apr
SKU0252,WH1,286,455,Jun
SKU0016,WH3,441,389,May
SKU0231,WH6,437,76,Apr
SKU0221,WH6,191,372,Jan
SKU0154,WH8,242,226,Jan
SKU0142,WH2,68,190,Mar
SKU0161,WH4,76,220,Jun
SKU0231,WH5,450,433,Mar
SKU0406,WH2,204,370,Feb
SKU0132,WH2,91,114,Apr
SKU0217,WH3,449,295,Jan
SKU0352,WH8,137,430,Mar
SKU0159,WH1,382,419,Apr
SKU0222,WH6,266,268,Jun
SKU0061,WH5,355,99,Jun
SKU0340,WH6,275,455,Feb
SKU0482,WH1,439,106,Mar
SKU0452,WH7,147,74,Mar
SKU0228,WH8,430,347,Apr
SKU0393,WH6,235,199,Mar
SKU0039,WH5,447,187,Jun
SKU0416,WH4,381,197,Mar
SKU0283,WH5,214,170,Apr
SKU0389,WH5,381,60,Feb
SKU0247,WH3,199,382,Feb
SKU0352,WH5,455,339,May
SKU0028,WH7,223,490,Jan
SKU0428,WH3,491,485,Apr
SKU0340,WH6,430,332,Mar
SKU0054,WH3,365,359,Mar
SKU0046,WH2,312,267,Mar
SKU0433,WH2,241,194,Jan
SKU0484,WH6,272,158,Jan
SKU0342,WH1,165,482,Feb
SKU0036,WH7,273,70,Apr
SKU0166,WH8,420,65,Jun
SKU0346,WH2,452,357,Feb
SKU0197,WH1,460,202,Jan
SKU0468,WH8,142,202,Apr
SKU0068,WH5,213,207,Apr
SKU0148,WH5,66,173,Feb
SKU0409,WH2,190,488,May
SKU0112,WH5,79,91,May
SKU0287,WH3,379,481,Jan
SKU0169,WH1,352,87,May
SKU0075,WH6,434,479,May
SKU0076,WH4,472,193,Mar
SKU0202,WH3,110,269,May
SKU0177,WH6,391,396,Mar
SKU0315,WH8,247,372,May
SKU0440,WH1,335,401,Apr
SKU0148,WH5,436,448,May
SKU0123,WH8,70,432,Mar
SKU0292,WH1,487,429,Jun
SKU0369,WH7,427,182,May
SKU0409,WH8,268,352,May
SKU0379,WH4,462,283,Jun
SKU0348,WH7,479,419,Jan
SKU0225,WH4,352,388,Apr
SKU0125,WH5,252,69,Jan
SKU0287,WH6,190,68,Jan
SKU0137,WH4,151,480,May
SKU0380,WH6,133,125,Mar
SKU0245,WH6,115,72,Jun
SKU0273,WH8,269,104,Apr
SKU0012,WH1,195,360,Jun
SKU0227,WH4,272,106,Apr
SKU0415,WH2,197,241,Jun
SKU0275,WH1,478,400,Jan
SKU0449,WH8,319,124,May
SKU0047,WH2,294,277,May
SKU0204,WH2,419,263,Mar
SKU0156,WH6,249,218,Mar
SKU0172,WH4,395,480,Apr
SKU0236,WH4,430,63,Apr
SKU0123,WH2,349,320,Mar
SKU0269,WH3,326,439,Mar
SKU0387,WH2,328,255,May
SKU0335,WH4,423,166,Feb
SKU0070,WH1,260,296,Jun
SKU0091,WH7,459,238,Mar
SKU0313,WH1,52,81,May
SKU0123,WH8,115,94,Jun
SKU0259,WH8,162,84,Jun
SKU0328,WH2,248,311,Apr
SKU0370,WH4,62,439,Mar
SKU0201,WH7,172,279,Apr
SKU0357,WH8,319,86,Jan
SKU0057,WH8,251,161,Jun
SKU0407,WH7,142,311,Jan
SKU0121,WH2,133,450,Feb
SKU0434,WH5,439,306,Apr
SKU0338,WH4,70,384,Jun
SKU0211,WH3,251,175,May
SKU0400,WH3,120,84,Jan
SKU0296,WH7,436,361,May
SKU0124,WH7,363,196,May
SKU0124,WH3,445,468,Jan
SKU0375,WH1,352,490,May
SKU0071,WH6,260,459,May
SKU0331,WH3,412,230,Jun
SKU0128,WH3,268,356,Apr
SKU0488,WH5,66,470,May
SKU0197,WH4,325,488,Mar
SKU0384,WH1,105,169,Mar
SKU0495,WH3,188,235,May
SKU0141,WH2,136,237,Mar
SKU0416,WH6,140,164,Jan
SKU0362,WH1,152,370,Apr
SKU0083,WH2,335,486,May
SKU0321,WH2,398,493,Apr
SKU0121,WH2,86,75,Feb
SKU0456,WH8,243,89,Feb
SKU0017,WH7,434,339,Jan
SKU0069,WH3,176,471,Feb
SKU0314,WH2,324,90,Feb
SKU0396,WH3,359,170,Feb
SKU0233,WH5,74,446,Apr
SKU0040,WH2,246,56,Apr
SKU0411,WH7,459,434,Feb
SKU0325,WH8,344,146,Apr
SKU0338,WH8,458,403,Feb
SKU0307,WH2,404,384,May
SKU0046,WH3,56,426,Apr
SKU0390,WH3,499,435,Feb
SKU0361,WH6,487,376,Feb
SKU0059,WH4,156,356,Apr
SKU0125,WH7,193,223,Apr
SKU0327,WH4,338,459,May
SKU0103,WH2,96,472,Mar
SKU0174,WH7,237,458,Feb
SKU0338,WH3,261,315,Feb
SKU0354,WH2,196,123,Jan
SKU0279,WH7,234,123,Jan
SKU0411,WH7,211,87,Jan
SKU0259,WH7,246,269,Apr
SKU0393,WH4,264,143,Mar
SKU0115,WH7,480,340,Feb
SKU0228,WH8,297,357,Jan
SKU0098,WH8,334,460,Feb
SKU0474,WH7,181,121,Mar
SKU0108,WH7,294,485,Apr
SKU0418,WH5,327,378,Jun
SKU0424,WH6,256,296,Feb
SKU0271,WH5,77,123,Feb
SKU0318,WH1,91,109,Apr
SKU0161,WH8,480,70,Apr
SKU0452,WH2,227,138,Jun
SKU0414,WH7,399,353,Apr
SKU0016,WH6,285,272,May
SKU0326,WH3,254,499,Mar
SKU0027,WH5,318,233,Feb
SKU0140,WH7,61,491,Feb
SKU0222,WH2,201,68,May
SKU0224,WH3,204,79,May
SKU0169,WH5,484,130,Jan
SKU0127,WH4,297,462,May
SKU0111,WH4,415,437,Mar
SKU0024,WH2,347,378,Jan
SKU0412,WH5,459,68,May
SKU0226,WH1,350,179,Jun
SKU0362,WH6,486,195,Feb
SKU0042,WH1,232,243,Feb
SKU0378,WH1,63,332,May
SKU0086,WH7,151,276,Mar
SKU0081,WH6,341,101,Jan
SKU0398,WH4,227,64,Mar
SKU0243,WH4,123,357,Jan
SKU0239,WH8,369,369,Jan
SKU0079,WH8,276,352,Jun
SKU0064,WH5,191,127,May
SKU0463,WH4,130,434,Feb
SKU0328,WH1,51,310,Mar
SKU0314,WH1,130,212,Mar
SKU0078,WH3,297,234,Mar
SKU0065,WH2,466,159,May
SKU0449,WH6,353,401,Apr
SKU0273,WH7,496,381,Feb
SKU0165,WH3,178,430,Jan
SKU0333,WH4,411,471,Jun
SKU0183,WH4,342,270,Jan
SKU0206,WH3,225,325,May
SKU0244,WH1,435,419,Apr
SKU0144,WH7,447,154,Feb
SKU0303,WH5,272,353,Jun
SKU0489,WH6,295,244,Apr
SKU0214,WH6,205,350,Feb
SKU0309,WH1,474,284,Jun
SKU0213,WH1,67,355,Mar
SKU0486,WH8,385,394,May
SKU0316,WH7,363,283,Apr
SKU0434,WH4,444,380,Jan
SKU0227,WH3,212,143,Mar
SKU0467,WH2,388,273,Feb
SKU0270,WH3,225,462,May
SKU0217,WH1,465,251,Mar
SKU0244,WH2,121,129,Jun
SKU0270,WH7,236,107,Mar
SKU0111,WH6,301,141,Mar
SKU0310,WH8,221,252,Mar
SKU0109,WH8,356,301,May
SKU0449,WH8,148,91,Jun
SKU0439,WH5,317,109,May
SKU0166,WH5,299,296,Apr
SKU0247,WH7,158,253,May
SKU0378,WH3,195,113,May
SKU0243,WH2,145,92,Jun
SKU0273,WH1,215,218,Jun
SKU0053,WH8,294,425,Jan
SKU0342,WH4,375,367,Jun
SKU0090,WH3,190,215,Jun
SKU0255,WH7,440,130,Jan
SKU0452,WH4,277,281,Feb
SKU0296,WH2,424,396,Apr
SKU0427,WH3,300,420,Apr
SKU0115,WH5,381,247,Feb
SKU0360,WH2,340,483,Jan
SKU0303,WH2,51,417,May
SKU0437,WH2,390,425,Jun
SKU0393,WH4,268,469,Apr
SKU0381,WH3,204,206,Jun
SKU0191,WH2,316,441,Feb
SKU0283,WH5,259,344,May
SKU0153,WH2,312,377,Apr
SKU0485,WH4,179,131,May
SKU0443,WH1,107,193,Jan
SKU0011,WH6,395,136,Feb
SKU0196,WH7,249,473,Jan
SKU0269,WH4,393,191,Jan
SKU0288,WH8,490,324,Jan
SKU0148,WH8,50,248,Mar
SKU0017,WH7,101,408,Jan
SKU0023,WH4,161,468,Jun
SKU0388,WH8,480,254,May
SKU0086,WH4,401,150,Jun
SKU0487,WH6,276,353,Jan
SKU0480,WH8,339,234,Jun
SKU0086,WH1,278,395,Mar
SKU0011,WH7,416,119,Feb
SKU0194,WH2,184,220,Jun
SKU0345,WH2,328,486,Apr
SKU0400,WH1,258,477,Feb
SKU0094,WH8,489,245,Jun
SKU0165,WH3,119,444,Feb
SKU0332,WH3,431,73,Feb
SKU0429,WH2,240,143,Jan
SKU0160,WH4,251,442,Apr
SKU0322,WH5,201,367,May
SKU0161,WH1,220,119,Feb
SKU0043,WH8,222,166,Jun
SKU0180,WH3,461,405,Jan
SKU0324,WH6,400,177,Jun
SKU0249,WH3,405,378,Mar
SKU0114,WH4,336,465,Feb
SKU0369,WH4,487,272,Jun
SKU0328,WH5,210,347,Mar
SKU0476,WH4,497,233,Jan
SKU0459,WH2,209,84,Mar
SKU0340,WH5,252,454,Feb
SKU0098,WH2,181,280,Feb
SKU0184,WH7,375,499,Mar
SKU0269,WH8,209,137,Apr
SKU0319,WH4,267,167,Feb
SKU0301,WH5,337,141,Jun
SKU0400,WH5,216,194,Apr
SKU0440,WH8,334,397,Apr
SKU0449,WH3,161,491,Feb
SKU0116,WH4,209,187,Apr
SKU0458,WH3,282,382,Mar
SKU0013,WH5,319,363,Jan
SKU0181,WH1,73,145,May
SKU0225,WH8,466,274,Feb
SKU0111,WH3,272,485,Feb
SKU0374,WH5,458,136,Feb
SKU0017,WH6,423,75,Apr
SKU0050,WH1,73,214,Feb
SKU0256,WH5,343,471,Mar
SKU0040,WH6,119,191,Jan
SKU0427,WH1,103,254,May
SKU0308,WH1,342,230,Apr
SKU0400,WH4,238,289,Jan
SKU0043,WH8,418,333,Feb
SKU0377,WH1,487,151,Feb
SKU0080,WH5,162,266,Feb
SKU0179,WH2,89,452,Feb
SKU0321,WH2,63,488,May
SKU0341,WH7,216,382,Jan
SKU0444,WH1,197,225,Apr
SKU0024,WH2,143,473,May
SKU0310,WH2,312,412,Apr
SKU0430,WH2,264,96,Jan
SKU0276,WH3,360,106,Feb
SKU0490,WH2,101,488,Jan
SKU0433,WH2,113,468,Feb
SKU0014,WH4,239,299,Mar
SKU0129,WH7,282,116,May
SKU0086,WH5,70,93,May
SKU0245,WH5,499,125,Mar
SKU0181,WH1,332,117,Mar
SKU0327,WH6,497,118,Apr
SKU0383,WH7,335,339,Apr
SKU0229,WH7,134,129,Apr
SKU0416,WH8,215,455,Apr
SKU0388,WH6,392,419,Feb
SKU0400,WH1,148,201,Jan
SKU0500,WH3,70,476,Jun
SKU0209,WH2,343,312,Jun
SKU0158,WH6,419,188,May
SKU0354,WH2,122,303,Feb
SKU0104,WH4,261,421,Jun
SKU0199,WH4,466,469,Apr
SKU0020,WH3,233,293,Jan
SKU0188,WH3,286,209,Jan
SKU0289,WH1,385,53,Mar
SKU0356,WH4,145,261,Feb
SKU0076,WH1,132,458,Feb
SKU0271,WH4,131,293,May
SKU0057,WH2,333,471,Apr
SKU0015,WH3,300,327,Apr
SKU0148,WH6,491,404,Apr
SKU0209,WH2,363,301,Jun
SKU0298,WH4,146,95,Feb
SKU0110,WH3,355,396,Jun
SKU0477,WH8,69,178,Jun
SKU0216,WH1,433,410,Jun
SKU0425,WH3,214,205,Feb
SKU0015,WH2,129,454,Jun
SKU0396,WH3,124,123,Jan
SKU0275,WH1,339,215,Jun
SKU0141,WH6,319,78,Apr
SKU0370,WH7,263,325,Apr
SKU0161,WH7,325,407,Mar
SKU0116,WH8,88,376,Jan
SKU0350,WH3,318,466,Apr
SKU0135,WH1,246,254,May
SKU0383,WH7,270,194,Apr
SKU0044,WH3,158,193,Feb
SKU0274,WH4,237,440,Apr
SKU0445,WH3,199,473,May
SKU0234,WH8,91,410,Mar
SKU0238,WH1,247,110,Feb
SKU0304,WH6,460,238,Jan
SKU0409,WH6,172,357,Apr
SKU0317,WH7,65,61,Mar
SKU0332,WH5,494,355,Mar
SKU0162,WH7,392,447,May
SKU0085,WH1,480,428,Feb
SKU0455,WH1,236,221,Jun
SKU0030,WH4,70,204,Jun
SKU0080,WH4,433,433,Feb
SKU0187,WH3,341,295,Apr
SKU0057,WH8,175,226,Feb
SKU0447,WH4,155,359,Feb
SKU0175,WH7,314,123,Apr
SKU0423,WH6,317,375,Mar
SKU0470,WH8,476,261,Mar
SKU0374,WH4,327,416,Jan
SKU0400,WH4,264,98,Apr
SKU0197,WH6,345,329,Apr
SKU0457,WH7,354,292,Jan
SKU0092,WH1,288,349,Jan
SKU0379,WH1,465,356,Jun
SKU0362,WH6,153,357,Feb
SKU0095,WH6,381,120,Jun
SKU0020,WH6,108,427,Apr
SKU0402,WH5,60,57,May
SKU0337,WH2,367,349,Apr
SKU0286,WH8,137,291,Jun
SKU0164,WH8,139,330,Feb
SKU0078,WH2,329,429,Apr
SKU0241,WH3,111,344,Feb
SKU0025,WH6,356,171,Apr
SKU0301,WH3,381,338,Feb
SKU0168,WH5,316,378,Jan
SKU0388,WH6,472,476,Feb
SKU0066,WH4,144,218,Mar
SKU0350,WH1,171,400,Apr
SKU0490,WH7,183,278,Apr
SKU0282,WH1,475,162,Apr
SKU0459,WH3,492,360,Jan
SKU0070,WH8,151,251,Jun
SKU0294,WH1,165,441,Mar
SKU0083,WH4,319,496,Jun
SKU0083,WH8,479,104,Jun
SKU0459,WH5,171,275,Jan
SKU0055,WH8,195,229,May
SKU0362,WH8,275,120,May
SKU0057,WH1,248,467,Feb
SKU0446,WH8,116,143,May
SKU0326,WH3,91,203,Feb
SKU0093,WH6,308,364,Jan
SKU0142,WH6,172,81,Jan
SKU0202,WH2,60,80,Feb
SKU0485,WH6,135,412,May
SKU0346,WH5,444,329,Feb
SKU0425,WH4,493,327,Apr
SKU0242,WH2,382,386,Mar
SKU0351,WH1,319,272,Jan
SKU0429,WH3,357,284,Jan
SKU0434,WH1,356,438,Feb
SKU0059,WH3,375,281,Jan
SKU0308,WH8,319,404,Feb
SKU0292,WH8,386,130,May
SKU0202,WH3,220,353,Feb
SKU0282,WH7,255,441,Jan
SKU0010,WH1,114,484,Feb
SKU0468,WH6,297,88,Feb
SKU0469,WH7,449,466,Apr
SKU0059,WH2,249,208,May
SKU0064,WH5,282,450,Apr
SKU0371,WH6,324,191,Mar
SKU0338,WH3,118,202,Feb
SKU0012,WH4,279,305,Jun
SKU0205,WH7,260,251,Mar
SKU0132,WH4,60,225,Feb
SKU0475,WH1,153,66,Jun
SKU0235,WH2,160,141,Feb
SKU0393,WH1,292,131,Mar
SKU0156,WH2,122,129,Jan
SKU0308,WH5,358,273,Jan
SKU0459,WH2,94,274,Jun
SKU0298,WH8,175,120,Jan
SKU0458,WH4,283,402,Feb
SKU0497,WH4,344,354,Jan
SKU0027,WH4,444,51,Feb
SKU0156,WH7,444,290,Jan
SKU0127,WH8,413,76,Apr
SKU0010,WH4,488,427,Jan
SKU0028,WH4,380,73,Apr
SKU0104,WH4,111,262,Feb
SKU0259,WH5,182,405,May
SKU0015,WH4,400,255,Feb
SKU0431,WH7,329,180,May
SKU0225,WH5,368,146,May
SKU0337,WH3,402,181,Apr
SKU0245,WH6,295,334,May
SKU0283,WH7,140,433,Jan
SKU0100,WH5,116,117,Mar
SKU0087,WH4,380,430,Feb
SKU0311,WH2,99,452,Feb
SKU0489,WH5,211,284,Apr
SKU0284,WH3,111,87,Mar
SKU0283,WH3,229,105,May
SKU0083,WH3,186,283,Jun
SKU0074,WH3,129,466,Jan
SKU0078,WH2,380,417,Jan
SKU0106,WH5,434,495,Jun
SKU0363,WH3,306,267,Apr
SKU0402,WH4,123,288,Feb
SKU0001,WH1,352,493,Jan
SKU0322,WH8,392,403,Jan
SKU0146,WH3,249,158,May
SKU0102,WH2,443,161,Mar
SKU0049,WH1,260,495,Mar
SKU0216,WH6,290,275,Jun
SKU0341,WH4,242,443,Mar
SKU0462,WH4,72,494,Mar
SKU0097,WH6,426,347,May
SKU0300,WH5,342,242,Mar
SKU0439,WH4,114,167,Jan
SKU0232,WH6,189,67,Mar
SKU0012,WH8,236,121,Jan
SKU0465,WH8,275,163,May
SKU0162,WH2,181,217,Apr
SKU0025,WH2,414,163,Apr
SKU0186,WH3,442,377,Feb
SKU0370,WH5,104,76,Apr
SKU0060,WH5,58,483,Jun
SKU0301,WH4,480,180,Feb
SKU0095,WH8,416,181,Jan
SKU0132,WH2,436,97,Mar
SKU0312,WH7,339,271,Jan
SKU0153,WH4,481,400,Jan
SKU0056,WH4,112,436,Jan
SKU0420,WH7,475,136,Apr
SKU0162,WH3,236,379,Jan
SKU0098,WH4,345,392,Jun
SKU0059,WH2,217,251,Apr
SKU0481,WH8,362,250,Jan
SKU0165,WH1,224,406,May
SKU0166,WH7,70,90,Apr
SKU0254,WH6,455,218,Feb
SKU0301,WH7,80,465,Mar
SKU0406,WH3,429,57,Mar
SKU0076,WH5,287,467,Feb
SKU0195,WH7,86,343,Apr
SKU0446,WH3,161,67,Apr
SKU0004,WH5,339,50,May
SKU0048,WH4,361,362,Jun
SKU0136,WH8,203,261,Jun
SKU0416,WH6,138,193,Jan
SKU0364,WH3,397,51,May
SKU0325,WH8,321,363,Jun
SKU0151,WH4,252,330,Mar
SKU0442,WH3,393,411,Feb
SKU0039,WH7,425,389,May
SKU0078,WH6,443,170,Mar
SKU0275,WH4,487,149,Feb
SKU0471,WH5,288,448,May
SKU0315,WH8,224,445,Jan
SKU0057,WH5,367,193,Apr
SKU0485,WH6,382,300,Jun
SKU0149,WH1,127,372,Apr
SKU0139,WH3,252,233,Jan
SKU0164,WH3,352,109,Feb
SKU0297,WH6,193,438,Mar
SKU0424,WH4,365,283,Jun
SKU0011,WH3,387,422,Mar
SKU0089,WH2,95,450,May
SKU0440,WH2,487,235,May
SKU0464,WH5,332,134,Feb
SKU0472,WH5,187,182,Jun
SKU0024,WH2,209,304,Mar
SKU0331,WH3,332,66,Apr
SKU0300,WH5,443,253,Jun
SKU0238,WH6,260,128,Jan
SKU0088,WH2,408,138,Jan
SKU0017,WH5,199,213,Mar
SKU0490,WH7,183,371,Mar
SKU0060,WH5,210,137,Jun
SKU0037,WH4,58,354,Jan
SKU0122,WH1,328,324,Jun
SKU0488,WH4,145,208,May
SKU0361,WH8,142,212,May
SKU0146,WH8,124,470,Apr
SKU0217,WH4,98,63,Mar
SKU0308,WH1,75,497,Apr
SKU0008,WH2,476,388,Apr
SKU0192,WH7,355,434,May
SKU0295,WH1,419,457,Feb
SKU0336,WH2,150,214,Mar
SKU0029,WH2,238,201,Mar
SKU0329,WH1,106,258,Mar
SKU0391,WH3,440,362,Apr
SKU0078,WH1,112,130,Feb
SKU0409,WH2,107,158,Feb
SKU0421,WH2,392,221,Jan
SKU0211,WH2,339,361,Feb
SKU0322,WH6,114,385,May
SKU0275,WH8,241,50,Jun
SKU0194,WH2,441,424,Feb
SKU0216,WH2,357,182,Jan
SKU0458,WH8,203,222,May
SKU0434,WH4,380,436,Jun
SKU0056,WH1,401,236,Jan
SKU0141,WH7,288,489,Mar
SKU0357,WH1,419,77,Feb
SKU0257,WH1,254,264,Apr
SKU0143,WH8,167,499,Mar
SKU0437,WH8,164,334,Jan
SKU0391,WH4,112,429,Feb
SKU0488,WH4,416,317,Mar
SKU0080,WH5,62,442,Jan
SKU0007,WH3,480,215,May
SKU0338,WH3,355,145,May
SKU0220,WH2,120,123,Mar
SKU0191,WH1,101,433,Apr
SKU0398,WH5,214,99,Mar
SKU0465,WH4,167,257,Apr
SKU0279,WH8,392,158,Mar
SKU0057,WH4,184,387,Jun
SKU0279,WH6,277,191,Apr
SKU0280,WH2,269,194,Jun
SKU0341,WH8,245,269,May
SKU0342,WH7,302,478,Jun
SKU0218,WH8,106,389,Jan
SKU0036,WH7,113,301,Jan
SKU0439,WH7,135,134,Jan
SKU0413,WH8,131,367,May
SKU0199,WH5,492,282,Mar
SKU0056,WH1,157,314,Jun
SKU0081,WH2,427,415,Mar
SKU0118,WH3,489,147,Mar
SKU0139,WH2,427,312,Jun
SKU0357,WH5,186,182,Jan
SKU0311,WH4,282,127,Apr
SKU0025,WH1,377,432,May
SKU0041,WH2,302,334,Jan
SKU0304,WH7,51,181,Apr
SKU0051,WH6,270,445,May
SKU0008,WH3,195,160,Jan
SKU0388,WH7,386,167,Feb
SKU0421,WH2,261,187,Feb
SKU0499,WH5,447,355,Feb
SKU0457,WH5,64,309,May
SKU0357,WH6,290,434,Feb
SKU0206,WH1,436,353,Mar
SKU0304,WH6,454,471,Feb
SKU0014,WH4,411,122,May
SKU0151,WH2,109,198,Jun
SKU0033,WH6,478,458,Feb
SKU0115,WH4,298,409,Feb
SKU0210,WH7,203,190,Jan
SKU0122,WH3,296,489,Apr
SKU0426,WH3,296,135,Apr
SKU0458,WH1,285,156,Mar
SKU0333,WH5,351,201,Apr
SKU0110,WH3,193,341,Jun
SKU0024,WH7,76,483,Apr
SKU0320,WH3,322,140,Apr
SKU0376,WH7,194,341,Jun
SKU0242,WH4,274,283,Feb
SKU0238,WH1,250,60,Apr
SKU0408,WH3,373,206,Feb
SKU0432,WH1,311,315,Feb
SKU0176,WH3,389,471,Jun
SKU0246,WH3,249,130,Apr
SKU0234,WH8,115,414,Feb
SKU0373,WH3,166,213,Apr
SKU0323,WH2,362,381,Jan
SKU0340,WH2,166,325,Jan
SKU0131,WH5,188,83,Apr
SKU0229,WH7,339,365,Mar
SKU0123,WH8,415,469,Feb
SKU0394,WH1,309,267,Apr
SKU0474,WH7,352,93,Feb
SKU0101,WH6,67,108,Apr
SKU0060,WH5,131,96,Mar
SKU0464,WH4,364,453,Feb
SKU0234,WH4,96,471,May
SKU0132,WH7,341,316,Jan
SKU0178,WH5,367,373,May
SKU0101,WH2,488,159,Apr
SKU0320,WH4,388,244,Mar
SKU0105,WH8,288,345,Mar
SKU0417,WH5,465,211,Apr
SKU0036,WH5,107,457,Feb
SKU0245,WH1,345,417,Mar
SKU0057,WH5,102,384,Jan
SKU0290,WH4,54,174,Jun
SKU0458,WH2,412,490,May
SKU0087,WH6,279,499,Jan
SKU0429,WH8,478,207,Jun
SKU0446,WH6,288,418,Mar
SKU0017,WH3,234,301,Feb
SKU0456,WH6,253,387,May
SKU0479,WH1,243,230,Mar
SKU0354,WH8,322,88,Mar
SKU0065,WH1,142,472,Apr
SKU0084,WH5,327,122,Jan
SKU0100,WH3,58,486,May
SKU0453,WH4,449,378,Jun
SKU0155,WH3,406,361,Feb
SKU0238,WH4,58,329,Apr
SKU0270,WH6,67,97,Feb
SKU0226,WH7,374,102,Jan
SKU0442,WH3,253,470,Jun
SKU0346,WH1,317,291,Jan
SKU0095,WH2,90,389,May
SKU0364,WH5,142,93,May
SKU0258,WH4,127,470,Feb
SKU0109,WH8,369,357,May
SKU0249,WH6,421,60,May
SKU0156,WH5,244,103,Jun
SKU0022,WH7,376,398,Apr
SKU0310,WH4,172,142,Jun
SKU0264,WH8,495,104,Jan
SKU0243,WH1,102,380,Jun
SKU0304,WH3,373,220,Mar
SKU0187,WH7,371,252,Feb
SKU0086,WH4,477,153,Feb
SKU0459,WH6,221,97,May
SKU0375,WH3,346,481,Apr
SKU0257,WH6,72,355,Mar
SKU0113,WH7,402,138,Apr
SKU0454,WH7,470,419,Feb
SKU0470,WH6,199,330,May
SKU0448,WH8,93,109,Jan
SKU0184,WH1,294,388,Apr
SKU0450,WH4,204,324,Mar
SKU0121,WH1,110,413,Feb
SKU0410,WH6,461,266,Apr
SKU0391,WH4,352,376,Mar
SKU0125,WH8,249,193,Feb
SKU0481,WH6,216,460,Mar
SKU0080,WH5,452,82,Apr
SKU0141,WH1,344,155,May
SKU0288,WH6,170,318,Apr
SKU0387,WH8,307,256,May
SKU0149,WH7,426,195,Apr
SKU0415,WH5,208,310,Mar
SKU0216,WH8,361,484,Mar
SKU0123,WH6,475,376,Apr
SKU0071,WH2,464,227,Feb
SKU0114,WH8,392,339,May
SKU0423,WH6,121,191,Jun
SKU0375,WH2,229,337,Jan
SKU0108,WH1,282,325,Jun
SKU0328,WH5,315,135,Jun
SKU0454,WH6,251,337,Feb
SKU0270,WH5,444,345,Mar
SKU0340,WH4,250,286,Mar
SKU0316,WH6,193,217,May
SKU0066,WH1,91,326,Jan
SKU0206,WH2,99,468,Jan
SKU0227,WH3,273,317,Jun
SKU0217,WH7,388,85,May
SKU0111,WH5,109,318,Jan
SKU0146,WH4,461,157,Apr
SKU0104,WH2,111,482,Mar
SKU0136,WH3,100,100,Jun
SKU0198,WH6,334,417,Jan
SKU0284,WH2,61,75,Apr
SKU0329,WH1,323,296,Jun
SKU0025,WH6,145,445,Jun
SKU0455,WH8,264,401,Apr
SKU0419,WH6,296,125,Mar
SKU0272,WH5,135,480,May
SKU0084,WH7,182,348,Jan
SKU0071,WH1,249,237,Apr
SKU0274,WH2,341,419,Apr
SKU0147,WH2,100,211,Jun
SKU0258,WH2,258,128,Feb
SKU0349,WH2,248,464,Jun
SKU0220,WH2,477,456,Feb
SKU0335,WH3,285,293,Apr
SKU0183,WH5,471,77,May
SKU0094,WH2,79,91,Jan
SKU0196,WH8,288,240,Jun
SKU0264,WH7,206,493,Mar
SKU0211,WH5,308,359,Jan
SKU0414,WH5,84,204,May
SKU0410,WH8,396,165,Feb
SKU0329,WH8,121,285,Apr
SKU0107,WH1,209,353,May
SKU0124,WH8,103,245,Feb
SKU0318,WH4,377,220,Feb
SKU0476,WH3,345,179,Jan
SKU0199,WH8,433,251,May
SKU0417,WH3,122,453,Jan
SKU0242,WH4,330,231,Jan
SKU0260,WH5,384,436,Apr
SKU0392,WH1,493,69,May
SKU0371,WH4,253,409,May
SKU0162,WH3,244,456,Jun
SKU0074,WH1,332,236,Jun
SKU0036,WH2,200,244,Feb
SKU0413,WH5,445,179,Apr
SKU0235,WH1,243,338,Mar
SKU0068,WH7,461,226,Mar
SKU0291,WH1,65,414,May
SKU0284,WH6,246,289,May
SKU0022,WH3,289,198,Apr
SKU0253,WH5,341,367,Feb
SKU0058,WH7,116,330,Jun
SKU0373,WH3,444,491,Mar
SKU0051,WH8,305,193,Jan
SKU0282,WH8,398,206,Jan
SKU0134,WH1,446,431,Jan
SKU0024,WH3,186,328,Apr
SKU0068,WH2,496,392,Jun
SKU0302,WH5,464,174,Apr
SKU0208,WH7,200,370,May
SKU0455,WH8,290,64,Feb
SKU0391,WH4,371,110,Jun
SKU0037,WH1,263,83,Jan
SKU0324,WH2,68,167,Jan
SKU0124,WH3,154,338,Feb
SKU0407,WH2,270,267,May
SKU0160,WH2,217,70,May
SKU0054,WH8,225,193,Jun
SKU0183,WH8,310,195,May
SKU0085,WH2,247,60,Feb
SKU0395,WH8,492,318,Jun
SKU0336,WH6,456,317,Jun
SKU0040,WH1,288,273,Apr
SKU0405,WH2,159,80,Feb
SKU0247,WH2,93,64,Jan
SKU0197,WH7,76,225,May
SKU0303,WH8,192,428,May
SKU0459,WH4,467,356,Jan
SKU0492,WH6,102,192,Mar
SKU0379,WH8,396,409,Feb
SKU0383,WH7,439,55,Jan
SKU0374,WH3,76,66,Mar
SKU0472,WH3,453,333,Mar
SKU0035,WH4,134,132,Jun
SKU0431,WH2,200,278,May
SKU0304,WH5,51,493,Jun
SKU0282,WH1,180,265,Feb
SKU0285,WH1,294,259,Jun
SKU0443,WH6,201,271,Mar
SKU0015,WH1,86,51,Apr
SKU0455,WH5,74,193,May
SKU0337,WH4,181,322,Feb
SKU0357,WH3,181,291,Jan
SKU0136,WH7,102,428,May
SKU0041,WH4,480,286,Jun
SKU0385,WH2,376,175,May
SKU0416,WH1,355,300,Feb
SKU0003,WH5,194,441,Apr
SKU0161,WH1,307,194,Mar
SKU0336,WH2,260,392,Feb
SKU0028,WH3,102,384,Feb
SKU0189,WH3,174,167,Jan
SKU0441,WH4,449,163,Jan
SKU0235,WH4,155,133,May
SKU0314,WH4,468,150,Feb
SKU0024,WH7,328,120,Mar
SKU0379,WH4,137,309,May
SKU0100,WH7,370,190,Mar
SKU0354,WH7,263,393,May
SKU0484,WH8,66,429,Jun
SKU0330,WH2,477,465,Jun
SKU0306,WH4,62,115,Jan
SKU0410,WH7,260,198,Feb
SKU0177,WH1,253,276,Mar
SKU0461,WH1,324,185,Mar
SKU0200,WH2,286,201,Jan
SKU0224,WH7,461,215,Jan
SKU0256,WH2,371,151,Jan
SKU0268,WH8,139,427,Apr
SKU0426,WH7,95,250,Jun
SKU0385,WH1,283,294,Jun
SKU0427,WH4,485,413,Jun
SKU0047,WH2,119,193,Feb
SKU0189,WH1,462,411,Mar
SKU0155,WH3,344,245,Feb
SKU0338,WH7,422,420,Mar
SKU0458,WH6,371,221,Feb
SKU0320,WH3,178,270,May
SKU0209,WH6,126,224,Jan
SKU0212,WH5,201,363,Jun
SKU0434,WH7,293,490,May
SKU0178,WH5,294,266,May
SKU0076,WH4,261,377,Feb
SKU0465,WH8,239,144,May
SKU0469,WH2,171,241,Feb
SKU0170,WH7,231,141,Mar
SKU0171,WH5,85,53,May
SKU0117,WH1,468,239,Apr
SKU0221,WH2,85,239,Jan
SKU0109,WH4,268,219,May
SKU0177,WH1,94,421,May
SKU0336,WH3,264,373,Mar
SKU0387,WH6,288,369,Feb
SKU0447,WH2,482,287,Feb
SKU0268,WH1,192,423,Feb
SKU0009,WH7,420,277,Feb
SKU0177,WH3,192,446,Jan
SKU0378,WH1,122,218,Mar
SKU0117,WH2,382,206,Jan
SKU0437,WH2,368,407,Jun
SKU0046,WH8,375,107,Feb
SKU0063,WH8,123,476,Feb
SKU0268,WH6,370,402,Feb
SKU0484,WH3,417,417,Mar
SKU0448,WH3,60,371,Jan
SKU0342,WH4,323,421,Mar
SKU0424,WH2,83,244,Feb
SKU0105,WH4,431,281,Jan
SKU0023,WH2,298,132,Jan
SKU0337,WH6,271,156,Feb
SKU0400,WH5,307,303,Mar
SKU0339,WH1,437,126,Jan
SKU0334,WH2,297,97,Feb
SKU0226,WH8,364,191,Jan
SKU0220,WH4,226,211,Jun
SKU0153,WH7,384,366,Jun
SKU0233,WH4,416,246,Feb
SKU0170,WH4,341,490,Mar
SKU0116,WH3,217,222,Apr
SKU0325,WH1,323,53,Jun
SKU0319,WH6,245,468,Apr
SKU0386,WH4,98,225,Feb
SKU0374,WH3,317,283,Mar
SKU0308,WH5,70,494,Mar
SKU0154,WH7,300,155,Apr
SKU0478,WH4,279,249,Jan
SKU0032,WH5,134,186,Mar
SKU0432,WH2,61,423,Apr
SKU0391,WH6,226,356,Jun
SKU0368,WH8,293,176,Jan
SKU0482,WH3,208,170,Mar
SKU0381,WH2,342,470,May
SKU0148,WH2,237,75,Jun
SKU0131,WH5,193,490,Jan
SKU0359,WH6,380,184,Apr
SKU0459,WH3,148,84,Mar
SKU0249,WH4,448,454,Jun
SKU0325,WH2,453,126,Apr
SKU0085,WH7,389,340,Apr
SKU0466,WH2,204,82,May
SKU0132,WH8,449,195,Jun
SKU0139,WH2,404,257,May
SKU0021,WH8,281,412,Mar
SKU0171,WH3,280,128,Jan
SKU0010,WH7,109,106,Apr
SKU0363,WH5,272,441,May
SKU0083,WH6,192,205,Apr
SKU0295,WH8,151,386,Jun
SKU0153,WH1,423,333,Apr
SKU0113,WH3,72,100,May
SKU0093,WH3,339,65,Jun
SKU0064,WH4,92,260,Feb
SKU0135,WH7,315,285,May
SKU0382,WH4,411,239,May
SKU0162,WH3,430,478,Apr
SKU0312,WH8,284,111,Jun
SKU0068,WH8,180,68,Jan
SKU0437,WH8,65,114,Apr
SKU0490,WH7,385,106,Apr
SKU0148,WH2,281,477,May
SKU0376,WH5,160,277,Apr
SKU0117,WH1,420,161,Apr
SKU0475,WH1,372,319,Jan
SKU0379,WH5,470,374,Feb
SKU0399,WH8,382,253,Feb
SKU0220,WH8,361,419,Feb
SKU0046,WH3,250,200,Feb
SKU0115,WH2,95,485,Apr
SKU0344,WH5,207,369,Mar
SKU0165,WH4,465,213,Jun
SKU0305,WH5,167,377,Mar
SKU0384,WH7,196,200,Apr
SKU0138,WH7,491,90,Apr
SKU0297,WH5,113,101,Jun
SKU0133,WH1,68,426,Feb
SKU0182,WH2,307,448,Apr
SKU0178,WH5,161,235,May
SKU0170,WH3,115,398,Jan
SKU0266,WH6,183,262,Jan
SKU0116,WH3,109,470,Jun
SKU0386,WH4,110,441,May
SKU0437,WH1,130,215,Jan
SKU0338,WH1,319,137,Mar
SKU0191,WH5,272,400,Feb
SKU0338,WH2,497,71,Mar
SKU0406,WH2,62,461,Mar
SKU0383,WH2,313,160,May
SKU0284,WH3,266,460,May
SKU0435,WH4,355,468,Feb
SKU0431,WH3,315,492,Jun
SKU0132,WH7,497,479,May
SKU0239,WH6,257,433,Jan
SKU0084,WH8,144,436,Jan
SKU0102,WH4,471,477,Jan
SKU0347,WH7,167,315,Jun
SKU0124,WH2,216,163,Jan
SKU0385,WH4,80,217,May
SKU0333,WH6,164,232,Jun
SKU0438,WH3,98,141,Mar
SKU0023,WH5,463,439,Jun
SKU0420,WH7,248,334,Jan
SKU0419,WH5,164,438,Feb
SKU0241,WH6,77,459,Apr
SKU0071,WH2,440,471,Mar
SKU0439,WH2,267,368,Jan
SKU0224,WH3,141,332,May
SKU0296,WH5,190,258,Mar
SKU0177,WH3,376,277,Jan
SKU0251,WH8,406,268,May
SKU0189,WH6,330,406,Feb
SKU0480,WH8,242,346,Feb
SKU0116,WH2,401,396,Apr
SKU0074,WH7,435,131,Apr
SKU0275,WH1,266,185,Apr
SKU0302,WH8,129,173,Jun
SKU0324,WH3,371,199,Jan
SKU0317,WH5,333,222,Feb
SKU0326,WH7,186,72,Jan
SKU0441,WH8,217,468,Jan
SKU0270,WH2,206,255,Feb
SKU0360,WH2,147,158,Feb
SKU0478,WH7,365,129,Apr
SKU0287,WH2,305,391,Jun
SKU0365,WH6,204,82,Mar
SKU0308,WH6,371,494,May
SKU0271,WH4,342,322,Apr
SKU0317,WH8,274,241,Feb
SKU0274,WH8,213,64,Apr
SKU0022,WH2,431,496,Jun
SKU0373,WH2,65,285,May
SKU0324,WH5,105,495,Jun
SKU0277,WH5,145,404,Apr
SKU0121,WH6,100,364,Jan
SKU0473,WH4,288,290,Mar
SKU0011,WH8,146,78,Feb
SKU0105,WH8,182,139,Jun
SKU0185,WH5,148,72,Jun
SKU0256,WH2,161,477,Feb
SKU0270,WH6,217,359,Apr
SKU0012,WH8,292,145,Apr
SKU0083,WH7,210,159,Feb
SKU0396,WH2,296,156,Feb
SKU0264,WH8,429,234,Feb
SKU0130,WH8,238,182,Mar
SKU0353,WH2,309,100,Mar
SKU0384,WH8,113,292,May
SKU0284,WH6,141,257,May
SKU0203,WH2,461,373,Apr
SKU0090,WH1,157,214,Jan
SKU0352,WH4,332,431,May
SKU0304,WH5,167,357,Mar
SKU0150,WH4,433,191,Jun
SKU0397,WH5,70,377,Jun
SKU0229,WH6,468,245,Mar
SKU0196,WH5,89,98,Apr
SKU0133,WH3,256,174,Jun
SKU0264,WH1,315,468,Mar
SKU0040,WH1,69,89,Feb
SKU0027,WH3,381,454,Jan
SKU0233,WH4,448,313,Jan
SKU0461,WH5,151,419,Jan
SKU0340,WH8,362,126,Apr
SKU0184,WH8,410,430,Apr
SKU0086,WH5,472,93,Feb
SKU0468,WH8,403,421,Feb
SKU0253,WH5,174,393,Mar
SKU0239,WH5,377,149,Mar
SKU0096,WH7,99,196,Jun
SKU0403,WH7,238,466,Mar
SKU0500,WH1,298,152,Apr
SKU0476,WH8,88,443,Mar
SKU0296,WH2,340,445,Jun
SKU0164,WH6,119,480,May
SKU0064,WH7,296,425,Apr
SKU0414,WH6,460,195,Jun
SKU0229,WH8,453,353,Jan
SKU0349,WH1,389,67,Mar
SKU0494,WH3,194,202,Jan
SKU0102,WH2,313,138,Apr
SKU0377,WH6,53,76,May
SKU0132,WH2,93,247,Jan
SKU0378,WH3,56,390,Apr
SKU0028,WH7,472,95,Jan
SKU0256,WH3,178,162,Apr
SKU0141,WH2,240,209,May
SKU0276,WH5,430,207,Feb
SKU0422,WH6,70,261,Feb
SKU0152,WH2,355,102,Mar
SKU0162,WH5,104,347,Mar
SKU0139,WH7,340,176,Jan
SKU0195,WH5,302,116,Jun
SKU0359,WH4,450,337,Jun
SKU0054,WH1,239,64,Mar
SKU0041,WH6,188,136,Apr
SKU0322,WH5,403,266,Mar
SKU0315,WH5,300,195,Jun
SKU0202,WH3,178,128,Mar
SKU0221,WH4,104,393,Mar
SKU0110,WH6,283,94,Jun
SKU0324,WH7,136,457,Feb
SKU0442,WH8,169,218,Apr
SKU0460,WH4,352,147,Jun
SKU0462,WH3,379,338,Apr
SKU0013,WH3,193,75,May
SKU0409,WH1,243,317,Feb
SKU0223,WH5,121,104,Apr
SKU0285,WH2,211,269,Feb
SKU0198,WH2,465,268,Apr
SKU0236,WH2,93,259,Feb
SKU0301,WH8,374,376,Apr
SKU0199,WH3,192,329,Feb
SKU0449,WH4,315,400,Jan
SKU0311,WH5,284,316,May
SKU0316,WH7,475,121,Jan
SKU0209,WH5,445,118,Jan
SKU0222,WH5,117,449,Feb
SKU0318,WH8,87,434,Feb
SKU0222,WH2,232,460,Feb
SKU0145,WH7,273,129,Feb
SKU0096,WH7,69,201,May
SKU0258,WH7,186,385,Jun
SKU0190,WH2,364,374,Jun
SKU0493,WH6,313,98,May
SKU0303,WH3,318,475,Jun
SKU0023,WH5,315,412,Feb
SKU0494,WH3,488,227,May
SKU0038,WH1,108,131,Mar
SKU0192,WH5,335,178,Jun
SKU0343,WH8,493,373,Apr
SKU0010,WH6,418,463,Apr
SKU0156,WH4,204,279,Jun
SKU0387,WH6,168,447,Jan
SKU0094,WH6,55,71,Apr
SKU0420,WH3,170,371,Feb
SKU0462,WH7,396,282,Apr
SKU0458,WH4,245,117,Apr
SKU0037,WH5,300,183,Jun
SKU0107,WH8,473,267,May
SKU0372,WH5,304,62,Mar
SKU0337,WH2,408,317,Jun
SKU0338,WH5,480,374,May
SKU0343,WH4,226,404,Feb
SKU0117,WH5,332,356,May
SKU0323,WH1,149,230,Feb
SKU0296,WH5,423,173,Mar
SKU0238,WH1,127,344,Jun
SKU0042,WH1,71,434,Jan
SKU0062,WH7,146,77,Jan
SKU0237,WH5,253,263,Mar
SKU0430,WH2,314,382,Apr
SKU0250,WH4,271,369,Mar
SKU0207,WH1,68,414,Feb
SKU0454,WH8,262,248,May
SKU0180,WH7,52,77,Jun
SKU0060,WH8,425,305,Mar
SKU0065,WH1,246,128,May
SKU0248,WH4,360,331,Feb
SKU0499,WH7,60,253,Apr
SKU0434,WH4,388,424,Feb
SKU0464,WH3,308,158,Jun
SKU0489,WH2,319,87,May
SKU0115,WH2,236,201,May
SKU0024,WH7,275,245,Mar
SKU0228,WH8,63,359,May
SKU0466,WH6,271,209,Apr
SKU0372,WH4,352,414,Feb
SKU0196,WH4,379,439,May
SKU0197,WH7,486,497,Mar
SKU0243,WH1,439,179,Jun
SKU0110,WH1,179,278,Apr
SKU0485,WH6,207,494,Jan
SKU0262,WH2,231,209,Feb
SKU0051,WH8,245,391,Apr
SKU0002,WH2,245,342,Feb
SKU0457,WH8,182,417,Jan
SKU0188,WH1,65,416,Feb
SKU0280,WH5,217,248,Jan
SKU0288,WH6,305,489,Jan
SKU0310,WH7,445,339,May
SKU0213,WH7,289,398,Apr
SKU0060,WH6,494,494,Jan
SKU0427,WH4,309,134,May
SKU0132,WH7,174,175,Apr
SKU0480,WH2,476,236,Jun
SKU0182,WH6,142,123,Jan
SKU0238,WH1,462,167,May
SKU0464,WH8,471,249,Mar
SKU0353,WH5,378,495,Mar
SKU0039,WH1,254,96,Jun
SKU0002,WH7,433,103,Jun
SKU0077,WH8,172,424,Feb
SKU0380,WH4,498,300,Mar
SKU0497,WH7,183,199,May
SKU0497,WH7,420,128,Mar
SKU0066,WH3,188,216,Apr
SKU0267,WH5,55,128,May
SKU0019,WH5,55,337,Jun
SKU0062,WH1,52,427,Jun
SKU0339,WH3,389,490,Feb
SKU0458,WH4,151,464,May
SKU0456,WH8,133,257,Jun
SKU0433,WH2,95,369,Jun
SKU0186,WH6,492,331,May
SKU0186,WH7,447,248,May
SKU0357,WH4,113,419,Mar
SKU0141,WH3,286,317,Jun
SKU0060,WH4,180,56,May
SKU0037,WH5,417,111,Feb
SKU0375,WH3,93,411,Feb
SKU0119,WH1,351,62,Mar
SKU0120,WH2,435,321,Feb
SKU0482,WH7,377,496,Mar
SKU0162,WH5,447,192,Jan
SKU0114,WH1,220,52,Jun
SKU0233,WH1,277,341,Apr
SKU0138,WH2,309,365,May
SKU0169,WH8,326,302,Feb
SKU0248,WH3,69,70,Feb
SKU0206,WH3,367,292,Jan
SKU0449,WH6,363,388,May
SKU0015,WH3,329,125,Mar
SKU0001,WH7,76,203,Jan
SKU0061,WH7,398,371,May
SKU0427,WH4,316,361,May
SKU0360,WH3,96,234,Mar
SKU0322,WH3,179,261,Jun
SKU0247,WH6,54,206,Jan
SKU0353,WH2,91,397,Jan
SKU0070,WH8,461,211,Apr
SKU0350,WH5,96,107,Mar
SKU0282,WH6,459,431,Apr
SKU0085,WH6,137,344,May
SKU0120,WH3,449,180,Apr
SKU0126,WH7,463,475,Mar
SKU0216,WH2,207,469,May
SKU0394,WH8,469,296,Jan
SKU0067,WH6,226,340,Apr
SKU0275,WH2,70,121,Jan
SKU0154,WH7,294,393,Jan
SKU0234,WH6,144,79,Jun
SKU0376,WH5,282,129,Mar
SKU0427,WH3,276,476,Apr
SKU0415,WH2,277,484,Feb
SKU0456,WH1,198,455,Jun
SKU0406,WH8,218,377,Jan
SKU0449,WH5,229,474,Mar
SKU0297,WH2,285,342,Jun
SKU0120,WH6,362,128,Feb
SKU0327,WH6,159,58,May
SKU0385,WH3,88,215,Feb
SKU0193,WH4,246,206,Mar
SKU0460,WH2,435,345,May
SKU0057,WH6,155,447,Jan
SKU0476,WH2,219,223,May
SKU0161,WH7,455,270,Apr
SKU0428,WH6,232,223,Jan
SKU0048,WH5,269,141,Jan
SKU0129,WH4,113,127,May
SKU0094,WH1,204,422,Jun
SKU0358,WH5,272,117,Feb
SKU0017,WH8,421,216,Apr
SKU0083,WH1,376,229,Apr
SKU0429,WH6,196,211,Mar
SKU0331,WH8,215,66,Jan
SKU0045,WH3,217,165,Mar
SKU0254,WH3,370,254,Mar
SKU0098,WH1,423,239,Jun
SKU0352,WH3,282,383,Mar
SKU0439,WH1,184,261,Apr
SKU0479,WH7,198,328,Mar
SKU0180,WH3,78,117,May
SKU0207,WH7,424,428,Jun
SKU0381,WH2,301,361,Apr
SKU0389,WH1,471,367,May
SKU0027,WH5,190,322,Apr
SKU0103,WH8,444,204,Jan
SKU0171,WH8,346,434,Jun
SKU0338,WH7,359,450,Mar
SKU0228,WH2,343,102,Mar
SKU0108,WH3,217,111,Jan
SKU0169,WH2,340,452,Jan
SKU0323,WH8,484,341,Feb
SKU0214,WH7,393,331,Jun
SKU0148,WH3,233,323,Mar
SKU0315,WH1,215,255,Jun
SKU0218,WH2,467,118,Jun
SKU0059,WH4,88,86,Feb
SKU0408,WH6,206,481,Jun
SKU0410,WH1,73,262,Apr
SKU0078,WH2,296,476,May
SKU0114,WH3,395,82,Apr
SKU0261,WH7,456,493,Jun
SKU0157,WH2,93,69,Jan
SKU0154,WH7,51,247,Feb
SKU0048,WH1,226,285,May
SKU0288,WH8,119,169,Mar
SKU0236,WH7,107,173,Feb
SKU0317,WH8,261,455,Jan
SKU0036,WH1,402,241,Jun
SKU0239,WH8,419,353,Jan
SKU0249,WH5,339,392,Feb
SKU0087,WH2,276,466,Feb
SKU0358,WH8,324,399,Jan
SKU0296,WH8,372,152,May
SKU0403,WH8,142,453,Apr
SKU0387,WH3,476,496,Jan
SKU0111,WH4,92,466,Apr
SKU0445,WH5,357,129,Apr
SKU0272,WH4,300,268,Jun
SKU0115,WH6,168,91,May
SKU0188,WH6,307,383,Feb
SKU0395,WH5,137,497,Feb
SKU0033,WH6,132,440,Feb
SKU0362,WH5,194,251,Jan
SKU0328,WH4,426,304,Jun
SKU0392,WH3,140,125,Jun
SKU0455,WH2,129,409,Mar
SKU0400,WH6,323,370,Mar
SKU0115,WH5,230,63,Mar
SKU0445,WH1,132,425,May
SKU0026,WH6,90,252,Jun
SKU0016,WH2,289,140,May
SKU0110,WH6,275,315,Mar
SKU0156,WH5,358,242,Feb
SKU0183,WH8,348,300,Feb
SKU0026,WH1,86,128,Mar
SKU0103,WH8,80,155,Feb
SKU0004,WH2,197,122,Mar
SKU0149,WH8,485,158,Jun
SKU0477,WH3,475,328,Jan
SKU0117,WH3,120,318,Apr
SKU0372,WH7,157,249,Apr
SKU0480,WH3,100,187,Apr
SKU0305,WH2,87,447,Mar
SKU0114,WH6,380,470,Jan
SKU0218,WH8,286,119,Jun
SKU0082,WH1,221,437,May
SKU0046,WH6,99,189,Apr
SKU0117,WH6,396,186,Feb
SKU0259,WH7,185,318,Jun
SKU0050,WH2,359,476,Mar
SKU0187,WH7,345,112,Jun
SKU0165,WH4,96,169,Mar
SKU0194,WH6,53,339,Jun
SKU0350,WH2,257,204,May
SKU0090,WH8,353,72,Feb
SKU0483,WH6,457,318,Jan
SKU0249,WH3,491,456,Jun
SKU0391,WH1,375,401,Apr
SKU0044,WH6,161,372,Jan
SKU0489,WH4,121,163,Feb
SKU0407,WH5,484,210,Feb
SKU0148,WH7,150,89,Mar
SKU0154,WH5,258,178,Jan
SKU0318,WH4,78,339,May
SKU0182,WH5,240,407,Feb
SKU0177,WH1,119,477,Mar
SKU0379,WH4,142,168,Apr
SKU0481,WH7,86,200,May
SKU0003,WH7,295,411,Jun
SKU0213,WH6,192,147,May
SKU0382,WH4,180,94,Jun
SKU0006,WH2,476,457,Mar
SKU0490,WH1,124,276,May
SKU0095,WH7,110,179,May
SKU0392,WH1,342,383,Mar
SKU0225,WH2,365,403,Mar
SKU0449,WH8,489,434,Feb
SKU0126,WH7,191,60,Mar
SKU0426,WH7,295,338,Apr
SKU0276,WH5,69,157,Jun
SKU0211,WH8,355,488,Jun
SKU0193,WH1,322,410,Jan
SKU0352,WH6,436,319,Mar
SKU0354,WH1,146,167,Feb
SKU0311,WH2,232,352,Apr
SKU0369,WH5,212,313,Jan
SKU0276,WH7,463,429,Mar
SKU0191,WH5,89,191,Feb
SKU0312,WH1,189,189,Jan
SKU0051,WH3,211,260,Jan
SKU0251,WH2,440,467,Jun
SKU0371,WH5,482,163,Feb
SKU0102,WH6,175,402,Jan
SKU0360,WH3,421,152,Jun
SKU0092,WH3,283,298,Jun
SKU0433,WH1,348,52,Jun
SKU0136,WH5,297,165,May
SKU0162,WH5,393,67,Apr
SKU0362,WH7,80,329,May
SKU0147,WH6,228,186,Jun
SKU0265,WH7,371,326,Jan
SKU0461,WH3,169,223,Jun
SKU0066,WH4,444,84,Jun
SKU0256,WH3,228,205,Mar
SKU0034,WH3,313,364,Feb
SKU0257,WH8,441,273,Feb
SKU0095,WH5,176,416,Apr
SKU0066,WH4,54,109,Feb
SKU0278,WH1,412,493,Feb
SKU0200,WH8,95,284,Apr
SKU0229,WH8,480,290,May
SKU0228,WH3,442,240,Jun
SKU0491,WH5,376,402,May
SKU0500,WH5,495,400,Jan
SKU0175,WH1,395,113,Feb
SKU0259,WH7,216,419,Jun
SKU0035,WH2,91,421,Jan
SKU0459,WH5,134,94,Jun
SKU0420,WH3,325,346,Jan
SKU0245,WH7,239,260,Jan
SKU0490,WH6,469,125,Apr
SKU0152,WH1,119,258,Mar
SKU0266,WH2,65,322,Jun
SKU0327,WH3,84,309,May
SKU0149,WH3,467,324,Jun
SKU0058,WH1,351,245,Apr
SKU0301,WH7,114,335,Mar
SKU0196,WH1,202,453,Jun
SKU0215,WH1,152,96,Jan
SKU0464,WH6,52,94,Jun
SKU0139,WH7,308,325,Apr
SKU0402,WH1,485,188,Mar
SKU0400,WH7,374,241,May
SKU0207,WH7,438,293,Jun
SKU0184,WH6,67,69,Mar
SKU0065,WH7,215,80,Apr
SKU0320,WH2,237,326,May
SKU0270,WH8,197,152,May
SKU0436,WH6,257,224,Feb
SKU0216,WH8,401,357,Mar
SKU0039,WH6,62,248,Jun
SKU0093,WH7,123,93,Mar
SKU0398,WH1,116,134,Jun
SKU0260,WH7,126,313,Mar
SKU0008,WH4,463,315,Jan
SKU0187,WH7,277,104,May
SKU0078,WH3,156,404,Mar
SKU0115,WH6,246,397,Jun
SKU0495,WH7,283,51,Apr
SKU0339,WH4,453,343,Apr
SKU0337,WH8,62,92,Feb
SKU0353,WH6,72,129,May
SKU0417,WH6,100,154,Jan
SKU0223,WH3,220,157,Jun
SKU0476,WH4,164,345,Jun
SKU0304,WH8,188,204,Feb
SKU0499,WH2,167,148,Mar
SKU0154,WH7,139,221,May
SKU0048,WH6,464,414,Jan
SKU0245,WH2,401,440,Jun
SKU0175,WH6,251,411,May
SKU0442,WH6,70,333,Mar
SKU0388,WH5,339,252,Jun
SKU0301,WH1,130,335,Feb
SKU0236,WH7,398,190,Mar
SKU0499,WH4,51,99,Apr
SKU0349,WH4,68,177,Feb
SKU0470,WH2,331,78,Apr
SKU0147,WH5,410,415,Mar
SKU0148,WH3,381,391,Feb
SKU0224,WH2,400,176,Mar
SKU0438,WH7,487,447,May
SKU0190,WH1,465,497,May
SKU0307,WH5,450,416,Jan
SKU0138,WH8,277,113,Mar
SKU0363,WH1,312,275,Apr
SKU0158,WH5,414,360,Jan
SKU0166,WH3,322,384,Feb
SKU0290,WH3,151,405,Apr
SKU0330,WH1,454,486,May
SKU0240,WH4,430,352,Jun
SKU0155,WH7,308,436,Jun
SKU0020,WH3,289,291,Apr
SKU0272,WH8,427,417,Apr
SKU0159,WH6,238,412,Jan
SKU0187,WH4,356,114,Mar
SKU0166,WH3,238,253,May
SKU0052,WH1,435,65,Feb
SKU0450,WH2,280,443,Jun
SKU0325,WH6,415,362,Feb
SKU0033,WH5,213,251,May
SKU0041,WH2,57,108,Feb
SKU0209,WH4,126,241,Apr
SKU0231,WH7,139,93,Feb
SKU0042,WH1,447,155,Apr
SKU0325,WH5,228,210,Jun
SKU0067,WH8,474,395,Jun
SKU0108,WH8,56,187,May
SKU0094,WH3,128,229,May
SKU0259,WH2,217,151,Jun
SKU0161,WH3,54,59,Jan
SKU0294,WH4,162,257,Feb
SKU0085,WH3,397,450,Jun
SKU0298,WH7,383,267,Jan
SKU0273,WH4,318,102,Apr
SKU0248,WH7,299,71,Feb
SKU0428,WH8,494,377,Jun
SKU0038,WH5,365,316,Jan
SKU0376,WH4,329,372,Jun
SKU0081,WH2,267,304,May
SKU0100,WH7,374,62,Apr
SKU0041,WH6,409,235,Apr
SKU0296,WH4,483,94,Feb
SKU0006,WH1,460,478,Feb
SKU0165,WH1,161,220,May
SKU0187,WH2,280,497,Mar
SKU0482,WH6,264,300,Feb
SKU0049,WH4,330,344,Jun
SKU0186,WH3,379,185,Mar
SKU0015,WH6,319,217,Feb
SKU0040,WH5,282,484,Apr
SKU0035,WH3,305,399,Mar
SKU0436,WH7,371,418,Jan
SKU0456,WH5,175,453,Jun
SKU0451,WH5,420,243,Feb
SKU0499,WH2,212,363,Jun
SKU0383,WH8,218,148,Apr
SKU0215,WH8,208,114,Jan
SKU0069,WH5,284,478,Feb
SKU0043,WH3,101,150,Feb
SKU0390,WH2,220,268,Mar
SKU0280,WH2,70,255,Mar
SKU0300,WH7,204,211,Mar
SKU0342,WH6,95,61,Apr
SKU0395,WH4,335,72,May
SKU0320,WH4,479,416,Mar
SKU0161,WH7,92,245,Jan
SKU0489,WH7,238,127,Mar
SKU0280,WH3,307,230,Apr
SKU0216,WH4,62,396,Jan
SKU0090,WH4,305,358,Apr
SKU0381,WH6,488,345,Mar
SKU0311,WH3,82,127,May
SKU0474,WH5,340,486,Jan
SKU0193,WH7,182,85,Feb
SKU0167,WH2,106,242,Jan
SKU0483,WH7,400,191,Apr
SKU0076,WH7,481,290,Mar
SKU0180,WH1,86,297,May
SKU0006,WH5,135,161,Jan
SKU0309,WH5,278,339,Jan
SKU0035,WH1,264,171,Jan
SKU0358,WH4,346,203,Feb
SKU0086,WH7,209,360,Mar
SKU0490,WH8,119,112,May
SKU0266,WH8,269,158,Jan
SKU0355,WH3,449,375,Apr
SKU0345,WH2,53,351,Jun
SKU0002,WH5,222,86,Apr
SKU0008,WH7,314,328,Apr
SKU0303,WH4,398,414,Feb
SKU0195,WH2,484,321,May
SKU0496,WH2,460,337,Apr
SKU0372,WH2,221,56,Feb
SKU0287,WH4,160,477,May
SKU0096,WH6,315,480,Jun
SKU0325,WH3,289,130,Jan
SKU0061,WH3,497,182,May
SKU0437,WH7,222,240,May
SKU0001,WH4,67,189,May
SKU0237,WH3,380,139,May
SKU0276,WH8,119,121,May
SKU0256,WH2,268,58,May
SKU0450,WH6,323,273,Jan
SKU0125,WH1,124,349,Apr
SKU0136,WH7,371,327,Feb
SKU0446,WH4,228,479,May
SKU0486,WH2,404,57,Jan
SKU0472,WH1,131,105,Jan
SKU0435,WH4,96,333,Jan
SKU0104,WH6,320,165,Jun
SKU0206,WH2,435,250,Feb
SKU0040,WH6,295,96,Jun
SKU0318,WH2,57,468,Feb
SKU0345,WH8,192,70,Apr
SKU0273,WH8,411,82,Mar
SKU0029,WH8,399,353,Jun
SKU0292,WH3,421,123,Apr
SKU0265,WH8,429,298,May
SKU0129,WH4,453,487,May
SKU0046,WH6,140,255,Feb
SKU0295,WH4,55,409,Apr
SKU0452,WH7,480,435,Jun
SKU0345,WH3,326,466,Jan
SKU0092,WH1,53,280,Jan
SKU0177,WH4,252,321,Apr
SKU0072,WH4,326,355,May
SKU0113,WH3,154,69,Jan
SKU0262,WH1,438,372,May
SKU0370,WH6,136,295,Apr
SKU0219,WH3,274,94,Jan
SKU0041,WH1,382,340,May
SKU0430,WH5,292,274,Mar
SKU0429,WH3,439,169,Jan
SKU0454,WH5,439,334,Jun
SKU0114,WH4,156,94,Feb
SKU0009,WH5,242,301,Jun
SKU0230,WH1,81,192,Mar
SKU0444,WH3,493,308,Jun
SKU0296,WH2,211,142,Apr
SKU0069,WH7,277,374,May
SKU0411,WH8,276,158,Jan
SKU0424,WH1,406,147,Feb
SKU0233,WH1,470,83,Jan
SKU0257,WH7,461,411,Mar
SKU0467,WH7,119,133,May
SKU0319,WH1,407,248,Jun
SKU0120,WH6,60,309,May
SKU0432,WH2,492,124,Feb
SKU0036,WH3,366,275,May
SKU0116,WH5,268,452,Feb
SKU0216,WH4,416,454,Mar
SKU0174,WH5,387,64,Feb
SKU0001,WH6,363,322,Jun
SKU0195,WH5,53,103,Apr
SKU0088,WH2,183,86,Apr
SKU0345,WH1,465,103,May
SKU0359,WH2,237,327,Feb
SKU0462,WH8,216,57,Feb
SKU0097,WH1,405,60,Jan
SKU0088,WH2,346,122,Feb
SKU0090,WH6,105,375,Jan
SKU0459,WH5,136,157,Jun
SKU0381,WH7,461,58,Jun
SKU0131,WH2,232,287,Mar
SKU0383,WH4,210,294,Jun
SKU0276,WH6,458,300,Jan
SKU0236,WH2,200,384,May
SKU0201,WH8,202,307,Apr
SKU0312,WH4,456,337,May
SKU0110,WH7,339,100,Jan
SKU0361,WH2,205,214,Jan
SKU0404,WH3,407,55,Jan
SKU0187,WH3,475,266,Jun
SKU0008,WH1,424,317,Jun
SKU0188,WH1,476,103,May
SKU0020,WH5,450,351,Feb
SKU0209,WH2,208,466,Mar
SKU0356,WH2,322,303,May
SKU0395,WH6,323,195,Jan
SKU0481,WH6,271,471,Feb
SKU0366,WH6,357,108,May
SKU0013,WH1,264,184,May
SKU0070,WH8,113,260,May
SKU0002,WH3,233,137,Jan
SKU0361,WH3,97,143,Feb
SKU0360,WH6,95,288,May
SKU0111,WH5,472,192,Apr
SKU0150,WH8,137,174,Mar
SKU0302,WH2,63,434,May
SKU0281,WH2,467,95,Jan
SKU0420,WH3,317,209,Feb
SKU0046,WH2,186,226,Mar
SKU0382,WH3,437,143,Apr
SKU0376,WH2,313,400,Jan
SKU0099,WH4,178,59,Apr
SKU0089,WH5,253,194,Jun
SKU0396,WH1,315,197,Mar
SKU0085,WH8,451,356,Jan
SKU0390,WH6,374,294,May
SKU0350,WH6,489,455,May
SKU0278,WH5,391,69,Feb
SKU0209,WH4,464,498,Apr
SKU0085,WH4,327,53,Feb
SKU0267,WH6,341,168,Jan
SKU0335,WH1,481,270,Jan
SKU0142,WH7,379,231,Jun
SKU0153,WH1,304,141,Jun
SKU0462,WH4,427,370,Jun
SKU0264,WH4,128,484,Apr
SKU0377,WH7,399,60,Jan
SKU0062,WH2,284,155,Apr
SKU0065,WH1,298,76,May
SKU0195,WH4,287,281,Jan
SKU0432,WH8,239,301,Mar
SKU0082,WH6,386,459,Apr
SKU0023,WH6,117,177,Apr
SKU0374,WH4,59,387,Jan
SKU0322,WH4,412,322,Apr
SKU0244,WH6,310,475,Feb
SKU0224,WH8,234,481,Mar
SKU0312,WH4,166,338,Feb
SKU0496,WH5,78,424,Mar
SKU0198,WH5,278,110,May
SKU0084,WH6,375,155,May
SKU0198,WH3,224,78,Jan
SKU0389,WH4,294,112,Apr
SKU0081,WH8,194,86,Mar
SKU0332,WH4,280,489,May
SKU0352,WH5,302,65,Jan
SKU0477,WH8,494,361,May
SKU0495,WH6,144,219,Mar
SKU0261,WH4,274,329,Apr
SKU0008,WH8,82,336,Mar
SKU0227,WH6,258,148,Feb
SKU0015,WH5,105,444,May
SKU0078,WH3,430,179,May
SKU0119,WH5,304,390,Mar
SKU0176,WH8,353,386,Mar
SKU0152,WH6,143,84,May
SKU0044,WH1,469,239,Jan
SKU0358,WH2,188,231,Mar
SKU0180,WH3,236,246,Mar
SKU0346,WH5,438,100,Jan
SKU0091,WH5,179,173,Jun
SKU0250,WH4,256,173,Feb
SKU0321,WH2,254,257,Jan
SKU0010,WH3,339,258,Jun
SKU0081,WH1,476,162,Mar
SKU0495,WH4,116,442,Apr
SKU0254,WH5,213,319,May
SKU0495,WH5,87,105,Mar
SKU0009,WH2,273,166,Mar
SKU0071,WH3,189,172,Apr
SKU0316,WH7,452,211,Apr
SKU0476,WH8,452,389,Feb
SKU0353,WH8,184,434,Jan
SKU0472,WH2,258,215,May
SKU0253,WH6,434,66,Apr
SKU0160,WH7,229,425,Jan
SKU0178,WH4,226,449,Feb
SKU0091,WH7,201,403,Apr
SKU0277,WH2,236,97,Jan
SKU0022,WH1,379,355,Feb
SKU0320,WH6,191,418,May
SKU0490,WH5,471,120,Jan
SKU0151,WH6,65,218,Jan
SKU0062,WH4,55,431,Apr
SKU0279,WH6,278,349,Feb
SKU0209,WH8,202,396,Mar
SKU0005,WH3,417,448,Apr
SKU0127,WH5,170,153,Mar
SKU0128,WH5,484,366,Jun
SKU0206,WH5,484,227,Jun
SKU0077,WH6,96,263,Jan
SKU0200,WH4,408,485,Jun
SKU0479,WH6,228,399,Jun
SKU0069,WH3,375,485,Feb
SKU0415,WH7,81,427,Mar
SKU0012,WH8,222,213,Jan
SKU0396,WH2,233,338,Jun
SKU0045,WH4,154,94,Jan
SKU0382,WH5,102,122,Mar
SKU0500,WH7,418,51,Feb
SKU0088,WH5,344,50,May
SKU0368,WH5,448,427,Jun
SKU0411,WH3,139,375,Jan
SKU0340,WH2,220,391,May
SKU0100,WH2,347,176,Jan
SKU0409,WH2,238,480,May
SKU0483,WH7,497,369,Jan
SKU0249,WH7,314,451,May
SKU0028,WH3,374,413,Jan
SKU0279,WH6,265,403,Feb
SKU0222,WH4,144,359,Mar
SKU0090,WH4,287,340,Jun
SKU0469,WH5,482,364,Jan
SKU0193,WH6,415,341,Jan
SKU0160,WH3,314,459,Feb
SKU0253,WH7,428,94,May
SKU0411,WH4,434,463,Jun
SKU0148,WH3,108,126,Jan
SKU0236,WH3,268,82,Apr
SKU0412,WH4,214,328,May
SKU0310,WH2,143,198,Mar
SKU0203,WH4,357,387,Mar
SKU0257,WH2,241,112,Jan
SKU0485,WH6,459,85,Feb
SKU0495,WH8,100,214,May
SKU0201,WH4,140,433,Mar
SKU0461,WH5,105,306,Mar
SKU0118,WH7,200,331,Jan
SKU0110,WH3,384,219,Jan
SKU0109,WH8,126,473,Mar
SKU0020,WH7,121,486,Apr
SKU0106,WH6,65,418,Apr
SKU0119,WH1,136,281,Feb
SKU0372,WH3,238,127,Feb
SKU0477,WH5,75,299,Feb
SKU0467,WH5,358,426,Jan
SKU0227,WH2,79,239,Feb
SKU0380,WH6,259,301,Jun
SKU0297,WH3,485,349,Mar
SKU0072,WH2,67,213,Jun
SKU0479,WH6,344,309,Feb
SKU0469,WH5,94,198,Mar
SKU0099,WH5,87,163,Jan
SKU0269,WH2,341,66,Jan
SKU0106,WH1,470,321,Apr
SKU0216,WH8,403,90,Jun
SKU0428,WH3,268,417,Mar
SKU0100,WH1,311,360,Jun
SKU0115,WH1,416,397,Apr
SKU0464,WH3,435,362,May
SKU0421,WH8,326,243,May
SKU0188,WH6,181,87,Mar
SKU0009,WH5,442,489,Apr
SKU0118,WH3,325,131,Jan
SKU0103,WH2,112,214,Jan
SKU0238,WH8,162,99,Mar
SKU0447,WH6,392,488,Jan
SKU0239,WH4,283,268,Apr
SKU0074,WH3,160,178,Apr
SKU0182,WH7,98,301,Feb
SKU0499,WH8,398,242,Feb
SKU0475,WH1,278,114,Jan
SKU0243,WH1,447,93,Jun
SKU0050,WH7,205,189,Feb
SKU0288,WH6,358,150,Jun
SKU0458,WH8,311,381,Feb
SKU0241,WH5,79,358,Mar
SKU0190,WH3,215,238,May
SKU0268,WH6,273,62,Jan
SKU0297,WH7,125,347,Feb
SKU0044,WH5,77,223,May
SKU0381,WH7,303,258,Mar
SKU0050,WH2,400,347,May
SKU0084,WH6,105,193,Jan
SKU0316,WH7,356,409,Jun
SKU0275,WH5,315,303,Jun
SKU0436,WH3,187,221,Feb
SKU0276,WH1,115,158,Feb
SKU0254,WH2,234,375,Jun
SKU0202,WH7,341,449,Jun
SKU0229,WH8,94,387,Mar
SKU0129,WH6,336,71,Jun
SKU0414,WH3,301,340,May
SKU0480,WH1,145,154,Apr
SKU0327,WH7,71,122,Feb
SKU0207,WH8,494,354,Apr
SKU0150,WH7,193,248,Apr
SKU0176,WH1,438,294,Feb
SKU0331,WH6,222,125,Apr
SKU0447,WH8,157,113,May
SKU0325,WH2,257,336,Feb
SKU0130,WH8,293,178,Apr
SKU0420,WH4,119,458,Jan
SKU0415,WH3,193,280,Jan
SKU0270,WH3,136,150,Jan
SKU0169,WH7,179,197,May
SKU0490,WH6,78,402,Jun
SKU0367,WH6,93,390,May
SKU0228,WH6,330,393,Apr
SKU0073,WH6,221,250,Apr
SKU0374,WH1,372,289,Mar
SKU0445,WH7,438,441,Jun
SKU0444,WH3,73,369,Apr
SKU0269,WH4,347,147,Feb
SKU0132,WH1,62,321,Feb
SKU0122,WH4,420,296,May
SKU0022,WH6,156,425,May
SKU0117,WH3,61,232,May
SKU0447,WH2,76,75,May
SKU0253,WH2,382,242,Jun
SKU0437,WH1,290,134,Jan
SKU0360,WH7,219,150,Jan
SKU0348,WH8,266,382,Apr
SKU0081,WH2,121,461,Jan
SKU0074,WH3,298,404,Jun
SKU0148,WH5,316,479,Mar
SKU0484,WH5,325,359,Jan
SKU0127,WH8,113,302,May
SKU0222,WH3,298,359,Apr
SKU0402,WH4,130,249,Feb
SKU0073,WH2,442,262,Mar
SKU0295,WH4,478,226,Jun
SKU0481,WH7,318,132,Mar
SKU0343,WH8,482,383,Jun
SKU0192,WH8,109,250,Feb
SKU0122,WH5,328,408,Feb
SKU0150,WH2,281,166,May
SKU0157,WH2,163,223,Jan
SKU0065,WH5,175,396,Jan
SKU0022,WH2,212,178,Mar
SKU0089,WH5,349,93,Jan
SKU0078,WH6,171,181,Jan
SKU0242,WH2,333,80,Feb
SKU0004,WH3,59,425,Feb
SKU0360,WH3,390,320,Feb
SKU0007,WH7,284,50,Feb
SKU0477,WH4,241,249,Jan
SKU0020,WH7,301,439,Jun
SKU0496,WH8,181,300,Jun
SKU0456,WH6,411,332,Feb
SKU0073,WH2,284,459,Feb
SKU0422,WH5,82,371,Jun
SKU0070,WH4,251,62,Apr
SKU0225,WH8,109,248,Jun
SKU0159,WH7,75,211,Jun
SKU0051,WH8,398,210,May
SKU0134,WH5,492,396,Jun
SKU0407,WH4,451,136,Jun
SKU0484,WH6,383,473,Apr
SKU0367,WH5,201,257,Jan
SKU0468,WH2,403,220,Feb
SKU0314,WH4,104,136,Jan
SKU0151,WH3,302,138,Mar
SKU0055,WH6,91,184,Jan
SKU0399,WH5,398,344,Apr
SKU0097,WH7,403,421,Apr
SKU0135,WH3,229,243,May
SKU0033,WH2,411,266,Feb
SKU0445,WH6,368,286,Apr
SKU0164,WH8,121,85,Apr
SKU0145,WH5,144,241,Jan
SKU0069,WH1,470,255,Mar
SKU0127,WH3,361,282,Feb
SKU0121,WH7,340,259,May
SKU0173,WH8,75,181,Jun
SKU0174,WH2,472,422,May
SKU0324,WH3,429,272,Mar
SKU0378,WH6,177,71,Jun
SKU0189,WH3,467,120,Jun
SKU0393,WH1,475,391,Mar
SKU0091,WH8,209,181,May
SKU0187,WH3,165,369,Jun
SKU0292,WH2,393,71,Jun
SKU0002,WH7,323,239,Jun
SKU0139,WH2,495,148,Mar
SKU0408,WH6,255,345,Apr
SKU0439,WH8,196,69,Jun
SKU0499,WH3,147,442,Apr
SKU0029,WH2,262,114,Jan
SKU0242,WH2,474,432,Jan
SKU0335,WH8,447,290,Jan
SKU0103,WH6,102,200,Mar
SKU0118,WH7,364,84,May
SKU0003,WH6,296,141,Feb
SKU0274,WH2,154,236,Apr
SKU0109,WH4,290,63,May
SKU0358,WH8,60,299,May
SKU0250,WH3,84,349,May
SKU0021,WH6,149,199,May
SKU0300,WH3,214,77,Mar
SKU0162,WH6,392,108,Apr
SKU0042,WH8,382,224,May
SKU0067,WH5,282,117,Feb
SKU0056,WH1,105,404,May
SKU0392,WH6,314,409,Mar
SKU0060,WH6,184,119,Jun
SKU0442,WH3,247,450,Jun
SKU0355,WH6,312,161,Jun
SKU0003,WH2,60,410,Mar
SKU0360,WH5,382,401,Feb
SKU0397,WH7,400,80,Feb
SKU0464,WH3,242,63,Jan
SKU0171,WH6,143,158,Jan
SKU0478,WH6,374,354,Jan
SKU0304,WH6,198,152,Apr
SKU0137,WH7,265,70,Jan
SKU0365,WH3,150,318,May
SKU0214,WH2,86,252,Jan
SKU0221,WH6,294,276,Mar
SKU0077,WH5,367,483,Feb
SKU0196,WH4,209,176,Jun
SKU0430,WH3,89,117,Mar
SKU0474,WH2,137,61,Feb
SKU0051,WH2,280,97,Mar
SKU0030,WH6,56,153,May
SKU0115,WH8,378,113,Mar
SKU0438,WH2,142,192,Feb
SKU0450,WH3,424,321,Apr
SKU0360,WH2,417,417,Feb
SKU0422,WH7,425,152,Feb
SKU0173,WH4,135,415,Feb
SKU0070,WH8,382,377,Feb
SKU0038,WH4,286,227,Mar
SKU0313,WH2,367,346,Jan
SKU0055,WH5,354,53,Apr
SKU0145,WH1,402,453,Jan
SKU0243,WH2,54,313,Mar
SKU0133,WH2,250,138,Apr
SKU0140,WH6,267,291,Feb
SKU0034,WH4,380,373,Jun
SKU0189,WH3,445,352,Mar
SKU0003,WH2,267,82,Jan
SKU0106,WH5,366,54,Jan
SKU0331,WH8,125,402,Apr
SKU0307,WH4,276,474,Jun
SKU0274,WH2,154,110,Feb
SKU0113,WH3,281,201,Jun
SKU0278,WH7,167,274,Apr
SKU0388,WH6,65,287,Apr
SKU0187,WH4,328,76,Jan
SKU0279,WH7,130,206,Feb
SKU0285,WH8,353,116,May
SKU0431,WH4,377,143,Jun
SKU0476,WH6,458,86,Jun
SKU0053,WH1,154,269,Feb
SKU0327,WH5,291,296,Feb
SKU0363,WH6,262,486,Jun
SKU0438,WH6,333,169,Jan
SKU0272,WH1,423,179,Feb
SKU0169,WH2,86,392,Jan
SKU0360,WH8,478,86,Jun
SKU0059,WH8,332,122,Apr
SKU0246,WH4,360,400,Mar
SKU0299,WH2,95,253,Feb
SKU0440,WH2,120,249,Jun
SKU0429,WH7,473,242,May
SKU0153,WH7,452,225,Jan
SKU0154,WH5,88,354,Jan
SKU0192,WH5,244,224,May
SKU0421,WH1,176,437,Apr
SKU0015,WH5,226,255,Jun
SKU0475,WH7,453,272,Mar
SKU0416,WH8,218,52,Jun
SKU0442,WH2,224,213,Mar
SKU0188,WH6,391,439,Feb
SKU0225,WH5,309,467,Apr
SKU0136,WH1,437,357,Apr
SKU0053,WH1,110,133,Jan
SKU0244,WH4,87,80,Feb
SKU0070,WH5,235,467,May
SKU0224,WH4,382,136,Apr
SKU0119,WH7,246,475,Mar
SKU0301,WH2,399,481,Apr
SKU0489,WH8,258,105,Jan
SKU0392,WH8,132,323,Apr
SKU0064,WH3,456,447,May
SKU0251,WH1,316,409,Mar
SKU0131,WH7,390,171,Feb
SKU0342,WH4,136,270,Feb
SKU0320,WH2,203,246,Apr
SKU0247,WH7,415,235,Jan
SKU0053,WH7,442,119,Feb
SKU0038,WH6,263,262,Mar
SKU0311,WH2,110,489,Jan
SKU0182,WH7,454,230,Jan
SKU0036,WH6,301,250,Apr
SKU0427,WH4,58,424,Jan
SKU0032,WH7,402,298,Jun
SKU0089,WH3,86,365,May
SKU0092,WH8,203,169,May
SKU0444,WH6,107,81,Jun
SKU0094,WH5,128,352,Jan
SKU0350,WH4,133,266,Apr
SKU0326,WH5,208,455,Jun
SKU0362,WH4,471,170,Mar
SKU0464,WH8,359,437,May
SKU0219,WH6,113,152,Feb
SKU0458,WH7,269,202,Mar
SKU0215,WH1,460,305,Jan
SKU0020,WH2,300,110,Jan
SKU0282,WH7,220,189,May
SKU0099,WH7,50,464,Apr
SKU0019,WH7,380,173,Apr
SKU0146,WH3,497,157,Mar
SKU0112,WH7,90,163,May
SKU0286,WH8,98,434,Feb
SKU0215,WH6,245,277,Jun
SKU0339,WH3,305,264,Jan
SKU0292,WH7,107,275,May
SKU0229,WH1,474,285,Feb
SKU0207,WH7,269,389,Jan
SKU0042,WH4,77,494,Apr
SKU0225,WH8,141,273,Mar
SKU0280,WH3,105,311,Feb
SKU0091,WH1,68,71,May
SKU0289,WH2,330,445,Apr
SKU0198,WH1,92,200,May
SKU0034,WH4,111,169,Mar
SKU0447,WH2,240,212,Jun
SKU0434,WH2,324,162,Mar
SKU0265,WH4,430,191,Jun
SKU0348,WH2,360,335,Jun
SKU0205,WH8,388,199,Feb
SKU0035,WH2,429,321,Mar
SKU0363,WH4,395,270,Jun
SKU0034,WH5,64,159,Mar
SKU0337,WH5,68,155,May
SKU0464,WH3,316,305,Feb
SKU0416,WH3,60,448,Mar
SKU0467,WH4,279,179,Jan
SKU0422,WH6,497,455,Apr
SKU0183,WH4,284,240,Mar
SKU0089,WH6,367,320,Mar
SKU0114,WH1,401,68,Mar
SKU0301,WH3,377,301,Jun
SKU0386,WH6,228,396,Apr
SKU0449,WH6,291,392,May
SKU0183,WH6,307,143,Feb
SKU0490,WH5,480,422,Feb
SKU0115,WH2,108,394,Feb
SKU0168,WH2,381,153,Feb
SKU0426,WH7,498,70,Feb
SKU0004,WH1,416,332,Jan
SKU0196,WH3,142,68,Jun
SKU0335,WH2,128,75,May
SKU0344,WH1,101,302,May
SKU0172,WH2,334,226,Mar
SKU0243,WH7,218,303,Apr
SKU0419,WH3,98,363,Feb
SKU0214,WH2,210,372,Feb
SKU0133,WH8,166,408,May
SKU0012,WH5,63,202,May
SKU0158,WH8,82,126,Apr
SKU0129,WH7,64,383,Jun
SKU0341,WH1,72,409,Apr
SKU0228,WH4,365,251,Apr
SKU0090,WH7,260,137,Feb
SKU0061,WH3,311,169,May
SKU0155,WH3,332,156,Jun
SKU0325,WH5,189,419,Jan
SKU0386,WH1,140,455,Jun
SKU0131,WH1,348,147,Apr
SKU0252,WH2,104,191,Jun
SKU0143,WH2,330,442,Jun
SKU0126,WH1,350,171,Jun
SKU0130,WH7,389,163,Apr
SKU0133,WH3,114,253,May
SKU0049,WH7,143,327,Jan
SKU0430,WH7,251,274,Feb
SKU0053,WH3,313,259,Feb
SKU0427,WH2,187,169,Jun
SKU0168,WH8,303,400,Jan
SKU0044,WH7,482,253,Feb
SKU0405,WH3,113,147,Feb
SKU0096,WH8,398,320,Apr
SKU0210,WH1,446,89,Mar
SKU0286,WH4,314,242,May
SKU0260,WH4,286,230,Apr
SKU0218,WH3,389,464,May
SKU0189,WH8,160,315,Mar
SKU0424,WH6,266,467,May
SKU0417,WH2,134,289,Jan
SKU0037,WH3,154,342,Apr
SKU0328,WH4,254,446,Apr
SKU0008,WH2,326,343,Mar
SKU0378,WH2,446,94,Jun
SKU0106,WH8,126,187,Jan
SKU0160,WH3,61,327,Feb
SKU0383,WH3,369,366,Mar
SKU0362,WH1,449,471,May
SKU0409,WH1,384,363,Mar
SKU0263,WH3,390,459,Jun
SKU0145,WH3,214,124,Jun
SKU0118,WH3,148,354,Jan
SKU0295,WH5,301,146,Apr
SKU0101,WH6,399,400,Jun
SKU0194,WH1,469,159,May
SKU0412,WH4,386,147,Feb
SKU0400,WH8,296,394,Feb
SKU0352,WH1,473,111,Feb
SKU0420,WH6,112,186,Jan
SKU0469,WH4,117,365,Apr
SKU0116,WH6,428,259,Apr
SKU0229,WH5,95,335,Mar
SKU0301,WH6,77,326,Jan
SKU0115,WH2,124,483,Jan
SKU0285,WH6,365,78,May
SKU0455,WH6,268,217,Feb
SKU0285,WH7,421,194,Feb
SKU0473,WH3,496,245,Mar
SKU0403,WH1,82,146,Jun
SKU0314,WH3,444,113,Jun
SKU0088,WH6,430,328,Feb
SKU0452,WH1,201,440,Feb
SKU0399,WH2,421,467,Feb
SKU0341,WH5,289,201,Apr
SKU0150,WH8,234,184,Jun
SKU0053,WH8,423,313,Mar
SKU0023,WH8,209,308,Feb
SKU0338,WH6,260,409,Jan
SKU0231,WH1,243,292,Jun
SKU0064,WH5,153,414,Jan
SKU0367,WH8,112,268,Jan
SKU0053,WH7,262,181,May
SKU0425,WH8,124,112,Jan
SKU0364,WH4,222,243,Feb
SKU0455,WH4,396,118,Jan
SKU0173,WH6,261,443,Jan
SKU0487,WH6,320,368,Mar
SKU0499,WH5,496,470,May
SKU0214,WH1,97,180,Feb
SKU0302,WH8,428,206,Jun
SKU0363,WH6,438,414,Apr
SKU0010,WH7,171,239,Feb
SKU0383,WH8,117,338,Mar
SKU0158,WH1,279,493,Feb
SKU0326,WH1,80,219,Feb
SKU0291,WH5,398,300,Apr
SKU0093,WH4,171,367,Mar
SKU0123,WH1,368,283,Mar
SKU0433,WH6,473,380,Feb
SKU0410,WH6,239,183,Feb
SKU0075,WH8,373,161,May
SKU0196,WH2,154,226,Jun
SKU0265,WH5,101,121,Apr
SKU0329,WH3,163,422,Jan
SKU0218,WH4,289,476,Jan
SKU0387,WH5,168,314,May
SKU0092,WH6,373,428,Jan
SKU0360,WH1,202,356,Mar
SKU0291,WH5,255,302,Feb
SKU0107,WH3,109,319,Jan
SKU0211,WH2,217,201,Feb
SKU0474,WH5,218,121,Apr
SKU0086,WH8,85,210,Jun
SKU0102,WH3,236,299,May
SKU0298,WH7,475,78,Feb
SKU0482,WH1,276,51,Mar
SKU0231,WH3,188,264,Mar
SKU0471,WH6,77,287,Apr
SKU0339,WH2,64,144,Feb
SKU0155,WH4,192,263,May
SKU0364,WH2,110,229,May
SKU0327,WH6,435,413,Jun
SKU0032,WH3,207,478,May
SKU0393,WH2,305,389,Mar
SKU0255,WH5,250,215,Mar
SKU0225,WH1,191,94,Apr
SKU0195,WH1,311,193,Mar
SKU0393,WH5,293,392,Jan
SKU0027,WH3,460,296,Jan
SKU0288,WH2,406,352,May
SKU0205,WH5,493,458,Apr
SKU0193,WH3,342,278,May
SKU0370,WH2,406,362,May
SKU0022,WH5,146,452,Mar
SKU0178,WH1,384,388,Jan
SKU0386,WH4,437,215,Apr
SKU0117,WH5,142,177,Jan
SKU0154,WH4,51,277,Jun
SKU0013,WH8,209,115,Mar
SKU0264,WH5,479,312,Mar
SKU0115,WH8,439,325,Feb
SKU0447,WH8,415,437,Jun
SKU0436,WH8,252,124,Jun
SKU0405,WH3,74,293,Mar
SKU0114,WH8,114,386,Mar
SKU0223,WH2,323,150,Jan
SKU0207,WH1,372,412,Apr
SKU0498,WH3,139,320,Jan
SKU0357,WH6,54,253,Jan
SKU0057,WH3,54,241,Feb
SKU0378,WH2,439,234,Jan
SKU0073,WH4,189,227,Apr
SKU0409,WH1,178,66,Apr
SKU0408,WH5,314,154,Feb
SKU0112,WH3,108,449,Jan
SKU0180,WH6,181,161,Mar
SKU0332,WH5,315,148,Mar
SKU0119,WH1,230,308,Mar
SKU0174,WH6,382,222,Apr
SKU0228,WH5,448,349,Mar
SKU0464,WH7,408,367,Apr
SKU0038,WH4,469,397,May
SKU0331,WH6,368,425,Feb
SKU0191,WH3,156,442,May
SKU0374,WH7,333,432,Jun
SKU0037,WH4,160,365,Jun
SKU0481,WH1,282,124,Jan
SKU0326,WH3,103,293,Mar
SKU0498,WH6,423,123,Jun
SKU0235,WH6,84,362,Apr
SKU0175,WH3,313,404,Apr
SKU0092,WH7,407,286,Apr
SKU0285,WH3,455,148,Feb
SKU0271,WH6,159,144,Jan
SKU0135,WH5,166,494,Feb
SKU0496,WH5,82,241,Mar
SKU0227,WH6,465,285,Jun
SKU0367,WH3,298,426,May
SKU0022,WH6,373,322,Feb
SKU0288,WH4,140,162,Feb
SKU0170,WH4,430,107,Mar
SKU0339,WH5,397,352,May
SKU0319,WH5,170,101,May
SKU0001,WH2,349,323,Feb
SKU0132,WH6,185,86,Apr
SKU0123,WH6,106,247,Apr
SKU0455,WH7,316,291,Mar
SKU0233,WH6,300,450,Jun
SKU0135,WH2,98,308,Jan
SKU0192,WH3,239,279,Jun
SKU0451,WH6,178,338,Mar
SKU0482,WH7,198,261,Mar
SKU0012,WH2,428,425,Apr
SKU0132,WH5,87,282,May
SKU0011,WH2,388,152,Mar
SKU0253,WH6,468,129,Jan
SKU0082,WH7,90,277,Jun
SKU0450,WH5,363,440,Jun
SKU0442,WH2,367,307,Jan
SKU0469,WH6,173,409,May
SKU0237,WH7,128,211,May
SKU0210,WH5,457,181,Apr
SKU0204,WH4,413,98,Jun
SKU0273,WH7,290,450,Jun
SKU0403,WH2,82,376,Feb
SKU0400,WH5,138,189,Feb
SKU0403,WH2,123,253,Apr
SKU0493,WH2,318,123,May
SKU0450,WH8,497,221,Jan
SKU0306,WH4,398,394,Apr
SKU0124,WH7,90,482,Mar
SKU0279,WH5,434,173,Jun
SKU0419,WH2,251,118,Feb
SKU0394,WH1,403,66,May
SKU0035,WH8,427,215,Jun
SKU0470,WH3,218,291,Jan
SKU0235,WH1,86,361,Mar
SKU0306,WH2,120,494,Mar
SKU0307,WH5,227,252,Feb
SKU0443,WH3,460,414,Feb
SKU0040,WH1,240,135,Jun
SKU0460,WH3,88,133,Feb
SKU0424,WH2,186,292,Jan
SKU0413,WH3,359,337,May
SKU0013,WH7,53,105,Feb
SKU0316,WH4,58,200,May
SKU0400,WH7,379,371,Jan
SKU0026,WH5,357,158,May
SKU0115,WH1,86,372,Jan
SKU0430,WH3,473,182,Mar
SKU0079,WH5,370,456,Jan
SKU0198,WH2,320,432,Jun
SKU0280,WH6,139,100,May
SKU0150,WH4,356,202,May
SKU0434,WH3,420,73,Feb
SKU0288,WH6,413,335,Mar
SKU0055,WH2,52,356,Apr
SKU0150,WH4,353,79,Jan
SKU0185,WH4,77,121,Apr
SKU0499,WH6,112,479,Jun
SKU0273,WH6,355,162,Jan
SKU0116,WH4,128,277,Jun
SKU0001,WH1,420,234,Jun
SKU0149,WH2,54,462,Jan
SKU0270,WH1,171,262,Mar
SKU0230,WH8,168,295,Feb
SKU0120,WH1,117,111,Mar
SKU0339,WH4,158,136,Apr
SKU0067,WH6,267,78,Apr
SKU0495,WH7,434,214,Jan
SKU0092,WH4,392,395,Feb
SKU0083,WH4,498,137,May
SKU0148,WH8,363,174,May
SKU0307,WH3,483,89,Feb
SKU0192,WH3,316,232,Jun
SKU0009,WH2,356,172,Jan
SKU0287,WH3,72,75,Jun
SKU0379,WH5,435,204,May
SKU0364,WH2,381,100,Jun
SKU0046,WH2,97,268,Jun
SKU0174,WH3,147,415,Jan
SKU0456,WH7,98,168,Jun
SKU0288,WH2,412,327,Mar
SKU0025,WH7,316,370,Apr
SKU0022,WH4,120,215,Feb
SKU0214,WH5,473,268,Mar
SKU0228,WH8,402,50,May
SKU0358,WH3,462,64,Jun
SKU0125,WH1,459,316,Mar
SKU0169,WH2,216,489,Mar
SKU0485,WH8,294,215,May
SKU0262,WH3,438,398,Mar
SKU0246,WH7,153,231,Feb
SKU0188,WH7,482,271,May
SKU0013,WH1,71,72,May
SKU0248,WH8,160,155,Jan
SKU0377,WH1,372,139,Jun
SKU0009,WH2,243,470,May
SKU0341,WH5,359,484,Jun
SKU0400,WH4,140,366,May
SKU0061,WH5,433,131,Apr
SKU0081,WH4,203,128,Jan
SKU0308,WH2,124,409,Feb
SKU0453,WH1,325,455,Mar
SKU0493,WH7,404,371,Apr
SKU0006,WH1,256,422,Jun
SKU0404,WH7,278,305,Jan
SKU0148,WH3,52,104,May
SKU0313,WH6,288,372,May
SKU0245,WH5,403,331,Jan
SKU0433,WH5,442,142,Jan
SKU0399,WH5,472,425,Apr
SKU0250,WH1,225,171,Apr
SKU0343,WH5,297,343,Apr
SKU0313,WH7,249,99,Jan
SKU0136,WH1,330,200,Jan
SKU0217,WH8,331,102,Apr
SKU0244,WH6,486,88,Apr
SKU0262,WH3,285,456,Jan
SKU0433,WH6,100,397,May
SKU0463,WH8,89,161,Apr
SKU0219,WH6,286,148,Apr
SKU0424,WH2,492,243,Jan
SKU0287,WH2,162,205,Feb
SKU0071,WH3,437,365,Feb
SKU0481,WH6,355,443,Apr
SKU0100,WH5,163,339,Jun
SKU0402,WH8,242,260,Mar
SKU0436,WH6,267,50,Feb
SKU0236,WH8,385,279,Jun
SKU0094,WH5,293,470,Apr
SKU0475,WH1,369,299,Mar
SKU0202,WH7,192,120,Jan
SKU0472,WH6,437,255,Jun
SKU0035,WH7,336,107,Mar
SKU0286,WH2,147,65,Apr
SKU0178,WH4,478,141,Feb
SKU0387,WH4,83,113,Jun
SKU0073,WH7,237,461,Feb
SKU0464,WH2,314,119,Jan
SKU0098,WH5,199,333,Feb
SKU0449,WH2,491,451,Jun
SKU0259,WH2,62,131,May
SKU0005,WH8,331,220,Feb
SKU0089,WH2,172,256,Jun
SKU0437,WH8,200,447,Mar
SKU0293,WH6,456,327,Feb
SKU0012,WH7,289,191,Jun
SKU0258,WH6,97,68,Mar
SKU0123,WH8,215,399,May
SKU0334,WH2,395,324,Jan
SKU0413,WH3,375,433,Jun
SKU0249,WH4,203,216,May
SKU0185,WH7,59,466,Jun
SKU0284,WH7,138,215,Apr
SKU0340,WH2,460,81,Mar
SKU0299,WH5,186,63,Jan
SKU0328,WH1,217,403,May
SKU0135,WH6,224,200,Jan
SKU0238,WH3,206,147,Apr
SKU0459,WH7,386,388,Apr
SKU0337,WH3,432,138,May
SKU0261,WH7,151,331,Mar
SKU0321,WH2,457,355,May
SKU0461,WH4,400,400,Feb
SKU0041,WH2,77,432,Apr
SKU0187,WH5,388,410,Jan
SKU0342,WH5,227,246,Jun
SKU0208,WH1,210,423,Jan
SKU0095,WH4,243,413,Apr
SKU0061,WH2,174,360,Jan
SKU0067,WH5,419,453,Mar
SKU0310,WH8,478,489,May
SKU0054,WH1,276,192,Jun
SKU0315,WH4,324,492,May
SKU0305,WH4,318,362,Feb
SKU0457,WH2,396,208,Feb
SKU0436,WH3,316,118,Jan
SKU0499,WH4,206,63,Jan
SKU0350,WH8,155,327,Apr
SKU0484,WH5,105,302,Jun
SKU0418,WH2,310,352,Jun
SKU0227,WH5,117,388,Jun
SKU0156,WH1,419,155,Feb
SKU0058,WH3,179,283,Jun
SKU0271,WH3,340,177,Jun
SKU0251,WH4,440,347,Feb
SKU0275,WH3,75,297,Mar
SKU0288,WH4,121,366,Jun
SKU0472,WH7,362,182,Jun
SKU0474,WH6,354,73,May
SKU0103,WH1,274,447,Jan
SKU0464,WH4,493,97,Apr
SKU0225,WH4,60,320,Feb
SKU0386,WH4,425,333,Apr
SKU0312,WH5,261,430,Feb
SKU0080,WH3,461,299,Mar
SKU0174,WH1,58,210,Feb
SKU0285,WH4,83,149,Jan
SKU0091,WH8,302,352,Jun
SKU0461,WH7,228,484,Jan
SKU0320,WH2,499,390,Mar
SKU0258,WH2,456,489,May
SKU0097,WH4,257,243,Jun
SKU0421,WH6,424,103,Apr
SKU0318,WH3,320,178,Jun
SKU0052,WH3,491,62,Mar
SKU0191,WH2,189,385,Jan
SKU0212,WH8,245,488,May
SKU0139,WH2,248,150,Jun
SKU0067,WH7,156,256,Mar
SKU0249,WH7,225,280,Mar
SKU0177,WH3,484,349,Jan
SKU0326,WH3,437,389,Feb
SKU0164,WH4,112,176,Feb
SKU0153,WH7,333,359,May
SKU0238,WH8,162,383,Mar
SKU0468,WH2,123,244,Jun
SKU0213,WH6,366,384,May
SKU0356,WH7,96,413,Mar
SKU0377,WH4,281,305,May
SKU0393,WH1,322,226,Jan
SKU0092,WH5,476,119,Mar
SKU0338,WH8,356,186,Feb
SKU0266,WH6,75,220,Jan
SKU0385,WH5,113,286,Jan
SKU0132,WH1,139,498,May
SKU0282,WH7,409,407,Mar
SKU0459,WH7,312,241,Feb
SKU0309,WH8,271,286,Jun
SKU0373,WH8,312,472,Feb
SKU0023,WH2,425,144,Mar
SKU0196,WH1,414,302,May
SKU0258,WH3,393,342,Mar
SKU0244,WH1,52,331,Apr
SKU0385,WH7,141,467,Feb
SKU0009,WH5,210,135,Mar
SKU0443,WH1,352,85,Feb
SKU0201,WH5,189,95,Apr
SKU0340,WH1,199,369,Apr
SKU0437,WH3,190,251,Mar
SKU0077,WH6,278,305,Apr
SKU0042,WH2,439,162,Feb
SKU0153,WH4,356,459,May
SKU0138,WH4,93,59,Jan
SKU0401,WH4,179,298,Jan
SKU0133,WH3,210,80,Jan
SKU0077,WH8,235,131,Jun
SKU0091,WH1,181,363,Jan
SKU0141,WH8,480,333,Mar
SKU0033,WH7,245,468,May
SKU0109,WH1,274,305,Apr
SKU0447,WH1,105,418,Apr
SKU0061,WH1,372,260,Mar
SKU0101,WH4,385,234,May
SKU0484,WH2,487,126,May
SKU0406,WH2,141,453,Feb
SKU0050,WH3,123,85,Apr
SKU0396,WH4,357,112,May
SKU0275,WH4,165,119,May
SKU0342,WH5,66,477,Apr
SKU0006,WH4,262,190,Jun
SKU0312,WH4,241,466,Feb
SKU0089,WH1,489,164,Apr
SKU0496,WH4,324,483,May
SKU0260,WH1,260,478,Apr
SKU0025,WH3,270,232,May
SKU0275,WH6,395,99,May
SKU0438,WH7,349,389,Jan
SKU0010,WH3,50,101,Jun
SKU0473,WH6,123,352,Jun
SKU0018,WH8,362,476,Mar
SKU0115,WH8,328,392,Jan
SKU0110,WH1,128,443,Mar
SKU0330,WH7,473,155,Jan
SKU0259,WH8,370,127,Apr
SKU0037,WH7,421,419,May
SKU0446,WH3,159,353,Mar
SKU0491,WH1,471,245,Jan
SKU0067,WH3,197,383,Jun
SKU0418,WH4,420,430,Feb
SKU0391,WH1,484,154,Mar
SKU0281,WH2,389,422,Feb
SKU0453,WH4,200,301,Jun
SKU0244,WH2,400,488,May
SKU0222,WH4,130,91,May
SKU0404,WH8,268,269,Jun
SKU0385,WH2,151,80,May
SKU0249,WH8,351,463,May
SKU0367,WH7,310,375,Feb
SKU0272,WH6,469,286,Jan
SKU0495,WH7,93,56,Feb
SKU0079,WH7,277,465,Jun
SKU0285,WH3,356,347,Mar
SKU0187,WH4,136,459,May
SKU0153,WH4,421,189,Feb
SKU0461,WH1,465,191,Jun
SKU0015,WH2,163,346,Jun
SKU0097,WH6,199,92,Feb
SKU0366,WH1,140,335,Feb
SKU0419,WH6,100,58,Jun
SKU0326,WH1,255,383,May
SKU0417,WH3,469,453,May
SKU0287,WH6,252,74,Mar
SKU0357,WH8,290,180,Apr
SKU0051,WH6,123,86,Mar
SKU0131,WH2,406,461,Jan
SKU0206,WH7,443,123,May
SKU0129,WH4,283,493,Feb
SKU0186,WH4,437,379,Apr
SKU0162,WH5,124,237,May
SKU0424,WH8,131,285,Feb
SKU0286,WH3,279,197,Jun
SKU0424,WH4,166,303,Jan
SKU0198,WH5,105,257,May
SKU0074,WH1,283,118,Apr
SKU0353,WH8,172,425,May
SKU0113,WH4,152,441,Apr
SKU0398,WH4,50,254,Apr
SKU0313,WH4,255,121,Jun
SKU0268,WH4,463,142,Apr
SKU0436,WH6,274,337,Mar
SKU0455,WH8,251,157,Jan
SKU0261,WH3,294,201,Jun
SKU0279,WH8,155,260,May
SKU0128,WH4,226,74,May
SKU0317,WH5,208,417,Jun
SKU0166,WH1,98,265,Jun
SKU0219,WH8,237,305,Apr
SKU0333,WH4,318,69,Feb
SKU0005,WH1,104,358,Apr
SKU0324,WH1,432,162,May
SKU0138,WH3,249,305,May
SKU0493,WH7,148,152,May
SKU0053,WH6,210,70,Apr
SKU0477,WH1,446,334,Apr
SKU0333,WH6,136,250,Mar
SKU0191,WH5,431,367,Jun
SKU0148,WH1,461,121,Jun
SKU0218,WH5,250,211,May
SKU0446,WH7,246,352,May
SKU0103,WH6,97,91,May
SKU0124,WH3,259,147,Apr
SKU0012,WH2,245,58,May
SKU0210,WH4,289,384,Jun
SKU0313,WH6,51,257,Apr
SKU0053,WH7,318,399,Jan
SKU0349,WH2,91,278,Mar
SKU0156,WH4,451,469,Jan
SKU0163,WH4,382,56,Feb
SKU0197,WH8,319,244,Jun
SKU0313,WH8,260,273,Jan
SKU0386,WH2,346,291,Mar
SKU0072,WH5,62,467,Jun
SKU0481,WH5,251,286,Feb
SKU0400,WH5,159,153,Jun
SKU0087,WH4,241,295,May
SKU0123,WH3,398,404,May
SKU0336,WH8,261,299,May
SKU0126,WH1,348,233,Mar
SKU0311,WH1,348,86,Feb
SKU0327,WH8,436,119,Feb
SKU0087,WH1,72,232,Feb
SKU0351,WH2,106,469,Jun
SKU0432,WH3,404,168,Jun
SKU0272,WH1,363,187,May
SKU0483,WH6,297,280,Apr
SKU0099,WH2,489,346,Jan
SKU0450,WH5,396,228,Apr
SKU0249,WH8,425,54,Apr
SKU0155,WH6,114,214,Mar
SKU0211,WH1,486,106,Jan
SKU0358,WH1,157,297,Apr
SKU0132,WH5,443,279,Apr
SKU0170,WH4,347,78,May
SKU0235,WH5,404,105,Apr
SKU0026,WH8,138,251,Apr
SKU0323,WH4,136,402,Jun
SKU0453,WH7,321,336,Mar
SKU0197,WH6,309,288,Jun
SKU0353,WH6,162,145,May
SKU0480,WH2,156,295,May
SKU0335,WH6,407,229,Jun
SKU0311,WH4,383,318,Apr
SKU0344,WH6,98,277,Jan
SKU0471,WH7,405,78,Jun
SKU0289,WH2,169,158,Feb
SKU0262,WH7,362,136,Jan
SKU0334,WH7,216,235,Jan
SKU0058,WH5,80,205,Jan
SKU0242,WH5,340,154,Apr
SKU0159,WH4,226,208,May
SKU0090,WH8,266,224,Mar
SKU0240,WH5,491,242,May
SKU0497,WH2,461,493,Apr
SKU0168,WH1,451,79,May
SKU0452,WH5,397,151,Apr
SKU0339,WH6,412,359,Jan
SKU0001,WH3,200,135,Feb
SKU0267,WH8,360,369,May
SKU0009,WH5,409,445,Feb
SKU0136,WH3,337,61,Jun
SKU0344,WH8,435,489,Feb
SKU0136,WH7,368,196,Feb
SKU0021,WH1,211,341,Apr
SKU0005,WH1,420,164,Mar
SKU0047,WH6,438,191,May
SKU0344,WH1,443,181,Jan
SKU0054,WH1,348,182,Feb
SKU0472,WH1,487,347,Apr
SKU0050,WH6,356,412,Mar
SKU0172,WH5,215,365,Mar
SKU0354,WH5,65,86,Feb
SKU0422,WH7,189,80,Apr
SKU0223,WH1,364,429,May
SKU0348,WH7,172,362,Mar
SKU0479,WH4,498,485,Jun
SKU0427,WH1,350,291,Mar
SKU0244,WH1,259,92,Feb
SKU0130,WH3,356,251,Apr
SKU0411,WH2,88,360,Apr
SKU0167,WH5,194,138,Apr
SKU0147,WH6,472,389,Apr
SKU0268,WH6,292,314,Jun
SKU0009,WH3,238,381,Feb
SKU0047,WH1,334,101,Feb
SKU0182,WH5,131,157,Mar
SKU0221,WH2,428,382,Mar
SKU0093,WH8,483,230,May
SKU0380,WH1,185,412,Jan
SKU0217,WH2,163,338,Mar
SKU0315,WH7,402,51,Feb
SKU0223,WH3,364,72,May
SKU0051,WH4,133,321,Mar
SKU0312,WH2,437,225,May
SKU0318,WH6,446,297,Jun
SKU0440,WH1,407,410,Jun
SKU0282,WH1,141,263,Feb
SKU0090,WH4,251,181,Apr
SKU0313,WH5,411,458,May
SKU0460,WH7,432,117,Apr
SKU0100,WH8,457,244,Jan
SKU0442,WH3,498,157,Mar
SKU0421,WH8,166,88,Feb
SKU0343,WH8,271,158,May
SKU0143,WH5,177,421,Apr
SKU0329,WH7,409,71,Jun
SKU0348,WH1,272,237,Feb
SKU0088,WH1,270,213,May
SKU0367,WH2,367,226,Apr
SKU0279,WH8,249,138,Jan
SKU0175,WH6,334,338,Apr
SKU0179,WH7,208,126,Jun
SKU0159,WH7,368,260,Jan
SKU0286,WH6,305,196,Apr
SKU0371,WH2,327,376,Apr
SKU0228,WH4,229,418,Mar
SKU0479,WH2,439,55,Feb
SKU0113,WH4,490,333,Jan
SKU0045,WH4,425,400,Feb
SKU0013,WH5,386,242,Jun
SKU0391,WH2,184,254,Mar
SKU0030,WH1,146,255,Apr
SKU0124,WH6,284,319,Jan
SKU0377,WH8,59,413,Jun
SKU0389,WH8,388,189,Mar
SKU0076,WH3,227,400,Mar
SKU0351,WH4,249,364,Jan
SKU0170,WH3,377,405,Jun
SKU0239,WH1,315,130,Apr
SKU0278,WH4,152,57,Jan
SKU0373,WH8,236,127,Jun
SKU0022,WH6,100,315,May
SKU0065,WH4,154,391,Mar
SKU0150,WH5,402,406,May
SKU0008,WH7,324,129,Feb
SKU0145,WH6,278,247,Jun
SKU0176,WH4,154,353,Mar
SKU0229,WH4,355,137,Jun
SKU0283,WH7,106,487,Jun
SKU0063,WH7,65,303,Apr
SKU0362,WH3,444,99,Mar
SKU0270,WH4,145,96,May
SKU0226,WH7,243,206,Apr
SKU0353,WH6,63,407,Mar
SKU0389,WH5,293,58,Jun
SKU0298,WH4,87,290,Jan
SKU0216,WH7,117,115,Feb
SKU0452,WH3,173,276,May
SKU0149,WH2,289,374,Mar
SKU0281,WH1,147,103,Jun
SKU0345,WH2,239,449,May
SKU0404,WH2,243,441,Feb
SKU0427,WH2,372,71,May
SKU0470,WH7,338,192,Jan
SKU0032,WH4,106,170,Feb
SKU0226,WH1,129,205,Jan
SKU0339,WH6,58,462,Apr
SKU0254,WH6,281,81,Jun
SKU0001,WH8,59,321,Jan
SKU0017,WH3,329,82,May
SKU0086,WH2,360,469,May
SKU0166,WH1,371,216,Feb
SKU0357,WH2,406,483,Apr
SKU0337,WH4,474,404,Jan
SKU0362,WH4,264,63,May
SKU0466,WH6,399,344,May
SKU0041,WH4,487,248,Mar
SKU0487,WH1,485,69,Mar
SKU0496,WH5,250,99,Feb
SKU0267,WH7,480,216,Feb
SKU0333,WH6,198,313,Mar
SKU0328,WH6,392,428,May
SKU0224,WH4,72,79,Apr
SKU0056,WH7,51,296,Apr
SKU0065,WH2,353,389,Jun
SKU0173,WH3,389,280,Feb
SKU0012,WH6,190,197,Feb
SKU0116,WH1,78,77,Jun
SKU0188,WH8,80,375,Mar
SKU0396,WH4,119,487,Mar
SKU0188,WH6,58,453,Apr
SKU0495,WH7,182,200,Jan
SKU0355,WH5,126,122,May
SKU0263,WH1,457,88,Jan
SKU0083,WH4,294,339,May
SKU0472,WH2,456,199,Apr
SKU0006,WH1,258,137,Jan
SKU0035,WH5,201,362,Feb
SKU0257,WH1,106,224,Feb
SKU0040,WH3,469,67,Apr
SKU0367,WH5,129,313,Apr
SKU0380,WH8,172,366,Jan
SKU0168,WH8,354,463,Feb
SKU0109,WH8,298,171,Feb
SKU0492,WH2,364,482,Jun
SKU0281,WH1,285,249,Jan
SKU0391,WH6,63,496,Jun
SKU0464,WH4,470,482,Feb
SKU0056,WH2,398,92,Jan
SKU0417,WH2,111,142,Jan
SKU0257,WH5,92,194,Apr
SKU0151,WH1,191,377,Mar
SKU0478,WH1,356,476,Apr
SKU0128,WH6,301,488,Jan
SKU0135,WH8,447,495,Jan
SKU0382,WH2,242,294,Jun
SKU0483,WH7,76,327,Feb
SKU0438,WH8,483,322,Feb
SKU0285,WH8,489,299,Apr
SKU0102,WH8,183,117,Apr
SKU0454,WH1,266,197,Mar
SKU0100,WH2,181,462,May
SKU0352,WH8,449,223,Mar
SKU0265,WH6,69,447,Jan
SKU0020,WH1,148,464,Apr
SKU0084,WH1,379,80,Apr
SKU0443,WH8,248,308,Mar
SKU0476,WH4,380,71,Mar
SKU0094,WH1,338,175,Feb
SKU0047,WH8,162,230,Jun
SKU0058,WH6,111,103,Mar
SKU0197,WH3,379,76,Jan
SKU0111,WH4,144,465,Feb
SKU0274,WH5,493,336,Jun
SKU0262,WH3,260,421,Feb
SKU0199,WH1,113,216,Feb
SKU0003,WH7,162,495,Mar
SKU0180,WH7,313,106,May
SKU0357,WH8,101,372,May
SKU0061,WH3,226,152,Apr
SKU0204,WH8,288,367,Jun
SKU0383,WH4,372,396,Apr
SKU0289,WH3,436,338,Apr
SKU0216,WH3,163,109,Jun
SKU0276,WH8,274,463,Jan
SKU0218,WH2,262,446,May
SKU0357,WH1,146,197,Jun
SKU0196,WH5,244,185,Apr
SKU0095,WH7,333,125,Mar
SKU0306,WH4,134,454,Mar
SKU0217,WH7,466,190,Jan
SKU0158,WH5,89,295,May
SKU0113,WH2,160,79,Feb
SKU0401,WH3,337,98,Feb
SKU0159,WH5,350,235,May
SKU0360,WH4,242,351,Feb
SKU0142,WH5,207,51,May
SKU0417,WH6,257,452,Mar
SKU0078,WH4,254,332,Jan
SKU0303,WH6,430,184,Mar
SKU0363,WH1,369,227,Apr
SKU0486,WH4,362,268,Apr
SKU0211,WH3,176,358,Jun
SKU0230,WH6,86,123,Jan
SKU0491,WH4,179,346,Jan
SKU0184,WH2,81,189,Jan
SKU0465,WH5,347,450,Mar
SKU0481,WH8,289,361,Jan
SKU0014,WH2,158,126,Mar
SKU0029,WH4,439,169,Jun
SKU0006,WH7,420,70,Jun
SKU0152,WH6,388,378,Apr
SKU0028,WH5,194,278,Feb
SKU0356,WH8,260,319,Feb
SKU0312,WH8,90,413,Mar
SKU0387,WH5,356,71,Apr
SKU0102,WH2,239,442,Jun
SKU0388,WH2,82,55,May
SKU0166,WH5,50,462,May
SKU0032,WH5,487,171,Jun
SKU0243,WH6,239,221,Jun
SKU0182,WH1,208,65,May
SKU0444,WH6,204,275,Apr
SKU0373,WH5,91,349,Apr
SKU0201,WH8,105,334,Jan
SKU0170,WH4,237,70,May
SKU0493,WH1,203,115,Jun
SKU0304,WH3,199,121,Feb
SKU0332,WH1,466,341,Feb
SKU0178,WH7,145,180,May
SKU0360,WH1,467,490,Jun
SKU0186,WH5,472,290,Mar
SKU0226,WH4,301,354,Feb
SKU0353,WH1,188,90,Apr
SKU0293,WH7,108,278,Jun
SKU0379,WH8,341,141,Jun
SKU0361,WH6,131,483,May
SKU0367,WH4,123,63,Feb
SKU0441,WH7,467,456,Jun
SKU0023,WH1,103,161,Jan
SKU0091,WH6,199,371,Jan
SKU0330,WH4,72,217,Jun
SKU0320,WH4,163,198,Apr
SKU0336,WH4,316,270,Mar
SKU0218,WH6,426,274,Jan
SKU0376,WH6,436,348,Jun
SKU0310,WH3,348,479,Jun
SKU0287,WH6,300,481,Jun
SKU0044,WH6,218,246,Mar
SKU0498,WH2,124,335,Mar
SKU0184,WH6,71,473,Jan
SKU0494,WH5,200,347,Feb
SKU0388,WH5,138,73,Jun
SKU0227,WH6,99,258,Mar
SKU0034,WH6,347,364,Feb
SKU0334,WH2,297,242,May
SKU0425,WH3,164,103,May
SKU0116,WH5,173,364,Mar
SKU0301,WH6,143,283,Jan
SKU0193,WH5,201,431,Apr
SKU0142,WH7,306,384,Jan
SKU0319,WH5,273,365,Feb
SKU0010,WH3,445,87,Feb
SKU0418,WH7,69,435,Apr
SKU0078,WH4,153,242,Mar
SKU0436,WH7,150,441,May
SKU0063,WH2,82,60,Mar
SKU0317,WH6,461,475,Apr
SKU0056,WH1,219,293,Mar
SKU0127,WH7,266,232,Jan
SKU0069,WH3,448,474,Jan
SKU0371,WH3,227,278,Apr
SKU0322,WH4,456,180,Jan
SKU0443,WH3,177,188,Jan
SKU0446,WH2,241,365,Jun
SKU0068,WH3,210,187,May
SKU0306,WH5,159,189,Apr
SKU0016,WH5,82,434,Feb
SKU0488,WH6,106,345,Mar
SKU0363,WH4,308,88,Jun
SKU0080,WH6,89,65,Feb
SKU0267,WH3,198,421,Feb
SKU0302,WH4,115,404,May
SKU0196,WH5,227,458,May
SKU0302,WH4,125,461,Jan
SKU0448,WH2,195,301,Feb
SKU0300,WH1,148,476,Apr
SKU0366,WH4,362,312,Mar
SKU0429,WH4,135,385,Jan
SKU0233,WH8,399,386,Apr
SKU0198,WH1,128,422,Jan
SKU0392,WH8,209,301,Apr
SKU0092,WH4,97,206,Jan
SKU0308,WH1,157,252,Mar
SKU0454,WH4,410,131,Apr
SKU0234,WH2,472,171,Jan
SKU0230,WH5,206,381,Mar
SKU0287,WH6,338,240,Jun
SKU0229,WH5,205,188,Mar
SKU0228,WH8,243,434,Mar
SKU0203,WH4,90,176,Jan
SKU0080,WH6,158,333,Apr
SKU0363,WH6,173,168,May
SKU0437,WH2,63,95,May
SKU0168,WH3,164,387,Apr
SKU0373,WH8,415,52,Mar
SKU0288,WH1,105,191,Jan
SKU0386,WH3,456,216,Feb
SKU0012,WH3,60,74,Feb
SKU0032,WH3,375,212,Mar
SKU0396,WH7,171,335,Apr
SKU0158,WH8,409,473,Jan
SKU0291,WH4,363,144,Apr
SKU0046,WH1,297,171,Mar
SKU0275,WH6,176,280,Jan
SKU0065,WH3,482,444,Jun
SKU0453,WH7,254,115,May
SKU0125,WH8,88,88,Apr
SKU0500,WH7,364,333,Apr
SKU0111,WH4,281,241,Mar
SKU0273,WH7,415,280,Apr
SKU0154,WH6,67,180,Mar
SKU0477,WH6,229,426,Jun
SKU0180,WH3,413,133,Jun
SKU0452,WH1,263,123,Jun
SKU0396,WH5,53,269,May
SKU0419,WH8,339,424,Mar
SKU0028,WH3,126,418,Mar
SKU0343,WH5,51,311,Jan
SKU0055,WH8,307,213,Jun
SKU0337,WH2,289,436,Jun
SKU0279,WH6,67,136,Apr
SKU0305,WH7,440,69,Mar
SKU0090,WH6,394,293,Mar
SKU0379,WH8,175,170,Jan
SKU0489,WH1,475,490,Jan
SKU0262,WH3,445,101,Jun
SKU0055,WH4,74,314,Apr
SKU0172,WH5,283,154,Jan
SKU0010,WH1,244,124,Apr
SKU0415,WH6,492,373,Jun
SKU0499,WH3,236,355,Apr
SKU0167,WH7,77,183,Feb
SKU0121,WH4,480,92,Feb
SKU0397,WH3,124,361,Mar
SKU0186,WH6,409,66,Apr
SKU0026,WH6,173,337,Apr
SKU0075,WH6,314,316,Feb
SKU0466,WH2,255,284,Jun
SKU0331,WH5,453,203,Jan
SKU0357,WH5,302,195,Jan
SKU0019,WH5,82,79,Jan
SKU0130,WH6,70,241,Apr
SKU0153,WH6,496,412,Feb
SKU0130,WH8,443,209,Jun
SKU0370,WH1,168,106,May
SKU0067,WH6,92,111,Feb
SKU0383,WH7,461,440,Mar
SKU0347,WH7,195,438,Jan
SKU0326,WH3,172,299,Jan
SKU0310,WH6,118,375,Jun
SKU0215,WH3,90,191,Apr
SKU0050,WH3,349,388,Mar
SKU0465,WH2,484,152,Jun
SKU0063,WH2,403,351,Feb
SKU0098,WH5,86,61,Jun
SKU0298,WH5,108,432,Apr
SKU0108,WH2,346,132,May
SKU0393,WH4,203,99,Jan
SKU0191,WH8,421,413,May
SKU0338,WH5,338,384,Jun
SKU0343,WH7,151,122,Jan
SKU0336,WH6,234,474,Jan
SKU0077,WH5,469,57,Mar
SKU0289,WH3,318,308,Mar
SKU0377,WH4,90,357,Apr
SKU0006,WH7,464,383,Mar
SKU0318,WH7,156,188,Jan
SKU0014,WH7,72,97,Feb
SKU0473,WH6,178,189,Jan
SKU0489,WH2,103,294,Feb
SKU0230,WH3,275,356,Jun
SKU0310,WH8,153,53,Jun
SKU0355,WH6,296,163,Jun
SKU0200,WH8,408,194,Mar
SKU0097,WH5,270,420,May
SKU0123,WH6,133,334,May
SKU0102,WH3,322,159,Mar
SKU0184,WH4,447,456,Jun
SKU0078,WH1,456,111,May
SKU0377,WH8,497,177,Jun
SKU0109,WH3,346,128,Feb
SKU0228,WH6,374,189,May
SKU0427,WH5,347,97,Feb
SKU0260,WH1,460,466,Mar
SKU0363,WH2,323,446,Mar
SKU0323,WH3,300,400,May
SKU0081,WH5,70,215,Jan
SKU0337,WH1,470,170,Apr
SKU0466,WH1,275,293,May
SKU0273,WH7,106,264,Mar
SKU0289,WH1,340,254,Mar
SKU0054,WH5,125,163,Mar
SKU0453,WH6,366,227,Apr
SKU0357,WH3,402,430,Apr
SKU0285,WH1,149,317,Jan
SKU0412,WH8,180,264,Apr
SKU0139,WH2,457,331,Mar
SKU0171,WH7,168,400,May
SKU0033,WH1,498,268,Apr
SKU0035,WH5,306,162,Mar
SKU0343,WH1,233,399,May
SKU0173,WH2,214,114,Apr
SKU0086,WH2,285,52,Apr
SKU0454,WH2,313,185,Feb
SKU0320,WH2,456,428,Jun
SKU0232,WH1,216,303,Apr
SKU0480,WH5,481,139,Apr
SKU0453,WH2,59,207,Jan
SKU0458,WH3,419,348,Jun
SKU0210,WH8,203,447,Mar
SKU0260,WH6,293,66,Feb
SKU0307,WH8,346,422,Apr
SKU0338,WH6,124,248,Mar
SKU0318,WH3,154,473,Apr
SKU0283,WH4,211,243,Jan
SKU0062,WH8,395,441,Jan
SKU0120,WH6,195,297,Mar
SKU0446,WH4,287,183,May
SKU0314,WH8,339,451,Apr
SKU0276,WH1,113,280,May
SKU0245,WH3,182,371,Mar
SKU0329,WH3,286,179,Feb
SKU0358,WH4,329,493,Feb
SKU0313,WH6,132,173,Apr
SKU0017,WH2,442,436,Apr
SKU0293,WH7,418,270,Feb
SKU0167,WH1,246,162,Jan
SKU0391,WH3,297,312,Jun
SKU0210,WH4,271,224,Apr
SKU0124,WH4,195,79,Mar
SKU0016,WH2,167,84,Apr
SKU0348,WH5,324,364,Mar
SKU0393,WH5,186,495,Feb
SKU0145,WH6,216,480,Apr
SKU0273,WH6,108,424,Jan
SKU0495,WH6,458,322,Mar
SKU0323,WH7,135,358,Jan
SKU0286,WH7,462,466,Mar
SKU0352,WH7,387,368,May
SKU0192,WH3,144,174,Jun
SKU0111,WH8,219,475,Jan
SKU0042,WH4,291,225,Jun
SKU0385,WH2,453,111,Jan
SKU0326,WH8,283,148,Jun
SKU0486,WH5,432,312,Jan
SKU0162,WH5,346,164,Jan
SKU0336,WH2,275,280,Jan
SKU0060,WH1,57,232,Feb
SKU0154,WH2,294,278,Apr
SKU0163,WH6,321,215,Jan
SKU0423,WH1,250,395,Jun
SKU0199,WH4,406,374,May
SKU0344,WH4,414,294,Mar
SKU0292,WH1,77,88,Jun
SKU0366,WH3,291,462,Feb
SKU0121,WH8,162,383,Jun
SKU0337,WH6,261,206,Apr
SKU0070,WH4,287,158,Feb
SKU0356,WH6,312,408,Jun
SKU0273,WH7,413,279,Feb
SKU0041,WH6,276,488,Jun
SKU0369,WH3,223,256,Jun
SKU0324,WH6,66,109,May
SKU0439,WH2,101,301,Apr
SKU0275,WH7,297,243,May
SKU0115,WH2,270,53,May
SKU0090,WH4,464,69,Apr
SKU0190,WH5,288,407,Feb
SKU0331,WH3,392,484,Feb
SKU0043,WH8,275,259,Feb
SKU0096,WH2,400,283,May
SKU0217,WH3,63,247,Apr
SKU0160,WH5,234,104,Feb
SKU0186,WH2,251,95,Mar
SKU0482,WH6,301,96,May
SKU0280,WH1,231,135,Jan
SKU0190,WH6,499,125,Feb
SKU0048,WH4,147,375,May
SKU0444,WH3,230,447,Apr
SKU0358,WH6,193,259,Apr
SKU0488,WH2,358,438,Jan
SKU0111,WH4,299,337,Feb
SKU0232,WH7,423,427,Jan
SKU0491,WH6,159,395,Apr
SKU0033,WH7,249,290,Feb
SKU0293,WH8,320,219,Mar
SKU0296,WH3,316,473,Mar
SKU0497,WH6,140,400,Mar
SKU0181,WH3,362,453,Jan
SKU0413,WH3,394,350,Jun
SKU0118,WH6,472,189,Feb
SKU0212,WH6,115,474,Jun
SKU0343,WH5,318,291,Mar
SKU0235,WH8,228,287,Jun
SKU0349,WH2,262,187,Jun
SKU0037,WH3,387,422,Jan
SKU0061,WH8,239,435,Feb
SKU0415,WH5,462,489,Apr
SKU0306,WH2,57,193,Jun
SKU0099,WH4,197,94,Mar
SKU0229,WH5,168,480,Mar
SKU0091,WH3,177,218,Jan
SKU0286,WH2,150,349,Jun
SKU0146,WH7,273,431,Jan
SKU0201,WH2,250,419,Jun
SKU0377,WH8,335,376,Mar
SKU0005,WH7,491,235,Jun
SKU0274,WH2,356,232,Apr
SKU0193,WH4,197,262,Jan
SKU0372,WH2,343,330,Jan
SKU0212,WH6,300,317,Mar
SKU0062,WH6,264,451,Jan
SKU0308,WH2,57,498,Mar
SKU0334,WH6,169,384,Mar
SKU0230,WH3,498,487,Feb
SKU0432,WH6,183,369,Jan
SKU0126,WH4,221,240,Mar
SKU0149,WH8,178,64,Jan
SKU0071,WH6,498,425,Jun
SKU0079,WH6,94,118,May
SKU0261,WH8,445,258,May
SKU0489,WH6,127,404,May
SKU0112,WH6,437,439,Feb
SKU0006,WH8,348,206,Feb
SKU0112,WH7,74,459,May
SKU0405,WH5,395,297,Apr
SKU0254,WH4,433,124,Jun
SKU0257,WH1,317,412,Jan
SKU0166,WH6,259,178,Feb
SKU0133,WH6,343,462,Mar
SKU0318,WH6,156,253,Jun
SKU0138,WH1,361,448,Jan
SKU0176,WH4,307,351,Mar
SKU0323,WH4,61,241,Apr
SKU0060,WH4,242,470,Feb
SKU0356,WH7,388,488,Mar
SKU0170,WH4,480,361,May
SKU0437,WH4,290,123,Feb
SKU0073,WH6,299,194,Mar
SKU0027,WH2,156,256,Feb
SKU0201,WH2,422,304,Mar
SKU0150,WH1,475,163,May
SKU0427,WH2,432,249,Jun
SKU0294,WH3,362,490,May
SKU0080,WH2,216,327,Mar
SKU0160,WH4,246,184,Mar
SKU0057,WH3,165,122,Feb
SKU0283,WH3,480,308,Mar
SKU0382,WH5,374,487,May
SKU0200,WH8,390,233,Mar
SKU0023,WH4,294,241,Feb
SKU0320,WH3,243,314,Feb
SKU0086,WH1,216,124,Jun
SKU0354,WH1,233,99,Mar
SKU0248,WH8,220,120,Apr
SKU0399,WH8,80,362,Jan
SKU0234,WH4,438,57,May
SKU0058,WH3,307,424,Feb
SKU0421,WH4,105,358,Feb
SKU0304,WH6,97,124,Apr
SKU0262,WH1,312,468,Apr
SKU0259,WH8,485,162,Feb
SKU0465,WH3,89,226,Mar
SKU0063,WH5,80,201,Mar
SKU0429,WH5,488,127,May
SKU0112,WH6,171,312,Jan
SKU0326,WH1,120,345,Apr
SKU0336,WH6,108,228,Feb
SKU0475,WH5,209,469,Jun
SKU0077,WH1,78,211,Jun
SKU0336,WH1,239,379,May
SKU0036,WH6,328,406,May
SKU0101,WH5,151,230,Jan
SKU0031,WH4,249,430,Apr
SKU0132,WH5,258,116,Mar
SKU0277,WH4,154,210,Mar
SKU0449,WH6,427,407,Apr
SKU0143,WH8,280,385,May
SKU0366,WH6,269,295,May
SKU0276,WH7,133,291,May
SKU0452,WH2,259,409,Feb
SKU0220,WH2,192,371,Mar
SKU0426,WH2,344,155,Feb
SKU0006,WH8,89,359,Jan
SKU0243,WH5,439,302,Jun
SKU0435,WH1,214,370,Mar
SKU0165,WH6,322,246,Apr
SKU0003,WH1,484,345,May
SKU0110,WH1,447,385,Jan
SKU0381,WH5,277,497,Apr
SKU0464,WH5,441,159,Feb
SKU0215,WH7,412,187,Feb
SKU0348,WH4,121,63,May
SKU0131,WH6,266,174,Apr
SKU0365,WH3,227,100,Mar
SKU0288,WH3,210,268,May
SKU0164,WH6,480,434,Mar
SKU0334,WH8,300,330,Jun
SKU0130,WH3,334,171,Jun
SKU0081,WH4,325,71,Jan
SKU0163,WH3,481,85,May
SKU0484,WH6,193,332,Apr
SKU0169,WH6,488,287,Mar
SKU0025,WH4,286,70,May
SKU0101,WH6,449,464,Mar
SKU0424,WH6,308,183,Jan
SKU0058,WH6,74,357,Jan
SKU0421,WH1,470,396,Jan
SKU0223,WH2,179,385,Apr
SKU0466,WH3,308,185,Jan
SKU0017,WH5,413,111,Jan
SKU0185,WH8,375,272,Jun
SKU0311,WH1,385,443,May
SKU0046,WH7,240,164,Jun
SKU0432,WH2,401,473,Feb
SKU0123,WH6,364,257,May
SKU0007,WH6,108,84,Apr
SKU0489,WH8,488,331,Apr
SKU0359,WH3,335,123,Jun
SKU0022,WH6,145,377,Jan
SKU0382,WH3,209,369,Apr
SKU0213,WH5,267,414,Mar
SKU0447,WH7,410,303,Mar
SKU0301,WH6,449,265,Mar
SKU0417,WH5,278,309,May
SKU0425,WH6,470,120,Feb
SKU0210,WH5,382,181,Feb
SKU0057,WH3,58,154,Jun
SKU0479,WH3,362,65,Feb
SKU0121,WH5,374,413,May
SKU0318,WH8,241,318,May
SKU0008,WH5,98,276,Mar
SKU0373,WH7,456,227,Jan
SKU0327,WH8,496,372,Jun
SKU0390,WH8,396,465,May
SKU0472,WH3,218,52,Apr
SKU0135,WH1,351,401,Jun
SKU0488,WH5,245,144,Jan
SKU0485,WH4,226,281,Jun
SKU0221,WH6,66,87,Apr
SKU0215,WH5,169,244,Apr
SKU0302,WH6,307,344,Apr
SKU0011,WH7,115,234,Feb
SKU0026,WH4,133,104,Jan
SKU0360,WH8,187,460,May
SKU0314,WH2,125,65,Feb
SKU0265,WH3,402,437,May
SKU0001,WH6,377,355,May
SKU0318,WH8,185,280,Jan
SKU0316,WH1,346,351,Jun
SKU0029,WH5,268,172,Feb
SKU0298,WH5,389,475,Mar
SKU0348,WH3,402,354,Apr
SKU0419,WH6,87,391,Mar
SKU0147,WH3,395,477,Apr
SKU0143,WH7,421,465,Apr
SKU0311,WH1,294,121,Mar
SKU0415,WH6,117,351,May
SKU0207,WH8,338,395,Jun
SKU0231,WH7,200,301,Feb
SKU0494,WH2,235,298,Apr
SKU0168,WH5,387,253,Jun
SKU0309,WH3,391,342,Feb
SKU0176,WH3,163,51,Jan
SKU0151,WH8,294,246,Feb
SKU0282,WH7,419,386,Jan
SKU0286,WH8,162,240,Apr
SKU0428,WH6,369,188,May
SKU0217,WH2,89,301,May
SKU0206,WH3,272,195,Jun
SKU0111,WH1,222,226,May
SKU0245,WH5,410,265,Jun
SKU0117,WH5,434,261,Jan
SKU0093,WH2,257,191,Feb
SKU0465,WH1,491,455,Apr
SKU0054,WH6,221,455,May
SKU0064,WH6,468,166,Apr
SKU0077,WH6,241,130,Apr
SKU0412,WH1,421,74,Apr
SKU0297,WH8,102,449,Jan
SKU0406,WH7,194,344,Feb
SKU0206,WH4,286,79,May
SKU0255,WH8,446,276,Feb
SKU0491,WH3,118,326,May
SKU0467,WH1,124,121,Jan
SKU0165,WH2,392,220,Mar
SKU0449,WH7,322,270,Jan
SKU0222,WH3,148,272,Feb
SKU0230,WH5,473,238,May
SKU0484,WH1,385,282,Feb
SKU0170,WH8,339,153,Jun
SKU0064,WH6,100,452,Feb
SKU0196,WH1,156,69,Jan
SKU0337,WH2,488,480,Feb
SKU0449,WH8,304,329,Jan
SKU0476,WH6,264,113,Feb
SKU0273,WH4,345,453,Mar
SKU0341,WH3,440,387,Jun
SKU0133,WH5,260,409,Jun
SKU0285,WH3,339,114,Apr
SKU0155,WH1,285,376,Mar
SKU0343,WH6,169,330,May
SKU0047,WH4,469,395,Jan
SKU0248,WH4,89,411,Apr
SKU0296,WH2,195,234,Feb
SKU0385,WH5,285,380,Jun
SKU0263,WH1,249,466,Jan
SKU0157,WH4,329,282,May
SKU0287,WH1,160,122,Mar
SKU0305,WH4,283,494,Jun
SKU0125,WH3,279,477,Feb
SKU0330,WH4,208,432,May
SKU0298,WH2,488,494,Jan
SKU0016,WH6,258,224,May
SKU0015,WH3,137,128,Apr
SKU0128,WH6,446,337,Apr
SKU0160,WH4,151,262,Feb
SKU0330,WH1,494,285,May
SKU0219,WH7,279,410,Feb
SKU0326,WH7,456,437,Jan
SKU0483,WH4,76,370,May
SKU0268,WH8,139,256,Jan
SKU0270,WH2,346,463,Jan
SKU0107,WH7,348,419,Jun
SKU0072,WH3,200,395,May
SKU0267,WH2,444,51,Jan
SKU0019,WH8,300,353,Apr
SKU0362,WH5,68,311,Feb
SKU0378,WH5,425,116,Feb
SKU0007,WH3,440,119,Feb
SKU0346,WH7,262,339,Feb
SKU0144,WH8,416,180,Apr
SKU0218,WH3,141,424,May
SKU0136,WH7,417,342,May
SKU0142,WH2,428,231,Jan
SKU0401,WH7,240,391,Jan
SKU0084,WH2,159,279,Apr
SKU0434,WH6,280,327,Mar
SKU0420,WH7,352,417,May
SKU0115,WH1,202,435,Jan
SKU0446,WH2,264,183,Apr
SKU0471,WH2,62,215,Jun
SKU0140,WH7,299,373,Jun
SKU0095,WH6,236,490,May
SKU0215,WH8,486,183,Apr
SKU0494,WH7,491,83,May
SKU0039,WH8,177,400,Apr
SKU0118,WH2,87,282,Feb
SKU0275,WH6,192,357,Jun
SKU0295,WH3,385,183,Mar
SKU0106,WH1,348,369,Mar
SKU0432,WH5,303,177,May
SKU0043,WH3,424,364,Apr
SKU0183,WH5,350,89,Jun
SKU0207,WH3,164,65,May
SKU0010,WH3,81,115,Apr
SKU0496,WH8,342,59,Feb
SKU0146,WH1,122,387,May
SKU0199,WH8,338,207,Apr
SKU0308,WH2,103,210,Apr
SKU0365,WH3,329,117,Mar
SKU0048,WH2,437,88,Jan
SKU0210,WH2,50,53,Jan
SKU0141,WH3,112,369,Jan
SKU0106,WH2,337,149,Jun
SKU0206,WH3,498,74,Feb
SKU0434,WH5,228,64,Jun
SKU0359,WH2,187,183,Apr
SKU0316,WH1,415,118,Jan
SKU0361,WH2,70,125,May
SKU0386,WH4,64,220,Feb
SKU0441,WH3,385,484,May
SKU0435,WH4,478,448,Feb
SKU0189,WH1,101,232,Jun
SKU0070,WH6,314,436,May
SKU0291,WH6,53,187,Jan
SKU0234,WH6,260,73,Feb
SKU0196,WH2,77,424,Apr
SKU0195,WH5,267,347,Feb
SKU0057,WH4,169,133,Jan
SKU0286,WH7,478,298,Mar
SKU0267,WH5,302,115,Apr
SKU0407,WH1,225,255,Jun
SKU0378,WH8,414,187,Jan
SKU0305,WH8,285,474,Feb
SKU0294,WH7,302,198,Jan
SKU0164,WH4,159,230,Feb
SKU0472,WH1,474,246,Feb
SKU0198,WH4,76,106,Apr
SKU0221,WH6,152,453,Feb
SKU0256,WH3,69,417,Mar
SKU0214,WH8,208,327,Jan
SKU0265,WH2,445,99,Jan
SKU0118,WH4,266,249,Feb
SKU0331,WH1,403,185,Feb
SKU0020,WH3,359,257,Apr
SKU0201,WH6,412,445,Apr
SKU0164,WH7,176,268,Feb
SKU0051,WH1,98,334,May
SKU0403,WH7,148,175,Jun
SKU0476,WH4,168,215,Feb
SKU0331,WH8,433,154,Jun
SKU0481,WH2,473,123,Jun
SKU0024,WH1,152,203,Mar
SKU0116,WH5,353,443,Jan
SKU0421,WH7,427,416,May
SKU0354,WH3,478,234,May
SKU0246,WH1,141,356,May
SKU0122,WH3,470,330,Jan
SKU0332,WH7,139,98,Apr
SKU0016,WH7,460,298,May
SKU0158,WH6,198,123,Jun
SKU0139,WH7,184,448,Mar
SKU0352,WH6,337,91,Feb
SKU0497,WH5,119,295,May
SKU0253,WH5,354,326,Jan
SKU0169,WH8,234,76,Jan
SKU0219,WH3,327,129,Jun
SKU0080,WH1,468,112,Mar
SKU0413,WH8,180,228,May
SKU0423,WH8,417,209,Apr
SKU0298,WH2,199,61,Jan
SKU0225,WH8,129,281,Jan
SKU0086,WH4,344,457,Mar
SKU0081,WH8,197,122,Jun
SKU0122,WH7,190,220,May
SKU0280,WH7,88,142,Mar
SKU0424,WH4,100,347,Apr
SKU0496,WH3,241,124,Jan
SKU0009,WH1,350,409,Feb
SKU0479,WH2,453,332,Feb
SKU0118,WH3,291,111,Feb
SKU0298,WH5,56,420,Mar
SKU0383,WH7,374,251,Apr
SKU0471,WH2,282,63,Feb
SKU0332,WH6,234,361,Jan
SKU0056,WH2,354,51,May
SKU0026,WH6,430,374,Mar
SKU0479,WH1,161,67,Apr
SKU0138,WH8,222,410,Apr
SKU0158,WH2,221,409,Feb
SKU0044,WH5,443,370,Feb
SKU0126,WH3,259,437,Jan
SKU0294,WH4,165,480,Apr
SKU0028,WH2,150,478,May
SKU0256,WH6,184,498,Apr
SKU0275,WH7,422,492,Jun
SKU0102,WH1,466,209,Mar
SKU0427,WH4,433,92,Mar
SKU0325,WH8,70,471,Apr
SKU0402,WH4,96,288,Feb
SKU0456,WH1,445,206,Feb
SKU0125,WH5,467,118,Feb
SKU0231,WH7,482,479,Jun
SKU0012,WH5,351,434,Feb
SKU0154,WH7,111,144,Feb
SKU0496,WH8,291,433,Jun
SKU0375,WH8,161,439,Jan
SKU0495,WH6,165,174,May
SKU0042,WH6,65,341,Apr
SKU0146,WH5,235,113,Mar
SKU0039,WH7,351,274,Mar
SKU0488,WH1,153,396,Jun
SKU0092,WH8,145,379,May
SKU0449,WH3,149,204,Jun
SKU0008,WH5,134,178,Apr
SKU0344,WH3,434,78,Jan
SKU0240,WH7,399,131,Mar
SKU0167,WH7,50,266,Mar
SKU0286,WH1,449,337,Jan
SKU0157,WH2,286,179,May
SKU0459,WH8,363,457,Mar
SKU0475,WH7,95,400,Apr
SKU0334,WH3,208,277,Apr
SKU0321,WH5,135,193,Mar
SKU0208,WH5,372,258,Feb
SKU0346,WH1,469,101,Jan
SKU0179,WH2,128,331,Apr
SKU0316,WH1,281,50,Jan
SKU0239,WH7,150,201,May
SKU0386,WH3,298,77,Mar
SKU0175,WH4,259,82,Mar
SKU0446,WH5,359,279,Feb
SKU0308,WH7,239,347,Jun
SKU0229,WH7,490,483,Mar
SKU0294,WH5,486,188,Feb
SKU0058,WH7,382,111,Mar
SKU0295,WH2,134,305,Feb
SKU0164,WH8,286,149,May
SKU0191,WH3,412,384,Jun
SKU0473,WH5,271,352,Apr
SKU0032,WH7,332,183,Jan
SKU0313,WH8,496,59,May
SKU0283,WH6,375,379,Jun
SKU0485,WH2,497,98,May
SKU0266,WH6,79,441,Apr
SKU0109,WH7,81,462,Apr
SKU0295,WH6,377,350,Mar
SKU0061,WH1,97,317,May
SKU0183,WH6,281,164,Feb
SKU0365,WH8,498,215,Jan
SKU0050,WH5,453,360,Feb
SKU0312,WH2,410,126,Jun
SKU0037,WH1,63,357,Feb
SKU0059,WH2,93,129,Mar
SKU0400,WH6,295,133,Mar
SKU0448,WH5,246,195,May
SKU0257,WH6,351,243,Jun
SKU0039,WH5,447,130,Feb
SKU0042,WH8,261,369,Feb
SKU0107,WH2,246,256,Mar
SKU0443,WH6,239,178,Jun
SKU0348,WH4,291,150,May
SKU0227,WH5,250,496,Jun
SKU0384,WH4,466,189,May
SKU0045,WH8,78,442,Jan
SKU0129,WH4,467,193,Jun
SKU0285,WH5,486,90,Apr
SKU0493,WH8,413,199,Mar
SKU0123,WH6,123,447,Mar
SKU0234,WH1,134,292,Feb
SKU0162,WH6,364,400,Apr
SKU0030,WH5,68,98,Feb
SKU0321,WH5,423,361,Mar
SKU0092,WH8,261,363,Apr
SKU0165,WH8,243,295,Mar
SKU0472,WH1,213,422,Jun
SKU0202,WH6,326,311,Jan
SKU0091,WH2,279,161,Mar
SKU0160,WH2,66,436,May
SKU0445,WH3,302,385,Jan
SKU0253,WH3,136,395,Jan
SKU0246,WH7,368,343,Apr
SKU0396,WH4,498,209,Apr
SKU0301,WH5,207,330,Apr
SKU0388,WH2,261,439,May
SKU0424,WH7,174,164,Jun
SKU0282,WH5,379,288,Apr
SKU0272,WH5,213,339,Jan
SKU0182,WH5,434,146,Apr
SKU0266,WH1,129,86,Apr
SKU0406,WH8,490,493,Jun
SKU0005,WH7,426,184,Apr
SKU0320,WH4,292,277,May
SKU0152,WH6,364,140,Jan
SKU0221,WH3,224,107,Feb
SKU0372,WH4,437,145,Jan
SKU0227,WH2,178,197,Feb
SKU0270,WH4,132,84,Mar
SKU0069,WH1,454,126,Apr
SKU0284,WH8,255,259,Jan
SKU0265,WH7,378,324,Mar
SKU0028,WH1,384,378,Apr
SKU0423,WH4,62,188,Mar
SKU0477,WH6,58,101,Jun
SKU0230,WH1,259,234,Feb
SKU0390,WH1,495,357,Mar
SKU0366,WH1,380,190,Mar
SKU0373,WH4,171,125,Feb
SKU0105,WH6,214,459,Mar
SKU0472,WH1,427,231,Apr
SKU0190,WH4,432,398,Apr
SKU0112,WH8,196,322,Jun
SKU0178,WH6,119,56,Mar
SKU0174,WH7,148,196,May
SKU0282,WH7,65,183,Mar
SKU0137,WH6,419,380,Apr
SKU0270,WH1,91,219,Jun
SKU0469,WH7,212,441,Mar
SKU0492,WH6,371,153,Mar
SKU0139,WH5,210,409,Apr
SKU0078,WH3,353,207,Mar
SKU0417,WH1,481,276,Jan
SKU0168,WH5,335,217,Jun
SKU0103,WH7,488,435,Mar
SKU0497,WH6,391,429,May
SKU0116,WH1,341,117,Feb
SKU0283,WH1,126,353,Apr
SKU0040,WH7,292,460,Feb
SKU0024,WH8,375,156,Feb
SKU0310,WH2,385,447,Apr
SKU0399,WH1,405,355,Feb
SKU0363,WH1,465,310,Jan
SKU0111,WH6,330,326,Jun
SKU0126,WH2,196,154,May
SKU0069,WH7,301,353,Apr
SKU0200,WH7,101,465,Jun
SKU0073,WH2,426,178,Mar
SKU0198,WH8,271,420,Apr
SKU0144,WH3,479,112,Apr
SKU0326,WH8,414,105,Apr
SKU0420,WH4,231,290,May
SKU0378,WH7,67,316,May
SKU0126,WH2,171,59,Mar
SKU0426,WH3,137,258,Jun
SKU0378,WH6,239,152,Jan
SKU0276,WH3,420,407,Apr
SKU0146,WH7,372,340,May
SKU0336,WH3,123,80,Mar
SKU0269,WH4,248,437,Jan
SKU0271,WH8,480,165,Apr
SKU0419,WH1,329,205,Mar
SKU0202,WH4,200,267,Mar
SKU0172,WH6,201,459,Jun
SKU0404,WH2,80,487,Mar
SKU0223,WH3,105,61,May
SKU0144,WH2,195,85,Feb
SKU0354,WH5,447,291,Apr
SKU0008,WH3,451,284,Feb
SKU0059,WH7,378,449,Jan
SKU0399,WH1,85,267,Jun
SKU0455,WH2,199,118,Jun
SKU0195,WH1,128,355,Jun
SKU0469,WH5,136,258,May
SKU0325,WH8,274,487,Jan
SKU0370,WH1,256,186,May
SKU0415,WH8,361,129,Apr
SKU0278,WH8,284,93,Jun
SKU0141,WH7,274,63,May
SKU0042,WH7,107,252,Feb
SKU0175,WH2,457,102,Mar
SKU0365,WH4,255,410,May
SKU0101,WH1,192,149,Apr
SKU0436,WH1,98,225,Mar
SKU0439,WH8,115,305,Apr
SKU0113,WH5,451,231,Feb
SKU0186,WH1,421,52,Apr
SKU0008,WH6,387,168,Jun
SKU0482,WH5,199,453,Feb
SKU0023,WH5,446,295,Jun
SKU0210,WH5,248,103,Mar
SKU0452,WH3,178,53,Mar
SKU0333,WH7,179,177,Mar
SKU0414,WH6,136,144,Apr
SKU0426,WH7,484,412,Mar
SKU0234,WH1,270,92,Jan
SKU0133,WH5,289,451,Apr
SKU0031,WH5,275,243,Apr
SKU0491,WH8,158,417,Feb
SKU0170,WH2,77,127,May
SKU0119,WH6,68,279,Mar
SKU0087,WH4,299,394,Feb
SKU0114,WH1,455,383,Apr
SKU0374,WH1,352,247,Mar
SKU0366,WH2,95,266,Mar
SKU0041,WH4,168,345,May
SKU0242,WH7,53,207,May
SKU0084,WH6,478,328,Feb
SKU0443,WH3,320,84,Apr
SKU0472,WH2,435,477,Jun
SKU0235,WH7,357,483,Jun
SKU0135,WH7,270,457,Apr
SKU0446,WH3,454,466,Jun
SKU0007,WH2,372,122,May
SKU0045,WH2,117,171,Jun
SKU0494,WH4,118,353,Jan
SKU0295,WH5,278,393,Apr
SKU0402,WH4,254,451,Mar
SKU0475,WH3,125,414,May
SKU0340,WH7,232,398,Feb
SKU0481,WH6,368,360,Feb
SKU0017,WH8,145,59,Jun
SKU0408,WH6,81,158,Apr
SKU0057,WH7,115,356,Jan
SKU0375,WH3,385,159,Jan
SKU0211,WH4,436,429,Feb
SKU0111,WH2,74,190,Jan
SKU0272,WH1,244,63,Feb
SKU0065,WH3,119,159,Mar
SKU0279,WH1,95,407,Mar
SKU0131,WH4,394,416,Jun
SKU0188,WH2,141,273,Jun
SKU0366,WH7,309,81,Jan
SKU0421,WH1,271,75,Apr
SKU0451,WH5,435,100,Apr
SKU0299,WH1,224,341,Apr
SKU0022,WH7,249,108,May
SKU0369,WH5,413,427,Mar
SKU0181,WH1,240,281,May
SKU0225,WH3,351,153,May
SKU0336,WH3,428,454,Apr
SKU0230,WH3,419,190,May
SKU0242,WH6,494,193,Apr
SKU0301,WH3,447,352,Apr
SKU0375,WH8,437,102,Jun
SKU0424,WH3,355,207,Jan
SKU0078,WH8,106,385,Mar
SKU0176,WH7,222,113,Apr
SKU0500,WH2,290,459,May
SKU0218,WH5,402,208,Jan
SKU0334,WH5,321,156,Apr
SKU0342,WH6,88,71,Jan
SKU0235,WH8,185,412,Feb
SKU0043,WH7,95,401,Jun
SKU0287,WH7,369,221,Apr
SKU0253,WH2,357,401,Mar
SKU0494,WH7,300,131,Jan
SKU0015,WH4,452,277,Jun
SKU0279,WH8,259,75,Mar
SKU0086,WH3,423,281,Jun
SKU0137,WH8,78,298,Jan
SKU0088,WH7,100,242,Mar
SKU0184,WH5,63,186,Jun
SKU0351,WH1,469,275,May
SKU0257,WH5,290,254,May
SKU0489,WH2,60,483,May
SKU0166,WH5,233,226,Apr
SKU0172,WH7,99,441,Feb
SKU0058,WH6,350,128,Mar
SKU0057,WH8,250,125,Jun
SKU0333,WH4,472,479,Apr
SKU0376,WH4,280,237,Feb
SKU0426,WH4,114,196,Feb
SKU0395,WH1,83,417,Feb
SKU0133,WH2,79,427,Jun
SKU0192,WH7,326,320,Apr
SKU0262,WH2,252,332,May
SKU0479,WH3,52,387,Jun
SKU0337,WH2,281,286,May
SKU0160,WH3,284,496,Jun
SKU0218,WH2,81,349,Jan
SKU0242,WH7,305,168,Feb
SKU0287,WH7,234,491,May
SKU0411,WH7,245,216,Apr
SKU0112,WH7,362,245,Mar
SKU0119,WH2,456,155,May
SKU0282,WH1,99,323,Mar
SKU0211,WH1,192,295,Apr
SKU0180,WH6,483,359,Feb
SKU0201,WH3,368,481,Mar
SKU0320,WH5,325,378,Jun
SKU0184,WH8,410,334,Mar
SKU0175,WH4,218,79,Apr
SKU0392,WH4,96,374,Feb
SKU0261,WH5,471,385,May
SKU0051,WH6,55,74,May
SKU0245,WH2,115,400,Jun
SKU0363,WH3,143,396,Feb
SKU0277,WH1,477,460,Feb
SKU0279,WH1,68,335,Jun
SKU0064,WH8,335,217,Apr
SKU0056,WH6,162,337,May
SKU0339,WH3,266,334,Jun
SKU0241,WH7,161,277,May
SKU0191,WH2,158,474,Jun
SKU0306,WH5,339,401,Jan
SKU0247,WH6,487,188,Jun
SKU0010,WH6,334,153,Jun
SKU0247,WH2,373,221,Mar
SKU0362,WH2,59,270,Jan
SKU0251,WH1,132,211,Apr
SKU0227,WH7,401,256,Jan
SKU0151,WH6,461,264,Feb
SKU0358,WH3,107,83,Jun
SKU0347,WH2,107,77,Jun
SKU0100,WH3,191,237,Jun
SKU0478,WH2,278,296,Mar
SKU0256,WH8,428,103,Jun
SKU0356,WH4,444,76,Mar
SKU0476,WH1,125,223,Apr
SKU0188,WH7,474,185,Apr
SKU0133,WH7,384,78,Mar
SKU0135,WH3,71,324,Apr
SKU0053,WH2,246,81,Mar
SKU0273,WH8,410,434,Mar
SKU0140,WH4,424,372,May
SKU0263,WH2,298,363,Feb
SKU0368,WH8,381,426,Mar
SKU0429,WH4,104,459,Jan
SKU0083,WH5,323,99,Jun
SKU0491,WH2,152,56,Mar
SKU0036,WH3,355,395,Jun
SKU0402,WH1,206,293,Jun
SKU0447,WH5,457,268,May
SKU0279,WH3,158,196,Jun
SKU0396,WH6,326,245,Mar
SKU0046,WH8,291,491,Mar
SKU0464,WH4,411,157,May
SKU0180,WH1,344,76,Feb
SKU0450,WH1,259,86,Jun
SKU0186,WH1,228,127,Apr
SKU0424,WH2,402,57,May
SKU0407,WH6,378,306,Jun
SKU0290,WH4,330,377,Apr
SKU0176,WH4,385,374,Jun
SKU0193,WH2,162,263,Apr
SKU0050,WH1,395,309,Jan
SKU0317,WH3,323,498,Jun
SKU0201,WH6,287,465,Mar
SKU0076,WH8,361,411,Jun
SKU0375,WH6,110,260,Apr
SKU0159,WH2,283,72,Apr
SKU0111,WH5,443,304,Apr
SKU0010,WH6,327,67,Jun
SKU0478,WH7,102,425,Jan
SKU0477,WH1,331,439,Jun
SKU0178,WH6,228,236,May
SKU0378,WH8,334,495,Apr
SKU0265,WH7,133,256,Feb
SKU0142,WH4,144,177,Jun
SKU0357,WH6,411,170,Jan
SKU0085,WH5,202,445,Feb
SKU0364,WH3,71,351,May
SKU0188,WH3,126,201,Feb
SKU0037,WH3,490,62,Mar
SKU0392,WH3,125,88,Feb
SKU0047,WH5,381,399,Feb
SKU0459,WH8,431,250,Feb
SKU0127,WH6,365,179,Jan
SKU0456,WH5,73,123,May
SKU0417,WH1,409,316,Mar
SKU0422,WH6,181,383,May
SKU0184,WH2,70,248,Feb
SKU0103,WH4,233,104,Feb
SKU0073,WH5,116,457,Jun
SKU0260,WH5,495,296,Feb
SKU0422,WH4,105,57,Jun
SKU0375,WH1,256,154,Apr
SKU0079,WH8,318,266,May
SKU0341,WH2,216,483,Mar
SKU0487,WH6,89,305,Feb
SKU0442,WH8,434,74,Mar
SKU0267,WH3,125,53,Jan
SKU0019,WH1,59,116,Apr
SKU0116,WH7,127,56,May
SKU0296,WH5,291,412,May
SKU0330,WH6,92,349,Jun
SKU0064,WH4,273,327,Mar
SKU0322,WH8,374,363,Feb
SKU0134,WH5,218,259,Apr
SKU0025,WH4,105,66,Mar
SKU0125,WH3,293,185,Jun
SKU0072,WH7,125,490,Jan
SKU0442,WH8,404,384,Mar
SKU0253,WH5,389,465,Jun
SKU0461,WH8,224,91,Feb
SKU0092,WH8,89,475,Mar
SKU0167,WH7,233,295,May
SKU0445,WH1,311,89,Feb
SKU0331,WH3,125,249,Mar
SKU0496,WH2,293,269,Mar
SKU0471,WH1,468,198,Mar
SKU0264,WH5,121,156,May
SKU0491,WH4,259,373,May
SKU0127,WH5,345,212,Mar
SKU0306,WH6,422,478,Jun
SKU0248,WH6,410,310,Apr
SKU0197,WH4,129,133,Jan
SKU0040,WH5,443,58,Apr
SKU0288,WH5,128,433,Jun
SKU0312,WH7,313,59,Jan
SKU0232,WH3,128,79,Mar
SKU0082,WH4,111,479,Feb
SKU0073,WH7,420,111,Jun
SKU0069,WH3,117,307,May
SKU0145,WH8,144,486,Apr
SKU0263,WH6,493,482,May
SKU0035,WH7,176,50,Jun
SKU0087,WH1,343,254,May
SKU0010,WH3,234,451,May
SKU0081,WH4,484,220,Jan
SKU0341,WH6,489,166,Feb
SKU0126,WH6,368,210,Mar
SKU0266,WH8,202,485,Apr
SKU0207,WH1,237,310,Feb
SKU0250,WH2,242,171,Jun
SKU0119,WH8,396,173,May
SKU0262,WH1,346,51,Jan
SKU0010,WH2,497,279,May
SKU0025,WH7,444,468,Jan
SKU0154,WH8,93,258,May
SKU0468,WH1,99,402,Feb
SKU0358,WH4,221,58,Apr
SKU0264,WH3,353,400,Apr
SKU0422,WH7,464,376,Jun
SKU0209,WH8,466,321,Jan
SKU0467,WH7,70,207,May
SKU0064,WH8,110,313,Mar
SKU0442,WH5,56,480,Mar
SKU0371,WH4,333,393,May
SKU0443,WH1,206,320,Jun
SKU0034,WH2,99,62,Apr
SKU0379,WH6,435,426,Apr
SKU0220,WH3,188,320,Apr
SKU0128,WH7,180,468,May
SKU0288,WH7,315,166,May
SKU0300,WH5,286,348,Apr
SKU0343,WH4,457,251,May
SKU0085,WH8,135,308,Apr
SKU0139,WH5,420,210,May
SKU0076,WH3,379,461,May
SKU0493,WH5,72,268,Feb
SKU0417,WH8,94,320,May
SKU0003,WH6,244,185,Feb
SKU0371,WH2,243,492,May
SKU0154,WH8,70,184,Jun
SKU0279,WH1,377,79,Mar
SKU0441,WH6,97,324,May
SKU0468,WH5,66,63,Mar
SKU0422,WH3,322,335,Jun
SKU0453,WH3,162,385,May
SKU0194,WH7,133,359,Feb
SKU0230,WH8,233,457,May
SKU0408,WH3,153,68,Jan
SKU0432,WH8,136,452,Jan
SKU0053,WH1,491,169,Jan
SKU0176,WH2,147,197,Mar
SKU0359,WH2,398,361,Mar
SKU0254,WH1,359,189,Jun
SKU0035,WH8,229,95,Jun
SKU0411,WH7,300,422,Apr
SKU0092,WH7,93,106,Feb
SKU0275,WH4,331,397,May
SKU0124,WH1,114,483,Jun
SKU0488,WH6,374,472,Jan
SKU0451,WH6,452,68,Mar
SKU0078,WH5,446,300,May
SKU0479,WH8,399,190,Jun
SKU0309,WH3,362,341,Jun
SKU0184,WH1,165,73,May
SKU0100,WH7,210,396,Feb
SKU0262,WH6,232,290,Jun
SKU0229,WH2,199,155,Mar
SKU0086,WH2,117,200,Jan
SKU0025,WH7,331,238,Apr
SKU0029,WH7,136,154,Jun
SKU0281,WH6,389,88,Jan
SKU0258,WH1,87,409,Jun
SKU0173,WH7,52,86,May
SKU0446,WH6,150,69,Mar
SKU0291,WH4,93,75,Jan
SKU0083,WH6,242,384,Apr
SKU0197,WH2,205,303,Feb
SKU0417,WH4,254,169,Mar
SKU0155,WH3,191,253,Jan
SKU0246,WH6,176,386,May
SKU0122,WH6,223,374,May
SKU0018,WH7,167,266,Mar
SKU0197,WH6,74,104,Feb
SKU0328,WH6,319,107,Mar
SKU0297,WH6,367,282,Apr
SKU0364,WH8,276,317,Jan
SKU0403,WH4,223,472,Jun
SKU0395,WH5,274,84,Jun
SKU0226,WH6,314,423,Feb
SKU0016,WH3,167,392,Feb
SKU0018,WH1,282,489,Mar
SKU0162,WH2,228,305,May
SKU0189,WH8,311,368,Feb
SKU0332,WH2,180,64,Jan
SKU0396,WH7,409,96,Apr
SKU0154,WH6,215,131,Jan
SKU0093,WH3,90,499,Feb
SKU0254,WH3,436,330,Apr
SKU0073,WH4,94,355,May
SKU0238,WH6,333,281,Mar
SKU0158,WH1,106,182,Mar
SKU0319,WH7,361,177,Apr
SKU0229,WH3,341,494,Mar
SKU0310,WH1,160,256,Jan
SKU0267,WH6,370,174,Jun
SKU0203,WH8,400,158,Apr
SKU0416,WH1,406,459,Apr
SKU0058,WH5,255,427,Feb
SKU0128,WH2,411,290,Jan
SKU0428,WH2,364,100,Feb
SKU0468,WH7,291,136,Jun
SKU0371,WH2,390,180,Jun
SKU0432,WH6,144,162,Jun
SKU0059,WH5,434,195,Apr
SKU0106,WH6,113,57,Jan
SKU0484,WH6,128,171,Apr
SKU0103,WH2,447,274,Jun
SKU0235,WH4,168,491,May
SKU0366,WH7,77,221,Mar
SKU0119,WH6,56,99,Feb
SKU0015,WH6,357,499,May
SKU0302,WH3,479,98,Jan
SKU0130,WH7,100,452,Apr
SKU0177,WH8,272,115,Mar
SKU0095,WH7,149,217,Jan
SKU0255,WH1,485,193,Jan
SKU0261,WH2,176,281,Jan
SKU0113,WH5,95,149,Jun
SKU0153,WH2,57,61,Mar
SKU0483,WH4,99,305,Mar
SKU0304,WH1,278,301,Jan
SKU0476,WH8,230,406,Jun
SKU0360,WH2,220,460,Jan
SKU0075,WH8,166,438,Feb
SKU0305,WH1,425,224,Feb
SKU0053,WH6,122,58,Mar
SKU0065,WH5,338,328,Mar
SKU0038,WH5,464,112,Feb
SKU0083,WH3,87,440,Mar
SKU0306,WH1,463,419,May
SKU0347,WH5,473,230,Jan
SKU0120,WH4,305,104,Jan
SKU0339,WH1,370,304,May
SKU0387,WH3,305,463,Feb
SKU0004,WH4,213,415,Feb
SKU0106,WH8,174,484,May
SKU0452,WH8,239,159,May
SKU0463,WH1,350,388,Mar
SKU0158,WH2,253,390,Apr
SKU0117,WH5,201,186,Feb
SKU0244,WH4,201,155,Feb
SKU0257,WH6,271,208,Feb
SKU0353,WH5,102,310,May
SKU0200,WH5,85,494,Feb
SKU0150,WH1,80,143,Feb
SKU0069,WH8,96,168,Jun
SKU0017,WH1,268,396,Mar
SKU0288,WH2,411,134,May
SKU0329,WH7,440,270,May
SKU0437,WH7,356,229,Mar
SKU0435,WH4,144,404,Apr
SKU0205,WH8,205,210,May
SKU0104,WH6,114,491,Mar
SKU0110,WH1,330,258,Jan
SKU0399,WH5,442,148,Mar
SKU0213,WH7,342,218,Jan
SKU0447,WH7,154,422,Apr
SKU0271,WH5,298,66,Mar
SKU0016,WH1,300,101,May
SKU0386,WH8,128,60,May
SKU0248,WH1,149,97,Jan
SKU0410,WH4,214,80,Mar
SKU0364,WH2,393,494,Apr
SKU0053,WH5,451,169,Feb
SKU0383,WH4,109,298,Mar
SKU0490,WH2,410,169,Mar
SKU0471,WH2,464,94,Feb
SKU0161,WH4,204,464,Apr
SKU0108,WH1,323,305,Mar
SKU0295,WH2,129,369,Feb
SKU0110,WH1,376,56,Feb
SKU0125,WH3,213,357,Feb
SKU0046,WH8,195,142,Apr
SKU0207,WH8,376,155,Mar
SKU0469,WH5,87,111,Jun
SKU0324,WH4,352,151,Apr
SKU0249,WH8,498,325,Apr
SKU0229,WH2,341,109,May
SKU0325,WH8,95,284,Mar
SKU0353,WH2,264,436,May
SKU0348,WH3,478,348,Mar
SKU0264,WH8,312,291,Jan
SKU0022,WH4,182,102,Mar
SKU0457,WH1,373,491,Mar
SKU0272,WH6,326,442,Feb
SKU0108,WH6,354,146,Mar
SKU0289,WH1,473,459,Apr
SKU0106,WH8,300,415,Apr
SKU0443,WH2,253,372,Jun
SKU0365,WH3,475,282,Feb
SKU0437,WH1,417,284,Feb
SKU0261,WH8,464,364,Mar
SKU0460,WH6,457,454,Apr
SKU0235,WH8,202,478,Mar
SKU0312,WH5,176,284,Feb
SKU0486,WH6,229,468,May
SKU0370,WH1,84,211,Jun
SKU0022,WH8,117,302,May
SKU0259,WH7,118,405,Apr
SKU0106,WH4,374,116,May
SKU0485,WH5,193,341,Jun
SKU0446,WH2,175,412,Mar
SKU0364,WH7,475,432,May
SKU0438,WH5,102,279,Jan
SKU0003,WH8,414,287,Mar
SKU0369,WH8,351,158,Mar
SKU0327,WH4,347,304,Jan
SKU0140,WH8,451,211,Apr
SKU0367,WH3,66,439,Apr
SKU0203,WH4,53,476,Mar
SKU0065,WH8,427,352,Apr
SKU0069,WH6,82,436,Jun
SKU0192,WH4,248,180,Mar
SKU0151,WH6,204,213,Mar
SKU0494,WH1,461,357,Feb
SKU0180,WH4,380,388,May
SKU0083,WH3,284,257,Jun
SKU0136,WH8,419,251,Jun
SKU0077,WH2,483,210,May
SKU0174,WH2,282,178,Jan
SKU0490,WH7,99,377,Mar
SKU0141,WH6,298,349,May
SKU0024,WH7,257,467,Apr
SKU0427,WH8,387,214,Apr
SKU0437,WH5,260,168,May
SKU0203,WH3,319,188,Jun
SKU0096,WH3,381,356,Jun
SKU0476,WH7,285,316,Jun
SKU0003,WH8,411,419,Mar
SKU0156,WH6,270,72,Apr
SKU0039,WH7,334,469,May
SKU0403,WH1,356,101,Jun
SKU0493,WH3,243,158,Jan
SKU0207,WH7,151,238,Feb
SKU0134,WH2,71,149,May
SKU0473,WH2,448,81,May
SKU0239,WH7,100,288,Mar
SKU0158,WH7,197,378,Jun
SKU0187,WH2,412,357,May
SKU0389,WH7,104,149,May
SKU0042,WH6,349,270,Apr
SKU0188,WH4,371,151,Feb
SKU0258,WH2,300,188,Apr
SKU0119,WH3,388,85,Jan
SKU0311,WH5,214,358,Jan
SKU0407,WH4,462,53,Apr
SKU0085,WH6,260,211,May
SKU0440,WH5,206,220,Jun
SKU0116,WH1,474,358,May
SKU0389,WH3,445,363,Jan
SKU0299,WH3,139,499,Mar
SKU0479,WH4,222,230,Jan
SKU0444,WH2,283,134,Jan
SKU0474,WH5,228,239,Jan
SKU0398,WH1,188,395,Apr
SKU0162,WH7,388,369,Mar
SKU0154,WH5,490,486,Jun
SKU0299,WH1,470,443,Apr
SKU0297,WH2,413,234,Apr
SKU0394,WH2,91,114,Apr
SKU0357,WH6,277,111,Jan
SKU0421,WH7,433,63,Mar
SKU0209,WH4,456,390,Feb
SKU0148,WH4,239,157,Mar
SKU0118,WH1,222,308,Mar
SKU0106,WH1,263,310,Apr
SKU0454,WH8,424,475,Mar
SKU0208,WH2,466,227,Mar
SKU0492,WH4,442,368,Apr
SKU0296,WH3,468,148,Feb
SKU0242,WH6,468,287,Mar
SKU0479,WH8,156,179,Apr
SKU0228,WH1,134,124,Jan
SKU0130,WH7,352,120,May
SKU0353,WH2,113,181,May
SKU0267,WH5,230,365,Jun
SKU0162,WH2,305,343,Jan
SKU0040,WH6,74,281,Feb
SKU0142,WH8,216,441,Jan
SKU0141,WH3,57,269,May
SKU0298,WH3,103,362,Mar
SKU0216,WH7,174,357,Jan
SKU0269,WH4,296,404,Jan
SKU0008,WH1,60,123,Jan
SKU0482,WH1,472,429,Mar
SKU0334,WH1,476,287,Feb
SKU0497,WH4,487,239,Feb
SKU0082,WH4,133,404,Feb
SKU0222,WH8,56,142,Jan
SKU0283,WH5,483,126,Apr
SKU0063,WH7,252,450,Mar
SKU0060,WH3,136,365,Mar
SKU0168,WH4,235,68,May
SKU0030,WH3,93,100,Mar
SKU0325,WH2,334,251,Feb
SKU0444,WH6,392,332,Feb
SKU0085,WH6,497,124,Feb
SKU0463,WH2,347,192,Apr
SKU0304,WH1,178,53,Apr
SKU0183,WH8,176,68,Mar
SKU0400,WH4,354,303,May
SKU0129,WH6,237,369,Jun
SKU0145,WH2,96,206,May
SKU0125,WH1,65,309,Feb
SKU0350,WH3,287,438,Jun
SKU0456,WH5,402,333,May
SKU0202,WH7,481,310,Feb
SKU0118,WH6,244,209,Feb
SKU0211,WH1,210,87,Apr
SKU0147,WH2,92,410,Apr
SKU0443,WH1,52,393,Jan
SKU0404,WH7,417,62,Jan
SKU0380,WH3,268,166,Jan
SKU0011,WH1,52,76,Mar
SKU0480,WH4,498,411,May
SKU0243,WH2,57,488,Jan
SKU0416,WH4,301,195,Feb
SKU0460,WH1,465,399,Mar
SKU0269,WH3,132,466,Jun
SKU0406,WH8,237,287,May
SKU0436,WH2,69,347,Jan
SKU0175,WH3,126,274,May
SKU0246,WH5,157,98,Jan
SKU0498,WH2,111,367,Feb
SKU0051,WH3,452,239,Apr
SKU0312,WH1,237,262,May
SKU0365,WH4,432,158,Apr
SKU0285,WH6,158,414,Apr
SKU0292,WH8,376,323,Jun
SKU0325,WH8,160,209,Feb
SKU0281,WH7,160,471,Apr
SKU0068,WH2,139,109,May
SKU0244,WH3,294,129,Jun
SKU0228,WH4,484,250,Mar
SKU0122,WH4,54,154,May
SKU0217,WH3,107,77,Jan
SKU0141,WH6,356,204,Jan
SKU0323,WH8,106,60,Jan
SKU0457,WH8,228,337,Jun
SKU0302,WH3,453,462,May
SKU0088,WH1,394,249,May
SKU0356,WH2,272,55,Apr
SKU0040,WH7,463,411,Apr
SKU0227,WH2,109,52,May
SKU0452,WH6,133,168,Mar
SKU0072,WH1,449,408,Feb
SKU0202,WH2,477,221,Apr
SKU0167,WH3,331,312,Apr
SKU0228,WH7,51,52,May
SKU0113,WH4,396,377,Mar
SKU0330,WH6,107,464,Apr
SKU0284,WH6,86,140,Jan
SKU0358,WH5,310,97,Jun
SKU0257,WH8,367,215,Jan
SKU0472,WH7,333,306,Apr
SKU0461,WH2,231,338,May
SKU0084,WH5,223,401,May
SKU0426,WH1,327,410,Jun
SKU0384,WH7,318,346,May
SKU0493,WH1,298,297,Mar
SKU0391,WH4,427,297,Jan
SKU0220,WH6,349,214,Feb
SKU0397,WH1,371,134,Apr
SKU0395,WH2,452,141,Mar
SKU0391,WH5,421,405,Mar
SKU0186,WH8,243,281,May
SKU0372,WH8,77,404,Jun
SKU0079,WH3,245,403,Apr
SKU0353,WH6,346,105,Mar
SKU0437,WH1,153,378,Jan
SKU0352,WH4,317,423,Feb
SKU0281,WH6,120,167,Apr
SKU0394,WH1,80,468,Mar
SKU0359,WH1,463,230,Mar
SKU0469,WH7,349,443,Jan
SKU0086,WH8,484,294,Apr
SKU0332,WH7,85,206,Mar
SKU0476,WH2,66,296,Feb
SKU0494,WH2,236,423,Feb
SKU0129,WH3,359,225,Feb
SKU0121,WH4,227,383,Jun
SKU0062,WH5,167,375,Apr
SKU0298,WH8,256,391,Feb
SKU0294,WH6,117,321,May
SKU0434,WH3,235,452,Jun
SKU0278,WH8,129,346,Feb
SKU0365,WH7,377,168,Apr
SKU0323,WH3,234,109,Jun
SKU0060,WH3,449,335,Jan
SKU0133,WH2,469,225,May
SKU0494,WH7,434,56,Mar
SKU0067,WH6,106,359,Feb
SKU0422,WH1,480,254,Jan
SKU0156,WH7,239,128,Jun
SKU0113,WH4,255,117,May
SKU0461,WH2,407,113,Mar
SKU0402,WH1,134,212,Mar
SKU0173,WH4,390,234,Jun
SKU0236,WH6,92,419,Feb
SKU0464,WH2,162,374,Mar
SKU0145,WH3,497,382,Feb
SKU0189,WH6,433,402,Feb
SKU0003,WH3,91,389,May
SKU0335,WH6,86,288,Jan
SKU0401,WH1,72,377,May
SKU0490,WH1,484,480,May
SKU0432,WH4,253,239,Apr
SKU0225,WH7,497,322,Apr
SKU0388,WH8,334,246,Jun
SKU0476,WH8,173,496,Feb
SKU0240,WH1,431,241,Jan
SKU0105,WH7,413,295,Mar
SKU0264,WH5,358,236,Jan
SKU0490,WH2,234,249,Jun
SKU0103,WH4,228,499,Mar
SKU0256,WH2,468,306,Jun
SKU0031,WH4,409,139,Feb
SKU0033,WH5,86,312,Jan
SKU0386,WH2,426,317,May
SKU0437,WH8,127,202,Jun
SKU0388,WH1,325,74,Apr
SKU0177,WH7,480,128,Mar
SKU0454,WH1,367,277,Feb
SKU0289,WH4,337,281,Feb
SKU0282,WH5,201,327,May
SKU0051,WH6,365,316,Feb
SKU0410,WH8,72,75,Jan
SKU0371,WH7,472,174,Jun
SKU0001,WH2,118,165,Apr
SKU0268,WH4,354,169,Jan
SKU0229,WH6,192,394,Jan
SKU0296,WH5,258,474,May
SKU0236,WH3,448,457,May
SKU0312,WH5,330,368,Mar
SKU0492,WH2,492,389,Feb
SKU0351,WH5,258,439,Mar
SKU0157,WH7,82,458,May
SKU0145,WH7,62,192,Mar
SKU0010,WH5,260,485,Apr
SKU0388,WH4,498,255,Jan
SKU0258,WH5,432,138,May
SKU0156,WH4,230,438,Feb
SKU0039,WH5,146,426,May
SKU0390,WH3,191,402,May
SKU0225,WH8,166,176,Jan
SKU0146,WH2,128,486,Feb
SKU0070,WH8,285,130,Mar
SKU0288,WH8,170,289,Jun
SKU0496,WH6,442,496,Jun
SKU0488,WH4,370,210,Feb
SKU0341,WH5,369,198,Mar
SKU0065,WH4,102,400,Mar
SKU0077,WH8,336,60,May
SKU0094,WH7,79,210,May
SKU0068,WH8,298,298,Jun
SKU0134,WH6,178,126,May
SKU0108,WH5,286,271,Jan
SKU0125,WH6,476,410,Jun
SKU0052,WH7,443,72,May
SKU0244,WH4,313,315,Mar
SKU0480,WH6,345,311,Jun
SKU0245,WH6,301,275,May
SKU0210,WH1,223,87,Feb
SKU0408,WH3,361,143,Apr
SKU0418,WH8,54,402,Feb
SKU0424,WH2,86,169,Jan
SKU0201,WH4,75,415,Jan
SKU0253,WH6,226,305,May
SKU0369,WH1,131,454,Jan
SKU0123,WH6,208,177,Mar
SKU0100,WH3,442,248,Mar
SKU0047,WH8,186,411,Jun
SKU0421,WH2,90,379,Feb
SKU0499,WH5,416,483,Jun
SKU0045,WH7,476,56,Jun
SKU0069,WH7,217,183,Mar
SKU0340,WH2,416,309,Apr
SKU0287,WH1,369,208,Jan
SKU0477,WH1,491,419,Jan
SKU0099,WH2,180,267,Jun
SKU0459,WH2,60,250,Apr
SKU0314,WH5,443,370,Jun
SKU0351,WH3,481,279,Feb
SKU0228,WH4,115,126,Mar
SKU0373,WH1,314,108,Mar
SKU0129,WH5,62,143,Jan
SKU0249,WH2,286,134,Feb
SKU0436,WH6,177,117,May
SKU0303,WH8,423,449,May
SKU0445,WH8,261,109,Mar
SKU0116,WH7,171,286,Jan
SKU0116,WH2,327,383,Mar
SKU0466,WH6,367,250,Mar
SKU0322,WH5,159,145,Feb
SKU0001,WH7,305,469,Apr
SKU0409,WH4,70,77,Mar
SKU0187,WH3,117,385,Feb
SKU0387,WH1,94,253,Jan
SKU0088,WH1,113,337,May
SKU0495,WH3,148,416,Mar
SKU0058,WH4,248,229,Apr
SKU0083,WH4,496,167,Jun
SKU0428,WH3,434,322,Mar
SKU0331,WH1,375,59,Mar
SKU0491,WH5,186,220,Feb
SKU0340,WH5,167,105,Jun
SKU0242,WH7,287,118,Jan
SKU0417,WH7,276,427,Jan
SKU0330,WH8,389,202,Apr
SKU0201,WH7,479,112,Apr
SKU0212,WH7,123,204,Apr
SKU0114,WH4,60,348,Jun
SKU0153,WH2,191,57,Apr
SKU0389,WH7,79,478,May
SKU0050,WH4,394,391,Apr
SKU0342,WH4,366,121,Feb
SKU0395,WH3,409,184,Jan
SKU0313,WH3,61,272,Jan
SKU0365,WH6,389,370,Feb
SKU0089,WH5,232,490,Jan
SKU0048,WH2,399,291,Jan
SKU0130,WH1,414,150,May
SKU0357,WH5,143,482,Jun
SKU0211,WH3,267,489,May
SKU0405,WH1,125,285,Jun
SKU0393,WH1,450,287,Jun
SKU0285,WH3,300,365,Apr
SKU0025,WH7,286,180,Apr
SKU0172,WH3,347,397,Mar
SKU0369,WH4,87,379,May
SKU0296,WH4,57,275,Feb
SKU0099,WH4,127,391,Feb
SKU0072,WH8,174,167,Mar
SKU0472,WH5,478,438,May
SKU0313,WH1,134,146,May
SKU0223,WH3,226,454,Feb
SKU0496,WH7,387,236,May
SKU0458,WH7,305,212,Apr
SKU0242,WH4,61,169,May
SKU0446,WH6,302,172,May
SKU0027,WH6,277,209,Jun
SKU0275,WH7,457,234,Feb
SKU0124,WH6,262,72,May
SKU0194,WH4,222,73,Jan
SKU0442,WH3,427,110,May
SKU0045,WH5,367,136,Feb
SKU0247,WH8,460,467,Jan
SKU0102,WH2,386,178,Apr
SKU0287,WH8,50,296,Jan
SKU0015,WH8,369,394,May
SKU0447,WH1,188,303,May
SKU0346,WH3,478,464,Mar
SKU0432,WH8,317,417,Apr
SKU0330,WH4,152,126,Feb
SKU0109,WH7,375,294,Feb
SKU0164,WH3,155,334,Feb
SKU0027,WH1,50,262,Mar
SKU0267,WH8,314,192,Feb
SKU0240,WH3,326,262,Jan
SKU0139,WH5,477,100,Apr
SKU0397,WH3,434,147,May
SKU0304,WH3,328,437,Jun
SKU0235,WH8,196,412,Feb
SKU0137,WH4,467,411,Apr
SKU0080,WH5,381,291,May
SKU0305,WH2,295,220,May
SKU0017,WH6,131,184,Jan
SKU0105,WH1,497,271,Jan
SKU0293,WH3,391,301,May
SKU0449,WH6,313,478,Feb
SKU0258,WH7,407,432,Jun
SKU0403,WH2,379,430,Mar
SKU0286,WH6,220,67,Mar
SKU0494,WH2,447,404,Feb
SKU0200,WH3,388,144,May
SKU0132,WH6,313,50,Feb
SKU0401,WH1,372,303,Mar
SKU0008,WH5,435,97,May
SKU0273,WH7,388,107,Jun
SKU0402,WH6,310,344,Jun
SKU0416,WH8,425,188,Jan
SKU0488,WH3,123,374,Jan
SKU0254,WH4,142,232,Mar
SKU0142,WH5,466,340,Jan
SKU0237,WH4,225,76,Feb
SKU0472,WH8,448,371,Apr
SKU0218,WH6,439,162,Jun
SKU0241,WH1,317,271,Apr
SKU0450,WH1,250,359,Jun
SKU0446,WH2,297,316,Jan
SKU0040,WH6,291,290,Feb
SKU0427,WH1,425,391,Jan
SKU0318,WH6,375,176,Jan
SKU0132,WH8,134,132,Jun
SKU0442,WH7,494,132,May
SKU0217,WH2,463,183,Feb
SKU0227,WH4,387,154,Jun
SKU0219,WH2,339,107,Mar
SKU0072,WH5,65,142,Feb
SKU0410,WH4,224,176,Feb
SKU0039,WH8,316,337,Jan
SKU0408,WH6,71,474,May
SKU0153,WH2,51,86,May
SKU0020,WH1,178,484,Jan
SKU0496,WH4,342,455,May
SKU0042,WH5,408,184,Feb
SKU0453,WH2,80,206,Mar
SKU0247,WH3,182,89,Mar
SKU0134,WH4,404,473,Mar
SKU0355,WH6,243,295,May
SKU0477,WH6,237,358,Apr
SKU0488,WH3,100,204,Jun
SKU0043,WH5,432,92,Jan
SKU0082,WH3,71,158,Jun
SKU0283,WH4,361,197,Apr
SKU0177,WH6,135,477,Jun
SKU0054,WH6,207,331,Jun
SKU0173,WH3,495,121,Jan
SKU0302,WH7,266,414,Apr
SKU0074,WH7,404,296,Jan
SKU0241,WH7,152,478,Mar
SKU0305,WH1,265,469,Mar
SKU0171,WH8,479,215,Feb
SKU0145,WH7,390,296,Jun
SKU0361,WH2,84,439,Jun
SKU0115,WH5,338,173,Apr
SKU0192,WH8,466,363,Jan
SKU0290,WH6,150,207,Mar
SKU0387,WH1,108,81,Jan
SKU0466,WH5,75,233,Jun
SKU0208,WH1,307,187,Mar
