SKU_ID,Warehouse_ID,Current_Stock,Safety_Stock,Reorder_Point,Snapshot_Date,Lead_Time_Days,Inventory_Value
SKU0073,WH4,1051,53,376,5/21/2024,17,108782
SKU0004,WH4,97,214,324,7/7/2025,12,113061
SKU0347,WH6,897,118,266,11/22/2023,7,186418
SKU0387,WH8,1356,279,190,10/25/2025,20,180101
SKU0203,WH4,20,80,490,12/10/2023,20,131050
SKU0329,WH6,884,89,374,7/18/2023,7,210798
SKU0243,WH4,854,222,232,12/4/2025,25,130665
SKU0190,WH4,322,263,299,4/22/2024,19,51161
SKU0175,WH8,971,90,195,9/1/2023,13,168938
SKU0094,WH8,1298,249,456,9/24/2023,11,149150
SKU0163,WH6,306,209,466,4/20/2025,24,64254
SKU0318,WH1,169,129,193,4/11/2024,13,210489
SKU0189,WH7,288,191,268,5/6/2025,18,16057
SKU0481,WH7,1352,225,269,6/30/2024,2,187226
SKU0399,WH7,987,222,487,10/12/2025,16,14564
SKU0478,WH4,605,149,330,11/20/2023,13,106745
SKU0075,WH2,1044,119,105,8/23/2025,19,217779
SKU0436,WH7,914,177,294,3/14/2025,26,234955
SKU0064,WH1,1133,192,229,11/29/2025,6,85917
SKU0359,WH4,991,60,248,10/2/2023,2,64050
SKU0184,WH1,238,139,193,7/2/2025,7,243956
SKU0415,WH1,1241,134,190,7/16/2024,3,67670
SKU0002,WH3,574,66,346,11/4/2023,13,106545
SKU0250,WH1,1346,204,497,6/18/2024,12,98417
SKU0327,WH3,266,208,384,8/11/2023,10,258330
SKU0061,WH8,1432,255,243,9/19/2024,13,73935
SKU0185,WH5,702,165,468,1/14/2026,15,193387
SKU0356,WH8,1339,210,463,3/28/2026,8,109067
SKU0265,WH3,940,51,223,3/31/2024,18,273978
SKU0090,WH5,512,72,149,8/11/2025,21,48323
SKU0436,WH5,890,239,487,7/14/2023,27,98209
SKU0010,WH5,430,279,305,11/15/2025,28,226494
SKU0031,WH3,49,231,115,4/26/2024,2,280633
SKU0106,WH1,639,86,238,11/2/2025,8,147622
SKU0143,WH4,70,267,290,9/15/2025,6,297549
SKU0273,WH6,1248,179,194,12/30/2023,6,26373
SKU0283,WH5,1006,213,384,2/15/2024,10,48067
SKU0182,WH4,1245,268,393,7/21/2023,24,208909
SKU0189,WH8,1434,62,335,12/26/2025,29,264972
SKU0228,WH1,1135,181,137,6/14/2025,5,57420
SKU0142,WH5,1169,265,191,1/25/2024,2,18828
SKU0476,WH5,72,164,198,9/18/2024,21,294043
SKU0072,WH5,982,265,196,10/26/2023,9,123965
SKU0178,WH5,1222,188,322,7/3/2024,2,88916
SKU0348,WH3,1455,89,427,10/5/2024,11,140501
SKU0236,WH3,1049,66,322,1/19/2024,8,50166
SKU0030,WH2,468,88,467,11/21/2024,7,120680
SKU0169,WH4,372,264,153,10/16/2023,28,195255
SKU0477,WH4,111,216,296,11/19/2023,29,236126
SKU0012,WH8,95,149,201,12/20/2025,4,298969
SKU0483,WH2,1308,277,219,10/11/2025,11,57906
SKU0083,WH3,610,156,108,3/9/2026,8,84587
SKU0438,WH2,823,118,410,9/3/2024,9,214613
SKU0046,WH5,750,170,165,4/2/2025,3,172819
SKU0197,WH3,1337,79,456,8/31/2023,9,52910
SKU0332,WH5,1347,120,169,12/14/2025,11,147812
SKU0326,WH2,1277,111,375,10/12/2023,29,54350
SKU0005,WH4,30,113,304,2/12/2024,23,17040
SKU0088,WH1,1121,95,177,2/27/2025,15,163063
SKU0105,WH6,1260,104,486,4/10/2024,6,25715
SKU0146,WH7,173,238,463,2/24/2024,28,200580
SKU0153,WH1,652,51,460,2/23/2025,14,254277
SKU0186,WH7,1057,153,143,10/19/2024,11,135069
SKU0252,WH6,1310,172,345,8/12/2024,22,42667
SKU0184,WH5,885,167,252,5/18/2025,24,165991
SKU0028,WH6,828,241,150,10/28/2025,21,264184
SKU0433,WH1,858,207,114,3/31/2025,13,226009
SKU0216,WH5,474,91,205,7/8/2024,11,285335
SKU0343,WH2,189,142,304,9/19/2023,2,78675
SKU0065,WH3,654,223,255,10/31/2023,22,56641
SKU0206,WH4,26,128,286,7/28/2023,28,36434
SKU0083,WH5,41,170,334,10/8/2024,8,137246
SKU0294,WH7,831,188,423,6/22/2025,11,243071
SKU0097,WH3,678,120,189,4/5/2024,18,281284
SKU0101,WH3,640,196,400,11/8/2025,6,231464
SKU0198,WH7,730,143,310,10/6/2023,17,66010
SKU0290,WH5,968,106,292,4/12/2025,2,284908
SKU0407,WH4,1373,113,205,11/7/2025,11,64959
SKU0247,WH4,587,215,384,1/15/2024,14,25208
SKU0347,WH3,520,56,255,3/12/2025,24,158349
SKU0142,WH1,1310,295,390,11/28/2023,18,82535
SKU0214,WH8,816,213,112,6/11/2025,26,152317
SKU0294,WH7,167,63,113,2/16/2025,29,244407
SKU0078,WH3,1026,137,172,9/30/2023,11,58203
SKU0470,WH2,511,246,293,12/12/2023,20,94074
SKU0045,WH6,1168,124,344,4/20/2024,11,186261
SKU0061,WH6,498,161,433,8/14/2023,19,151260
SKU0393,WH5,169,216,358,5/17/2024,9,261045
SKU0459,WH3,934,76,103,11/2/2025,17,101518
SKU0492,WH8,1020,203,298,1/16/2026,21,170177
SKU0204,WH4,360,257,370,12/16/2024,4,256057
SKU0089,WH2,1450,291,279,12/9/2023,13,178381
SKU0130,WH3,1260,298,211,1/13/2024,7,247143
SKU0009,WH5,1473,250,175,11/20/2024,27,139189
SKU0434,WH5,10,249,116,8/11/2023,18,235586
SKU0429,WH5,1031,208,372,3/31/2025,18,291663
SKU0035,WH4,1058,191,361,9/16/2025,17,191842
SKU0380,WH6,740,109,278,12/25/2025,17,185353
SKU0480,WH5,794,185,147,12/25/2023,24,128578
SKU0062,WH2,1372,87,486,7/13/2025,24,41929
SKU0462,WH8,1352,220,111,2/15/2024,27,147270
SKU0093,WH7,129,142,409,6/9/2025,9,186229
SKU0441,WH1,405,81,151,11/9/2023,24,223010
SKU0467,WH2,1084,133,261,11/20/2024,17,233491
SKU0356,WH4,464,222,164,10/16/2023,22,5263
SKU0302,WH4,1281,294,342,12/29/2024,27,208400
SKU0453,WH2,1239,263,488,7/28/2025,24,22621
SKU0081,WH2,741,135,169,10/12/2024,19,243225
SKU0354,WH2,1369,236,370,9/17/2023,24,9059
SKU0491,WH4,1474,178,417,2/9/2025,23,76461
SKU0470,WH7,1184,210,407,5/11/2024,25,13645
SKU0114,WH5,693,154,419,2/16/2025,14,19558
SKU0075,WH6,1296,278,467,3/28/2026,8,158870
SKU0414,WH4,544,80,389,8/12/2023,13,159812
SKU0306,WH5,1446,152,409,11/6/2023,24,119932
SKU0093,WH8,1002,256,107,2/17/2025,23,203264
SKU0271,WH8,111,183,232,7/9/2024,18,167544
SKU0292,WH2,368,293,445,11/24/2025,14,49739
SKU0423,WH6,152,82,300,10/4/2025,7,124940
SKU0465,WH6,313,119,376,2/24/2024,17,100948
SKU0444,WH6,845,252,462,4/20/2024,15,96964
SKU0155,WH6,863,96,442,7/29/2025,8,216705
SKU0054,WH5,429,135,186,4/9/2024,19,159394
SKU0002,WH3,863,195,347,6/13/2025,20,228788
SKU0070,WH1,133,167,447,3/9/2025,28,226625
SKU0260,WH5,349,251,170,6/15/2025,8,227711
SKU0215,WH8,1057,297,448,10/31/2025,8,43045
SKU0047,WH1,651,240,315,5/21/2024,29,53102
SKU0095,WH2,1327,269,282,12/8/2025,28,257637
SKU0176,WH1,741,219,282,4/25/2025,18,138949
SKU0441,WH3,557,139,120,4/2/2025,3,217298
SKU0321,WH6,806,171,303,9/13/2023,15,178945
SKU0492,WH4,1082,131,361,8/7/2025,12,8668
SKU0186,WH1,760,185,484,11/30/2023,10,206183
SKU0118,WH4,972,55,474,8/5/2025,8,242132
SKU0179,WH7,882,296,236,8/26/2023,4,75084
SKU0247,WH4,460,267,141,8/7/2024,24,290133
SKU0303,WH7,1380,96,185,8/22/2024,25,265278
SKU0333,WH5,109,80,265,3/15/2026,9,214896
SKU0326,WH1,902,146,100,5/18/2025,19,67087
SKU0162,WH6,864,270,127,1/8/2024,5,11530
SKU0421,WH5,948,132,173,9/22/2023,26,220578
SKU0464,WH6,788,204,192,12/2/2023,14,225808
SKU0183,WH6,310,108,465,5/1/2025,17,229220
SKU0352,WH1,110,131,177,2/23/2026,28,77161
SKU0300,WH7,296,53,219,8/4/2024,22,39926
SKU0207,WH3,102,136,240,2/24/2025,26,42705
SKU0116,WH3,1482,185,165,2/18/2024,6,203476
SKU0324,WH5,552,281,165,2/18/2024,2,92104
SKU0427,WH2,444,201,117,10/4/2023,15,121391
SKU0332,WH7,996,182,424,10/11/2023,6,117717
SKU0394,WH4,1457,225,423,7/4/2025,15,158039
SKU0450,WH4,569,252,476,1/15/2026,21,160673
SKU0344,WH1,905,156,322,1/2/2026,12,177064
SKU0272,WH3,1373,298,359,9/4/2023,2,211686
SKU0291,WH7,113,63,156,11/30/2023,5,35407
SKU0248,WH7,1337,188,494,4/24/2025,20,108776
SKU0040,WH5,718,126,421,5/2/2026,8,31333
SKU0465,WH2,803,71,364,7/11/2025,13,94984
SKU0239,WH7,192,281,176,3/1/2026,14,236168
SKU0072,WH8,597,191,219,9/21/2024,26,205515
SKU0349,WH1,889,69,161,7/8/2024,19,228511
SKU0446,WH3,1273,178,344,9/15/2024,5,11443
SKU0034,WH2,779,70,499,7/1/2025,11,48607
SKU0126,WH2,1032,100,309,1/3/2026,25,5604
SKU0170,WH5,686,138,136,9/3/2023,10,6996
SKU0479,WH5,489,141,384,5/15/2025,22,132246
SKU0246,WH3,727,150,259,3/4/2024,25,282183
SKU0465,WH7,1353,145,437,7/16/2023,16,57171
SKU0260,WH5,985,233,446,6/29/2024,16,137752
SKU0447,WH7,963,149,433,3/8/2025,15,139476
SKU0023,WH1,1114,85,364,11/13/2024,14,272560
SKU0139,WH4,206,179,453,10/20/2024,23,208692
SKU0023,WH1,78,89,366,11/28/2024,3,100824
SKU0189,WH6,952,206,250,4/9/2024,24,172065
SKU0325,WH1,459,225,252,5/20/2026,28,286556
SKU0436,WH2,286,159,309,11/30/2025,11,93430
SKU0487,WH7,1136,193,459,2/21/2024,3,154512
SKU0317,WH3,1449,268,362,12/17/2023,11,67564
SKU0480,WH8,1469,122,260,12/6/2025,8,22010
SKU0261,WH3,226,297,350,3/15/2025,11,157196
SKU0231,WH2,777,153,320,3/25/2024,8,179501
SKU0017,WH1,1460,158,361,1/19/2024,2,119568
SKU0087,WH1,787,182,103,12/15/2023,10,9164
SKU0290,WH4,880,234,180,2/11/2024,11,20355
SKU0094,WH4,1430,190,317,8/8/2025,27,154577
SKU0475,WH3,1239,286,116,5/10/2024,16,104946
SKU0481,WH1,719,138,332,6/11/2024,14,211287
SKU0144,WH6,322,182,383,4/1/2025,29,216692
SKU0121,WH4,194,287,456,7/12/2025,26,262844
SKU0364,WH7,25,186,485,12/22/2025,23,127390
SKU0351,WH2,270,98,301,7/18/2023,24,110290
SKU0388,WH1,833,196,194,5/2/2024,4,157830
SKU0255,WH8,1462,54,392,7/25/2023,15,13476
SKU0052,WH6,139,273,310,4/10/2025,12,98420
SKU0123,WH5,1077,185,492,1/13/2024,25,79896
SKU0276,WH4,1374,196,413,9/21/2025,20,292941
SKU0432,WH2,991,180,466,7/15/2024,29,267892
SKU0096,WH2,838,72,325,10/4/2024,23,291481
SKU0098,WH7,1070,92,181,7/13/2025,9,55619
SKU0435,WH5,543,59,354,2/11/2025,15,153156
SKU0429,WH7,280,133,437,10/10/2024,14,9918
SKU0371,WH7,1140,279,238,1/6/2026,17,292138
SKU0464,WH4,753,198,273,9/27/2023,29,167601
SKU0495,WH7,1407,196,159,10/10/2023,3,70162
SKU0221,WH3,885,127,368,8/26/2025,25,255187
SKU0433,WH2,826,115,133,2/14/2025,6,215804
SKU0232,WH1,974,273,308,10/16/2025,22,194349
SKU0477,WH3,958,203,449,8/23/2023,9,198688
SKU0440,WH6,786,214,374,6/19/2024,3,32503
SKU0003,WH2,164,158,163,2/27/2026,12,156931
SKU0042,WH2,1491,157,483,2/20/2025,20,110953
SKU0455,WH7,467,217,211,9/16/2023,10,296013
SKU0170,WH5,815,269,210,11/16/2025,28,171022
SKU0232,WH4,537,73,246,9/28/2024,29,262822
SKU0213,WH4,308,195,158,1/17/2025,14,240114
SKU0099,WH6,1477,194,223,2/5/2025,10,297319
SKU0357,WH5,1414,92,254,4/15/2025,10,212872
SKU0029,WH5,777,174,261,3/31/2025,20,139606
SKU0479,WH6,840,288,136,10/9/2024,18,280648
SKU0145,WH7,3,214,115,10/14/2025,17,120736
SKU0363,WH8,1141,165,199,5/6/2025,24,255054
SKU0469,WH3,534,196,287,2/21/2026,2,217129
SKU0156,WH3,1098,126,280,12/18/2024,11,261741
SKU0060,WH6,714,197,422,10/30/2024,7,220907
SKU0215,WH5,1117,258,395,4/2/2024,4,18568
SKU0479,WH3,1396,76,357,1/17/2025,20,109654
SKU0220,WH1,738,164,337,1/11/2024,16,74396
SKU0047,WH6,370,53,334,8/18/2024,29,290840
SKU0381,WH5,434,80,136,7/6/2025,24,19667
SKU0011,WH6,645,109,367,8/13/2024,18,13865
SKU0321,WH4,1189,139,483,1/10/2026,9,280750
SKU0060,WH4,1299,86,276,3/14/2026,26,20885
SKU0088,WH5,491,114,472,8/27/2025,23,96214
SKU0445,WH4,744,189,349,6/15/2025,25,104414
SKU0461,WH2,1400,91,471,8/22/2025,7,63499
SKU0043,WH1,652,158,406,3/23/2025,21,19888
SKU0167,WH2,890,292,180,11/30/2024,13,31325
SKU0117,WH5,1244,129,304,12/16/2025,2,184518
SKU0475,WH4,1446,172,114,12/12/2025,5,58463
SKU0257,WH7,20,275,141,8/22/2025,8,68028
SKU0265,WH6,828,137,435,9/7/2023,3,193294
SKU0232,WH3,530,90,281,9/1/2023,25,235776
SKU0213,WH2,1368,201,164,12/2/2024,29,56876
SKU0074,WH2,801,86,371,9/7/2025,12,69526
SKU0393,WH4,1447,299,199,9/1/2024,10,19066
SKU0387,WH3,1283,92,269,3/24/2024,2,138165
SKU0157,WH5,652,245,164,3/28/2024,13,251039
SKU0342,WH4,61,292,214,8/20/2023,9,131848
SKU0230,WH1,1079,170,399,11/15/2025,14,108244
SKU0042,WH1,1137,185,100,2/2/2026,27,212265
SKU0361,WH5,706,172,149,10/25/2024,20,94380
SKU0299,WH5,138,129,478,4/18/2025,21,246420
SKU0094,WH1,676,290,288,4/4/2024,7,283141
SKU0245,WH8,1086,284,456,6/22/2025,22,237133
SKU0152,WH8,1135,172,313,3/3/2025,5,69116
SKU0003,WH7,147,58,319,4/5/2024,23,279507
SKU0264,WH6,1377,282,341,4/20/2026,24,60922
SKU0045,WH6,1084,137,262,2/4/2026,26,41517
SKU0154,WH3,647,88,373,2/5/2025,12,261430
SKU0367,WH5,1485,178,282,1/25/2026,13,142136
SKU0227,WH1,681,180,143,6/24/2025,10,142379
SKU0487,WH3,571,186,110,8/9/2025,3,238279
SKU0254,WH8,1285,225,394,11/4/2025,26,39750
SKU0435,WH8,1159,159,392,12/28/2025,13,289522
SKU0223,WH6,310,102,450,10/23/2023,17,222111
SKU0055,WH3,77,224,140,2/23/2025,17,286155
SKU0289,WH5,1016,277,154,11/2/2023,5,81120
SKU0379,WH2,887,224,195,5/12/2026,19,108410
SKU0361,WH3,149,240,467,10/19/2025,9,122480
SKU0419,WH5,1433,299,260,4/14/2024,5,127122
SKU0336,WH3,1290,60,405,4/27/2026,14,185525
SKU0011,WH8,1087,226,243,6/4/2024,19,10239
SKU0177,WH7,525,90,433,8/12/2025,4,159634
SKU0079,WH7,145,232,227,7/18/2025,26,161224
SKU0281,WH4,1333,158,114,12/9/2025,28,238256
SKU0462,WH7,906,52,308,12/14/2024,7,205630
SKU0201,WH3,673,275,155,5/28/2024,27,73200
SKU0394,WH2,1233,148,177,4/27/2025,11,117880
SKU0471,WH6,395,129,187,5/2/2024,6,74685
SKU0173,WH3,450,63,110,2/19/2025,16,34325
SKU0134,WH2,821,149,192,7/8/2025,13,283155
SKU0156,WH1,1300,116,423,1/14/2025,8,172667
SKU0269,WH7,722,161,451,12/5/2025,17,128100
SKU0237,WH2,417,291,131,10/18/2023,3,270887
SKU0077,WH3,1485,173,422,9/25/2025,12,199313
SKU0320,WH7,729,183,489,10/27/2024,26,184282
SKU0366,WH1,1232,65,244,3/23/2025,11,52944
SKU0114,WH6,659,229,223,4/17/2026,16,23930
SKU0414,WH6,1231,153,147,2/3/2026,26,39322
SKU0119,WH7,183,209,291,1/24/2024,27,14352
SKU0133,WH1,1370,83,488,12/25/2023,27,96994
SKU0071,WH1,1426,145,301,2/4/2026,25,219919
SKU0374,WH1,1410,146,224,6/6/2024,19,199902
SKU0055,WH3,287,254,446,4/30/2025,7,234814
SKU0218,WH5,120,269,391,11/23/2023,21,38704
SKU0471,WH2,908,195,195,11/30/2023,20,81086
SKU0436,WH5,1100,102,142,9/29/2023,29,292635
SKU0028,WH8,409,214,197,10/22/2024,4,36128
SKU0024,WH5,674,265,340,1/9/2026,26,68247
SKU0256,WH2,1322,50,434,11/8/2024,5,129159
SKU0225,WH4,589,289,428,11/24/2023,9,171442
SKU0461,WH2,930,206,229,8/14/2024,2,145795
SKU0177,WH4,393,140,202,12/9/2024,11,209113
SKU0482,WH2,1494,191,425,12/17/2025,13,67024
SKU0205,WH6,776,201,312,4/9/2024,21,179754
SKU0095,WH5,1397,128,479,5/25/2025,25,199914
SKU0376,WH5,1017,251,459,12/6/2025,9,56197
SKU0349,WH6,650,201,121,11/17/2023,17,47980
SKU0479,WH8,695,65,107,7/14/2024,27,165227
SKU0432,WH2,758,144,119,11/20/2023,22,64096
SKU0415,WH1,719,206,137,5/6/2026,8,219596
SKU0408,WH4,362,186,492,8/1/2023,26,67332
SKU0366,WH1,1139,213,246,11/15/2024,20,214834
SKU0478,WH7,1364,124,174,12/28/2025,4,191070
SKU0199,WH8,1355,68,476,5/10/2025,12,178378
SKU0276,WH4,825,193,289,9/3/2025,9,295975
SKU0002,WH6,513,58,217,5/13/2025,21,72449
SKU0466,WH5,1415,93,447,9/1/2025,4,177285
SKU0460,WH4,368,230,212,5/16/2024,12,255080
SKU0058,WH5,1381,268,263,2/18/2024,27,222414
SKU0310,WH2,81,147,120,8/7/2023,26,144916
SKU0469,WH6,837,124,170,2/3/2025,13,134362
SKU0255,WH8,606,260,471,11/23/2024,11,214671
SKU0039,WH8,955,249,444,1/16/2026,11,269240
SKU0019,WH2,643,220,397,7/28/2023,15,238943
SKU0070,WH8,972,172,327,4/11/2026,13,213485
SKU0329,WH3,1175,161,156,10/4/2023,11,263987
SKU0116,WH7,1007,296,184,1/21/2025,9,25405
SKU0132,WH3,393,261,457,11/29/2024,14,110298
SKU0276,WH7,165,90,332,3/15/2025,23,142630
SKU0131,WH2,1452,60,176,8/2/2023,21,55967
SKU0073,WH3,1291,190,189,8/2/2025,16,293678
SKU0091,WH8,130,258,186,3/7/2026,18,148420
SKU0062,WH6,465,220,240,4/19/2026,15,148619
SKU0197,WH2,1142,92,263,1/17/2024,9,205113
SKU0452,WH1,821,264,320,2/19/2026,21,270069
SKU0147,WH5,1469,103,492,1/15/2024,3,221500
SKU0101,WH2,349,227,183,4/21/2026,7,100899
SKU0272,WH3,1368,189,171,11/18/2025,15,257671
SKU0406,WH7,128,122,354,4/14/2024,27,46603
SKU0208,WH6,709,268,125,7/22/2023,2,285489
SKU0149,WH8,174,138,137,12/7/2024,24,289395
SKU0440,WH7,100,264,190,11/23/2023,26,273607
SKU0444,WH3,545,104,281,1/23/2026,7,267883
SKU0290,WH7,951,165,186,8/20/2023,6,6903
SKU0197,WH7,269,88,497,12/20/2025,29,134566
SKU0464,WH3,808,186,343,11/6/2023,4,158059
SKU0066,WH1,5,283,161,2/11/2024,27,190283
SKU0269,WH6,872,266,299,9/23/2023,8,23209
SKU0480,WH1,1316,266,289,12/28/2024,28,12562
SKU0371,WH7,133,59,290,1/21/2025,3,97315
SKU0078,WH7,222,173,237,4/14/2026,18,106669
SKU0149,WH8,1227,192,242,7/20/2024,28,248041
SKU0444,WH8,640,214,285,5/6/2025,17,153878
SKU0196,WH6,34,157,322,2/11/2024,3,37700
SKU0106,WH1,598,228,389,2/2/2026,21,72463
SKU0458,WH8,570,52,250,8/6/2024,13,41072
SKU0430,WH2,1234,201,312,5/29/2025,21,70380
SKU0272,WH5,760,137,301,4/14/2024,17,176200
SKU0183,WH1,1285,299,377,4/4/2025,19,71697
SKU0139,WH7,257,58,269,1/28/2025,17,82840
SKU0033,WH8,1046,291,256,3/26/2024,21,231637
SKU0086,WH3,374,82,244,8/22/2025,6,149640
SKU0117,WH3,182,63,477,1/6/2026,25,91026
SKU0434,WH1,1196,52,122,3/27/2024,22,187952
SKU0180,WH6,881,105,356,8/27/2025,18,37489
SKU0075,WH5,987,247,397,5/17/2026,12,58506
SKU0220,WH5,277,129,165,5/27/2024,15,191640
SKU0062,WH6,163,212,372,5/1/2024,11,207047
SKU0482,WH5,513,194,197,11/18/2023,24,198184
SKU0169,WH6,912,246,368,9/24/2024,25,210343
SKU0267,WH3,942,239,490,12/24/2025,15,142112
SKU0122,WH2,522,263,125,3/8/2025,13,280802
SKU0007,WH8,149,193,447,7/12/2024,5,171062
SKU0335,WH7,372,168,170,10/11/2024,2,189746
SKU0212,WH4,8,62,226,11/16/2024,27,297176
SKU0400,WH1,1025,156,478,1/22/2024,27,35846
SKU0285,WH8,581,61,300,6/6/2025,5,200309
SKU0261,WH1,868,123,316,11/5/2023,27,199104
SKU0213,WH4,428,59,417,2/7/2024,5,184025
SKU0320,WH8,1034,101,140,3/5/2025,17,179666
SKU0399,WH8,681,161,458,4/9/2026,6,142256
SKU0390,WH8,308,299,107,9/2/2023,17,281391
SKU0305,WH8,213,255,418,12/18/2025,9,230770
SKU0215,WH8,164,146,362,11/25/2025,21,120425
SKU0364,WH4,1048,216,425,11/17/2024,18,175338
SKU0435,WH8,453,154,109,8/9/2025,18,108559
SKU0298,WH3,840,158,254,11/30/2024,21,291750
SKU0109,WH3,1346,218,439,1/10/2025,17,36595
SKU0349,WH1,1142,205,358,6/23/2025,11,42628
SKU0321,WH7,1079,263,344,8/10/2023,12,162454
SKU0261,WH6,1305,259,323,12/3/2025,24,274660
SKU0457,WH8,1218,256,450,8/26/2023,28,291711
SKU0207,WH7,796,194,376,5/14/2025,22,129062
SKU0113,WH2,412,51,439,11/5/2025,8,262926
SKU0481,WH6,1362,250,390,1/28/2024,27,287879
SKU0024,WH1,679,126,407,1/3/2024,6,42592
SKU0293,WH1,958,134,314,5/4/2024,10,244308
SKU0309,WH1,164,127,287,11/15/2023,10,54481
SKU0006,WH8,1349,154,127,6/21/2024,13,27034
SKU0423,WH3,1024,64,177,10/20/2024,20,205880
SKU0203,WH1,1481,243,467,9/15/2025,25,229258
SKU0089,WH7,620,268,299,7/13/2025,27,9575
SKU0190,WH8,617,83,413,12/4/2023,22,56422
SKU0210,WH2,422,262,468,12/6/2024,22,274897
SKU0214,WH7,1300,214,232,6/1/2025,8,196976
SKU0060,WH8,1435,225,282,10/22/2025,14,225972
SKU0297,WH2,830,190,424,8/1/2023,2,84777
SKU0462,WH2,1204,219,314,2/1/2024,18,246756
SKU0010,WH1,864,56,287,3/25/2025,28,10275
SKU0081,WH4,702,84,245,8/21/2024,9,77629
SKU0093,WH1,559,265,390,4/11/2025,19,169639
SKU0326,WH7,300,110,344,3/9/2025,22,241365
SKU0135,WH4,162,164,192,7/1/2024,26,54183
SKU0261,WH1,1027,232,179,8/25/2024,2,251260
SKU0027,WH2,1371,288,375,4/14/2025,21,130491
SKU0163,WH7,237,242,314,8/1/2024,22,170111
SKU0439,WH4,419,283,296,11/20/2023,16,239423
SKU0273,WH7,626,134,419,7/8/2025,14,133356
SKU0007,WH8,1035,154,469,9/5/2024,11,262938
SKU0189,WH2,1221,133,256,12/31/2023,7,225693
SKU0321,WH1,1242,196,356,9/11/2025,25,136186
SKU0271,WH7,651,198,292,1/30/2026,23,138719
SKU0486,WH3,453,298,398,11/26/2024,29,106800
SKU0186,WH4,87,238,452,2/17/2025,26,287170
SKU0305,WH7,80,67,469,8/6/2025,4,100159
SKU0459,WH1,1186,280,195,7/12/2025,27,81650
SKU0052,WH7,486,266,203,12/21/2025,14,107481
SKU0282,WH2,840,69,373,4/1/2024,17,9519
SKU0299,WH5,15,150,363,7/20/2024,6,118268
SKU0309,WH6,956,111,124,4/1/2024,10,126804
SKU0113,WH3,1489,80,432,4/8/2024,25,190541
SKU0235,WH5,1310,70,211,11/5/2024,24,60672
SKU0184,WH7,1453,97,249,6/15/2024,20,242327
SKU0078,WH8,809,129,419,12/22/2023,16,212633
SKU0123,WH6,1395,56,290,12/4/2023,10,47409
SKU0077,WH7,1209,90,353,6/24/2025,26,138757
SKU0324,WH5,339,153,129,11/25/2024,16,298456
SKU0368,WH3,113,156,295,11/27/2024,15,72585
SKU0229,WH2,54,81,391,3/24/2025,20,71001
SKU0161,WH5,1009,56,158,1/6/2026,26,56319
SKU0270,WH5,528,89,381,10/31/2025,18,36286
SKU0205,WH1,1023,125,156,3/29/2026,2,125593
SKU0401,WH3,1069,229,177,5/5/2026,28,267504
SKU0111,WH8,161,166,242,11/6/2024,2,19362
SKU0295,WH6,293,275,491,7/14/2024,20,179313
SKU0048,WH7,445,166,134,2/7/2024,14,153229
SKU0134,WH4,255,107,303,12/18/2025,25,219880
SKU0406,WH5,697,259,231,5/27/2025,23,149101
SKU0087,WH1,1489,254,175,12/1/2024,24,277316
SKU0293,WH3,137,50,387,11/16/2023,7,114145
SKU0100,WH6,1089,233,483,11/6/2023,17,44306
SKU0233,WH6,1246,83,396,4/9/2024,18,265614
SKU0249,WH4,675,242,196,10/31/2024,13,129373
SKU0043,WH4,359,266,109,4/14/2024,6,264837
SKU0045,WH5,1130,103,444,7/26/2023,17,119981
SKU0483,WH2,843,58,142,3/5/2025,12,56383
SKU0122,WH3,1317,237,398,4/19/2024,8,169625
SKU0224,WH8,1117,70,331,8/5/2024,15,64554
SKU0449,WH8,1233,248,419,3/16/2024,25,169140
SKU0132,WH1,332,295,494,3/7/2025,22,179463
SKU0495,WH8,578,132,413,3/5/2025,9,6180
SKU0452,WH3,643,144,148,11/22/2024,22,5324
SKU0481,WH1,267,210,178,12/29/2023,2,191199
SKU0491,WH8,1390,205,227,8/23/2023,28,45189
SKU0057,WH5,394,227,369,10/10/2023,29,273831
SKU0162,WH3,394,167,110,3/18/2024,28,105957
SKU0286,WH5,952,70,430,3/13/2024,22,298636
SKU0167,WH2,1194,232,371,3/16/2024,2,66611
SKU0207,WH8,916,87,397,10/8/2023,5,154089
SKU0352,WH8,1046,180,485,2/8/2026,25,270777
SKU0090,WH1,316,298,446,12/4/2023,7,260209
SKU0423,WH2,942,285,278,9/5/2023,19,21209
SKU0328,WH1,592,262,139,3/4/2026,15,141675
SKU0474,WH8,576,188,195,1/17/2025,29,32897
SKU0273,WH6,902,152,373,1/17/2025,20,246596
SKU0094,WH2,397,159,336,5/10/2026,18,37454
SKU0125,WH3,192,102,285,4/12/2026,7,189555
SKU0099,WH6,305,268,345,12/29/2024,27,148477
SKU0268,WH1,456,84,177,2/7/2025,17,272256
SKU0262,WH7,797,134,365,2/27/2025,27,169390
SKU0413,WH5,761,208,228,1/1/2026,16,52886
SKU0398,WH1,692,296,416,8/31/2024,16,87757
SKU0257,WH7,213,57,242,4/20/2024,7,19852
SKU0475,WH4,445,209,378,2/4/2025,20,209207
SKU0423,WH7,268,72,153,11/19/2023,16,146387
SKU0262,WH1,591,150,445,6/20/2025,18,158323
SKU0481,WH1,555,52,423,11/1/2025,3,171869
SKU0111,WH6,283,295,253,2/16/2026,2,266592
SKU0112,WH4,232,187,226,11/18/2023,20,40467
SKU0428,WH2,506,106,319,11/1/2023,4,33609
SKU0425,WH7,871,298,210,1/4/2026,18,159886
SKU0351,WH2,173,295,270,4/18/2025,25,230297
SKU0113,WH1,1489,200,160,10/19/2023,8,187959
SKU0229,WH2,744,216,176,4/1/2025,15,252751
SKU0416,WH8,843,246,115,5/30/2024,15,259469
SKU0097,WH4,1006,172,365,8/25/2024,12,283060
SKU0468,WH5,338,287,410,12/16/2024,17,188099
SKU0005,WH2,313,92,142,6/13/2025,23,184910
SKU0047,WH1,123,217,401,12/10/2025,8,114463
SKU0256,WH7,419,244,420,9/29/2023,28,22115
SKU0401,WH5,996,87,227,6/24/2025,19,197656
SKU0289,WH5,1318,226,313,5/10/2026,25,100994
SKU0170,WH7,1170,221,159,11/14/2023,24,170347
SKU0407,WH5,1131,53,201,6/26/2025,18,109829
SKU0070,WH7,986,105,480,7/17/2024,28,275525
SKU0306,WH1,1380,60,255,10/5/2025,25,36237
SKU0157,WH5,1074,188,361,5/24/2024,13,234634
SKU0320,WH4,687,236,465,1/10/2026,13,138065
SKU0230,WH5,1427,225,191,3/18/2025,12,291986
SKU0004,WH7,812,196,123,3/19/2026,14,261086
SKU0377,WH6,409,53,144,10/19/2023,13,278539
SKU0486,WH6,386,273,332,3/18/2026,24,35342
SKU0391,WH7,1099,80,320,10/1/2024,27,209569
SKU0079,WH7,1184,158,169,12/31/2025,11,171121
SKU0254,WH4,1175,85,356,11/10/2023,3,104995
SKU0190,WH1,851,100,256,11/18/2025,4,40573
SKU0315,WH7,917,259,104,10/5/2024,23,14512
SKU0149,WH7,1486,99,213,5/16/2025,12,31850
SKU0248,WH1,787,104,348,4/4/2025,7,168878
SKU0272,WH6,150,274,367,12/3/2024,21,103639
SKU0326,WH1,1366,180,153,12/27/2023,25,122769
SKU0397,WH5,242,247,349,9/30/2024,27,18894
SKU0136,WH2,1075,59,491,10/12/2025,3,60576
SKU0481,WH2,1097,156,462,3/15/2024,14,149285
SKU0317,WH5,885,132,170,1/9/2025,4,129710
SKU0387,WH3,733,50,169,2/2/2026,8,81697
SKU0111,WH3,1001,222,491,10/24/2023,5,7453
SKU0430,WH4,502,148,326,7/6/2025,13,127635
SKU0446,WH2,693,126,253,9/19/2023,28,278749
SKU0023,WH5,979,229,356,7/30/2024,25,219849
SKU0253,WH7,403,210,254,11/30/2025,15,173379
SKU0136,WH1,72,261,319,10/7/2023,11,42607
SKU0404,WH2,811,122,258,6/14/2025,10,210710
SKU0286,WH5,530,251,474,5/16/2026,23,281263
SKU0238,WH6,510,147,461,6/29/2025,7,40846
SKU0203,WH8,1266,132,280,11/28/2024,13,282221
SKU0054,WH8,218,294,469,10/4/2025,23,170845
SKU0404,WH6,934,192,215,5/26/2024,9,69096
SKU0258,WH8,786,279,147,12/5/2025,12,238376
SKU0098,WH3,607,278,237,8/30/2025,19,147148
SKU0145,WH6,1326,73,255,7/27/2024,3,203382
SKU0271,WH6,969,150,367,8/6/2024,11,272396
SKU0449,WH3,164,111,370,6/4/2025,14,23988
SKU0495,WH3,163,134,165,1/20/2024,7,16521
SKU0197,WH6,756,82,437,8/20/2024,24,143351
SKU0354,WH4,616,144,216,12/23/2023,11,218765
SKU0197,WH7,360,112,480,12/7/2025,23,234450
SKU0104,WH5,818,71,289,10/23/2024,16,277614
SKU0109,WH5,1367,204,399,9/5/2023,20,16136
SKU0456,WH6,909,168,270,11/13/2025,11,217929
SKU0324,WH7,206,294,122,4/11/2026,16,248102
SKU0299,WH1,52,196,493,6/15/2025,28,192234
SKU0396,WH7,1210,60,105,12/18/2023,29,223591
SKU0484,WH5,1230,62,478,1/17/2024,23,113984
SKU0492,WH1,789,120,285,12/22/2023,11,199403
SKU0094,WH6,243,268,404,8/1/2023,14,238067
SKU0211,WH7,1111,73,294,3/29/2024,29,193856
SKU0278,WH3,1305,223,420,12/5/2024,20,40585
SKU0248,WH2,4,202,365,8/29/2025,18,231941
SKU0220,WH7,62,160,295,10/7/2024,16,227858
SKU0350,WH3,1464,264,456,9/16/2024,12,209607
SKU0454,WH5,691,228,160,5/13/2025,13,179225
SKU0233,WH1,513,112,240,6/12/2024,21,81164
SKU0381,WH3,1445,214,191,1/30/2025,17,150682
SKU0404,WH7,824,296,194,1/19/2025,16,193804
SKU0370,WH7,38,199,308,8/23/2023,21,80083
SKU0399,WH5,1181,71,244,1/21/2025,19,214883
SKU0115,WH5,1051,52,487,12/26/2023,28,242165
SKU0264,WH1,68,252,239,7/15/2024,23,151863
SKU0293,WH6,424,230,425,2/11/2025,28,126573
SKU0156,WH4,154,73,272,5/10/2025,14,92830
SKU0267,WH2,1223,266,226,9/15/2023,28,110633
SKU0326,WH7,811,286,213,4/27/2025,6,144734
SKU0256,WH8,786,131,267,7/19/2024,18,25704
SKU0027,WH4,219,99,302,3/7/2024,3,121201
SKU0298,WH3,1004,225,475,12/24/2023,23,71764
SKU0331,WH4,1389,100,237,3/3/2024,4,228452
SKU0339,WH1,483,77,327,12/6/2024,8,138630
SKU0460,WH7,1296,216,182,9/11/2023,18,293413
SKU0465,WH2,605,123,101,11/28/2024,16,172223
SKU0264,WH4,754,147,411,8/25/2025,8,8938
SKU0059,WH8,100,139,421,1/15/2025,4,44043
SKU0117,WH4,1355,149,352,9/6/2025,7,205398
SKU0444,WH8,1350,265,112,1/28/2026,18,152016
SKU0479,WH2,224,197,139,8/24/2023,28,162931
SKU0318,WH3,1470,288,164,7/14/2025,2,187729
SKU0019,WH8,1109,274,305,7/4/2024,18,277983
SKU0299,WH1,990,213,243,3/26/2025,23,153552
SKU0444,WH7,628,200,432,8/27/2025,3,104989
SKU0435,WH8,215,202,472,12/1/2024,27,148350
SKU0084,WH2,443,286,274,8/6/2024,9,210231
SKU0320,WH8,159,57,316,11/12/2023,16,19288
SKU0066,WH3,1302,231,222,3/9/2026,26,166411
SKU0326,WH2,931,55,201,7/11/2024,16,112120
SKU0233,WH1,1192,273,106,3/21/2026,7,20261
SKU0475,WH1,1266,106,321,4/22/2026,12,99400
SKU0304,WH8,142,121,116,5/15/2026,10,148712
SKU0402,WH4,50,210,480,4/4/2026,28,128213
SKU0020,WH4,537,115,201,11/2/2025,14,220299
SKU0457,WH8,1139,233,473,8/26/2024,13,202666
SKU0451,WH5,190,244,416,6/1/2024,12,197288
SKU0040,WH5,774,51,333,2/6/2025,24,245562
SKU0358,WH4,349,123,428,10/13/2024,27,183627
SKU0018,WH1,1146,246,486,5/20/2026,4,285141
SKU0396,WH3,664,223,272,12/16/2023,13,189833
SKU0120,WH6,790,290,286,9/27/2025,26,106751
SKU0496,WH4,26,210,337,12/22/2023,24,163697
SKU0339,WH5,420,96,131,2/20/2026,22,237670
SKU0154,WH1,1246,107,422,2/18/2026,29,61825
SKU0353,WH6,1014,263,356,4/1/2025,8,74303
SKU0289,WH7,766,117,203,3/22/2024,14,298275
SKU0134,WH2,848,169,107,9/10/2024,4,79013
SKU0374,WH4,1478,68,385,1/13/2026,18,148332
SKU0442,WH8,579,251,326,11/22/2025,20,289544
SKU0185,WH4,492,180,318,12/26/2025,25,209923
SKU0128,WH3,1122,185,155,1/6/2026,21,204987
SKU0137,WH6,1041,259,361,11/12/2023,23,99348
SKU0394,WH7,551,179,259,6/10/2025,11,255791
SKU0428,WH1,48,152,422,12/1/2023,17,234445
SKU0181,WH3,1476,251,167,8/8/2025,6,175866
SKU0155,WH7,1056,261,127,4/13/2026,7,137082
SKU0081,WH8,518,293,464,12/17/2024,13,294584
SKU0180,WH2,426,143,463,9/19/2023,2,261792
SKU0340,WH1,690,56,314,3/7/2026,19,44538
SKU0192,WH3,316,266,112,2/13/2024,17,141089
SKU0182,WH2,1109,63,186,11/1/2025,26,161262
SKU0141,WH2,747,123,422,12/10/2023,20,36655
SKU0159,WH4,811,191,482,6/12/2024,3,138876
SKU0234,WH6,1241,210,393,8/11/2023,6,143753
SKU0465,WH6,1114,250,379,8/15/2024,27,128508
SKU0243,WH1,1280,169,367,8/16/2025,28,16601
SKU0177,WH2,106,68,364,7/15/2023,6,276835
SKU0203,WH3,396,279,356,7/27/2025,23,251983
SKU0411,WH1,905,70,180,1/15/2024,20,218950
SKU0013,WH2,150,103,387,12/9/2023,12,11417
SKU0430,WH4,1403,164,168,12/25/2024,22,167985
SKU0051,WH5,270,288,439,7/7/2024,6,48247
SKU0427,WH5,112,109,219,10/25/2023,12,165220
SKU0244,WH6,1497,208,330,8/2/2023,12,132980
SKU0360,WH8,911,180,362,7/23/2024,9,275547
SKU0375,WH5,610,294,491,5/9/2025,22,157597
SKU0356,WH2,239,117,362,4/23/2024,17,26744
SKU0335,WH2,999,209,462,3/27/2025,12,260002
SKU0214,WH3,629,96,251,2/3/2025,2,189938
SKU0473,WH5,1297,228,314,11/26/2024,16,98559
SKU0019,WH5,693,254,437,12/5/2024,18,10120
SKU0285,WH1,719,259,187,4/2/2025,17,242964
SKU0087,WH1,910,251,432,1/18/2024,18,83566
SKU0211,WH2,354,66,289,9/18/2024,26,150797
SKU0451,WH6,391,201,363,7/12/2024,24,252797
SKU0147,WH7,1139,132,272,9/24/2025,16,45269
SKU0013,WH2,881,101,314,2/11/2025,20,282703
SKU0097,WH8,196,112,396,10/28/2025,12,95306
SKU0344,WH4,1051,210,331,6/20/2024,27,16684
SKU0038,WH6,228,183,210,7/21/2025,3,114259
SKU0419,WH5,665,284,118,3/14/2026,3,172132
SKU0033,WH5,396,231,118,7/1/2025,17,172955
SKU0045,WH8,168,229,493,3/12/2024,23,156869
SKU0185,WH2,236,275,390,2/26/2024,23,172107
SKU0049,WH7,1168,89,109,4/27/2024,7,94624
SKU0450,WH7,301,226,427,12/24/2023,3,241158
SKU0083,WH8,993,165,271,4/26/2025,8,35582
SKU0039,WH7,316,172,239,11/21/2023,12,88897
SKU0047,WH8,105,298,285,8/9/2025,11,169248
SKU0161,WH3,6,213,251,4/18/2026,17,188198
SKU0347,WH8,1357,289,362,11/9/2025,20,103691
SKU0178,WH8,270,196,337,8/10/2024,2,83022
SKU0194,WH1,423,85,375,2/25/2025,4,63472
SKU0033,WH8,1478,178,370,4/26/2024,7,239644
SKU0177,WH5,877,92,118,7/25/2023,8,255706
SKU0199,WH7,1059,126,366,1/17/2025,11,153614
SKU0394,WH3,96,202,101,1/3/2026,28,101762
SKU0412,WH6,172,125,297,1/7/2024,4,193576
SKU0089,WH1,1209,206,403,10/15/2024,14,241713
SKU0351,WH8,1450,268,396,9/7/2024,11,296380
SKU0172,WH6,453,139,475,3/15/2025,15,56894
SKU0382,WH4,982,121,248,12/15/2025,13,190853
SKU0269,WH8,191,201,420,10/19/2024,13,277817
SKU0223,WH7,1038,69,461,4/14/2026,25,215000
SKU0029,WH7,11,96,242,11/1/2024,4,101253
SKU0040,WH6,1055,175,405,12/2/2024,7,276118
SKU0393,WH6,822,261,374,10/6/2023,15,75279
SKU0223,WH2,580,114,329,12/22/2025,12,270776
SKU0233,WH3,937,137,333,6/24/2024,3,77756
SKU0413,WH1,1409,283,372,8/31/2025,26,104954
SKU0132,WH7,1064,234,195,11/2/2023,24,186586
SKU0337,WH8,1321,73,468,10/1/2023,9,134852
SKU0465,WH2,389,264,287,4/22/2024,12,180487
SKU0403,WH7,1177,238,328,12/26/2023,13,205418
SKU0371,WH2,1497,299,429,4/29/2026,28,180366
SKU0432,WH7,728,275,261,9/5/2023,19,296820
SKU0195,WH5,790,250,437,10/31/2024,27,232732
SKU0250,WH8,421,145,160,3/27/2025,5,76362
SKU0481,WH1,272,155,157,8/22/2023,25,89511
SKU0101,WH2,697,237,162,12/2/2025,29,124478
SKU0426,WH8,1103,52,344,1/1/2026,14,97767
SKU0370,WH5,172,151,157,11/11/2023,10,101577
SKU0466,WH8,1389,146,282,11/20/2023,15,171806
SKU0469,WH8,858,254,247,10/1/2024,21,248372
SKU0314,WH8,216,279,159,1/14/2024,23,255761
SKU0344,WH7,1176,58,416,2/25/2026,6,176085
SKU0059,WH2,1311,50,269,9/5/2025,23,12222
SKU0144,WH1,955,62,148,10/27/2024,13,101008
SKU0382,WH2,213,278,372,10/28/2025,4,156634
SKU0223,WH4,650,70,181,3/2/2024,6,160138
SKU0106,WH8,853,124,375,12/10/2023,13,168615
SKU0060,WH4,723,214,166,10/28/2023,29,21082
SKU0195,WH4,430,126,475,3/21/2025,28,207403
SKU0401,WH4,335,296,324,11/6/2025,24,133431
SKU0192,WH8,622,211,377,4/23/2025,5,53873
SKU0289,WH6,645,242,408,5/19/2024,6,135626
SKU0371,WH3,360,102,159,1/11/2026,7,176657
SKU0455,WH7,60,118,390,9/12/2025,14,232395
SKU0104,WH2,450,153,326,2/6/2026,10,121019
SKU0150,WH2,786,68,387,1/13/2026,10,280192
SKU0263,WH2,1274,262,316,3/3/2026,26,177130
SKU0353,WH2,361,273,437,10/4/2025,18,179128
SKU0261,WH5,457,236,148,11/14/2024,20,200455
SKU0141,WH3,1311,182,176,8/18/2023,3,287608
SKU0222,WH7,1236,181,215,7/5/2025,23,224111
SKU0266,WH2,542,241,412,9/11/2024,16,148853
SKU0142,WH5,1221,293,160,9/14/2023,10,30486
SKU0071,WH6,749,275,462,4/29/2026,3,112911
SKU0159,WH3,868,112,365,6/14/2024,15,247552
SKU0260,WH5,108,115,130,1/10/2025,17,66388
SKU0366,WH8,1186,108,460,1/14/2025,8,286088
SKU0048,WH4,524,117,374,4/5/2024,18,290101
SKU0063,WH8,678,200,427,9/8/2025,27,17529
SKU0106,WH4,331,256,427,11/2/2024,15,198477
SKU0128,WH5,1154,212,415,7/15/2025,13,243625
SKU0260,WH2,625,285,308,12/30/2024,11,53984
SKU0462,WH3,1168,103,489,10/28/2024,27,290943
SKU0207,WH1,569,278,475,1/22/2024,5,188131
SKU0057,WH8,469,243,306,6/22/2025,13,151819
SKU0035,WH5,1325,142,454,3/21/2024,18,287842
SKU0354,WH7,1436,255,156,7/28/2024,2,178460
SKU0142,WH5,874,135,292,4/24/2026,27,140399
SKU0077,WH8,1091,240,392,10/4/2023,24,174256
SKU0408,WH5,490,200,124,10/1/2023,14,289233
SKU0023,WH2,266,228,361,11/27/2025,27,78003
SKU0378,WH5,1376,73,154,8/14/2024,6,269383
SKU0437,WH1,1186,69,465,10/10/2024,9,66798
SKU0115,WH4,826,79,288,4/11/2024,29,214177
SKU0208,WH4,667,132,336,5/1/2025,3,27823
SKU0099,WH7,901,244,457,7/19/2025,23,170937
SKU0027,WH3,1238,165,324,12/20/2023,10,180308
SKU0098,WH3,1039,147,123,2/21/2025,20,246631
SKU0469,WH4,86,61,129,2/15/2024,23,141776
SKU0264,WH1,471,83,150,12/12/2023,15,157548
SKU0161,WH1,1166,54,338,7/23/2023,26,208942
SKU0476,WH2,113,172,270,8/9/2024,4,226001
SKU0091,WH4,1415,224,342,3/1/2026,22,189663
SKU0273,WH4,672,56,335,8/18/2023,7,32820
SKU0442,WH3,409,286,228,5/5/2024,18,5857
SKU0108,WH2,784,128,274,10/19/2023,17,121641
SKU0062,WH4,1246,107,118,12/26/2023,25,131270
SKU0078,WH3,921,102,291,2/21/2026,27,116964
SKU0286,WH3,835,266,161,11/26/2025,20,76384
SKU0249,WH6,87,131,319,5/10/2025,17,60306
SKU0046,WH3,1101,265,104,5/21/2025,29,133493
SKU0126,WH3,1318,137,403,3/15/2026,11,227291
SKU0401,WH8,850,144,181,2/9/2025,25,81526
SKU0486,WH7,321,152,431,11/29/2024,18,21024
SKU0195,WH1,1219,187,425,2/2/2026,21,263372
SKU0313,WH7,875,53,228,2/21/2026,17,133747
SKU0134,WH5,179,111,270,12/17/2024,5,164416
SKU0184,WH8,630,248,356,12/9/2023,25,86494
SKU0473,WH7,377,103,339,3/15/2025,17,108376
SKU0070,WH3,394,267,263,8/3/2024,21,275869
SKU0356,WH1,223,296,255,11/13/2024,21,273752
SKU0103,WH6,210,118,108,10/20/2023,24,148796
SKU0356,WH5,472,143,151,5/30/2024,27,221248
SKU0434,WH1,49,116,377,10/17/2023,25,216193
SKU0067,WH5,307,169,270,4/25/2026,17,19716
SKU0163,WH8,1073,241,463,8/9/2024,23,186516
SKU0111,WH1,701,168,488,3/23/2024,21,28440
SKU0249,WH2,438,249,433,6/13/2025,17,262875
SKU0403,WH1,524,228,482,10/12/2025,24,107867
SKU0331,WH2,696,197,367,10/31/2023,26,26979
SKU0143,WH7,1384,81,311,4/27/2025,3,6675
SKU0293,WH5,435,194,408,8/7/2024,13,191323
SKU0096,WH7,142,289,153,6/27/2025,20,261168
SKU0415,WH4,733,87,145,5/5/2025,18,87314
SKU0439,WH4,483,175,373,12/16/2025,8,51373
SKU0342,WH3,714,286,362,11/29/2025,23,5189
SKU0071,WH6,617,152,296,10/27/2024,11,42881
SKU0385,WH7,490,265,457,9/14/2024,25,143830
SKU0352,WH5,667,106,269,5/8/2024,19,55640
SKU0310,WH6,1062,202,151,6/26/2025,6,124703
SKU0341,WH1,1207,291,165,4/3/2024,2,190899
SKU0162,WH3,669,103,356,6/18/2024,27,108442
SKU0231,WH7,693,217,116,1/5/2026,26,95627
SKU0244,WH1,589,124,460,12/20/2025,19,106376
SKU0328,WH4,831,267,428,4/21/2025,14,240178
SKU0411,WH3,765,174,220,4/14/2025,8,110373
SKU0299,WH5,758,186,303,11/29/2025,8,146802
SKU0087,WH7,1464,181,146,9/19/2024,15,225017
SKU0400,WH5,310,201,171,9/20/2023,13,13145
SKU0381,WH3,443,61,252,2/23/2024,21,270763
SKU0206,WH6,969,280,431,5/23/2025,7,207871
SKU0371,WH6,1127,90,175,2/19/2026,19,57692
SKU0025,WH8,412,273,132,11/28/2025,3,234697
SKU0069,WH3,553,154,273,7/19/2023,10,115141
SKU0003,WH1,783,162,437,12/19/2025,2,33819
SKU0196,WH8,621,157,263,1/17/2025,23,182745
SKU0203,WH1,1381,184,139,1/27/2025,2,178452
SKU0072,WH5,672,225,203,7/13/2025,12,90066
SKU0443,WH5,1392,72,487,6/14/2025,28,41576
SKU0353,WH7,266,129,355,3/4/2025,23,235768
SKU0189,WH3,434,181,139,9/16/2025,5,57635
SKU0342,WH6,829,163,190,11/30/2023,22,159239
SKU0271,WH7,1091,109,448,12/28/2025,21,275902
SKU0317,WH2,545,115,101,5/17/2026,6,204188
SKU0396,WH7,110,294,340,2/24/2024,20,250469
SKU0063,WH3,125,274,367,2/10/2026,28,21558
SKU0408,WH3,967,231,272,2/6/2025,12,278016
SKU0071,WH8,817,94,225,6/22/2024,23,178720
SKU0024,WH6,1181,287,204,9/12/2025,2,89063
SKU0078,WH4,275,105,246,3/4/2026,19,141350
SKU0446,WH6,463,287,210,3/25/2024,23,279444
SKU0013,WH8,14,177,374,4/28/2025,13,170381
SKU0266,WH8,899,192,317,5/19/2024,10,294024
SKU0193,WH3,739,173,440,11/26/2025,6,210367
SKU0371,WH7,1490,223,145,9/29/2024,15,294134
SKU0261,WH4,1383,196,441,4/11/2024,19,203596
SKU0354,WH1,749,108,392,2/13/2026,22,205668
SKU0109,WH2,404,141,202,5/20/2025,7,280349
SKU0303,WH6,1321,76,495,4/7/2025,29,293452
SKU0363,WH3,308,265,343,4/12/2025,3,122776
SKU0136,WH6,1428,232,391,7/29/2025,16,115481
SKU0051,WH7,1048,232,420,2/18/2025,15,65510
SKU0206,WH1,1360,263,106,6/2/2024,12,97724
SKU0364,WH3,849,278,290,2/6/2026,12,272636
SKU0037,WH3,1084,235,326,7/13/2025,27,170880
SKU0081,WH8,874,100,205,5/4/2025,28,232498
SKU0171,WH1,282,206,495,9/5/2025,12,110640
SKU0214,WH3,1339,105,288,2/2/2025,24,122271
SKU0185,WH2,862,272,299,7/19/2025,25,111190
SKU0300,WH3,254,283,354,9/9/2025,9,42654
SKU0449,WH4,786,215,434,4/27/2026,23,189394
SKU0177,WH6,1168,240,396,7/21/2024,15,131685
SKU0295,WH1,572,148,201,10/4/2024,28,74597
SKU0204,WH4,929,111,490,4/19/2024,21,153805
SKU0376,WH2,528,238,466,9/24/2025,3,116469
SKU0030,WH3,1231,100,330,2/3/2026,27,130764
SKU0221,WH1,1015,135,331,1/1/2025,2,110586
SKU0336,WH1,550,216,145,7/16/2023,14,270791
SKU0236,WH4,326,286,275,8/13/2023,25,250901
SKU0322,WH2,1224,278,188,7/25/2023,22,129035
SKU0051,WH8,1037,261,211,1/5/2025,10,180621
SKU0335,WH4,1167,258,260,3/7/2024,12,13230
SKU0302,WH6,747,136,168,8/4/2024,9,298009
SKU0392,WH6,919,133,193,4/25/2026,16,47086
SKU0390,WH5,967,103,421,8/5/2024,19,228849
SKU0187,WH2,1006,85,284,3/29/2025,26,76158
SKU0118,WH3,793,196,335,10/10/2025,16,47968
SKU0102,WH5,656,245,343,3/25/2024,29,210368
SKU0261,WH4,1049,72,333,11/22/2023,12,75800
SKU0334,WH4,312,124,433,5/5/2025,21,33896
SKU0324,WH7,1282,110,394,3/4/2026,17,107437
SKU0111,WH2,1222,50,349,6/25/2025,20,135763
SKU0387,WH2,836,180,440,8/3/2023,15,45024
SKU0288,WH6,915,225,289,9/15/2025,10,299032
SKU0216,WH6,869,132,474,3/29/2025,19,153570
SKU0115,WH4,1191,120,380,10/13/2025,13,248742
SKU0318,WH1,900,289,283,9/27/2025,23,49813
SKU0472,WH3,1213,224,138,5/25/2025,16,194108
SKU0286,WH2,1015,150,305,4/13/2025,11,218239
SKU0305,WH8,1421,66,424,11/3/2023,24,72367
SKU0140,WH6,778,285,316,7/7/2025,25,277069
SKU0089,WH1,657,59,144,11/9/2024,20,144239
SKU0434,WH4,877,239,421,2/9/2026,11,279624
SKU0466,WH6,212,85,454,7/24/2025,19,169272
SKU0402,WH4,375,215,211,10/23/2023,16,164716
SKU0093,WH1,585,278,247,1/17/2024,16,278052
SKU0303,WH8,700,90,493,5/16/2026,19,159809
SKU0063,WH4,712,92,203,1/11/2025,3,215279
SKU0428,WH3,1339,248,105,12/18/2025,11,81615
SKU0405,WH7,1185,250,461,5/7/2024,8,249177
SKU0432,WH8,625,239,177,7/9/2025,14,208549
SKU0322,WH1,589,270,470,10/13/2023,11,79091
SKU0288,WH3,450,234,340,2/15/2024,21,198041
SKU0350,WH8,868,199,253,11/27/2024,24,158629
SKU0173,WH2,859,214,416,10/20/2025,14,28032
SKU0179,WH7,489,170,177,9/1/2025,23,181310
SKU0053,WH5,715,79,417,3/25/2026,29,168450
SKU0111,WH7,434,82,463,12/27/2025,28,208273
SKU0252,WH3,80,160,213,9/5/2024,21,230015
SKU0377,WH7,931,162,250,2/20/2025,6,233904
SKU0156,WH5,230,71,435,8/9/2024,12,77449
SKU0345,WH4,492,219,188,9/10/2025,9,112780
SKU0487,WH3,418,193,206,6/13/2025,7,238252
SKU0318,WH3,446,233,269,6/13/2025,4,182468
SKU0029,WH4,759,116,302,3/20/2024,11,63169
SKU0445,WH6,1395,223,257,5/9/2024,9,282544
SKU0124,WH3,841,251,291,4/23/2024,24,246179
SKU0392,WH4,618,281,252,1/2/2026,21,269483
SKU0174,WH2,1490,66,450,6/25/2024,19,69093
SKU0031,WH7,1300,297,478,11/19/2023,3,159665
SKU0497,WH7,168,124,189,5/9/2024,19,115517
SKU0322,WH1,827,269,105,10/21/2025,3,264109
SKU0318,WH6,568,66,494,1/29/2025,14,85724
SKU0274,WH6,349,274,356,5/16/2024,25,227310
SKU0439,WH8,358,164,432,3/22/2026,15,16590
SKU0085,WH3,440,157,115,5/24/2024,29,202817
SKU0421,WH2,295,143,430,5/27/2025,22,16342
SKU0486,WH1,905,264,441,1/18/2025,14,159671
SKU0086,WH7,61,279,455,11/9/2023,16,75258
SKU0158,WH3,524,183,166,1/26/2026,28,183187
SKU0339,WH2,189,226,179,12/2/2025,27,257671
SKU0277,WH8,66,66,456,11/30/2024,13,47778
SKU0334,WH3,738,113,382,1/7/2026,13,55508
SKU0141,WH1,1449,126,357,6/26/2025,13,201061
SKU0099,WH3,557,155,403,5/22/2025,24,203525
SKU0275,WH4,473,68,124,12/17/2025,13,97835
SKU0004,WH7,93,240,310,11/13/2024,24,275452
SKU0238,WH2,1261,67,333,1/10/2025,19,262968
SKU0149,WH3,420,210,188,11/30/2024,25,282480
SKU0152,WH4,313,51,202,3/23/2025,16,263056
SKU0106,WH7,967,112,184,12/11/2025,28,60201
SKU0045,WH7,430,157,393,12/17/2024,7,233427
SKU0269,WH6,870,138,267,11/10/2025,9,99641
SKU0406,WH1,1397,72,111,8/9/2024,14,146656
SKU0471,WH6,356,252,256,12/24/2024,4,179129
SKU0049,WH1,1054,182,426,2/7/2024,20,221597
SKU0048,WH7,409,282,220,2/8/2024,27,239756
SKU0273,WH6,1401,193,256,5/18/2026,20,163222
SKU0404,WH4,1401,60,195,5/8/2025,15,115574
SKU0160,WH1,1082,245,174,1/28/2026,26,274537
SKU0232,WH4,509,206,392,8/11/2025,29,277726
SKU0178,WH6,1237,186,338,8/28/2025,23,294488
SKU0105,WH1,223,175,434,4/7/2024,10,275127
SKU0126,WH5,255,195,317,7/14/2023,3,272648
SKU0190,WH5,365,67,165,10/28/2023,29,201898
SKU0399,WH3,106,106,289,1/1/2025,28,284572
SKU0426,WH6,780,215,384,5/1/2024,28,106636
SKU0011,WH6,408,76,295,11/19/2025,29,128578
SKU0037,WH6,55,247,197,1/5/2024,27,148947
SKU0488,WH1,1461,149,472,2/19/2026,26,162229
SKU0196,WH5,1485,268,454,1/30/2024,11,289048
SKU0378,WH6,192,252,354,10/23/2024,20,182591
SKU0294,WH8,935,107,173,4/10/2025,27,299762
SKU0081,WH6,591,87,453,9/23/2023,15,84506
SKU0445,WH4,1044,58,315,4/7/2025,27,24601
SKU0445,WH1,358,126,488,12/10/2024,9,227239
SKU0349,WH6,538,67,109,10/27/2025,20,136318
SKU0230,WH2,454,288,390,5/4/2024,13,102299
SKU0271,WH4,62,259,339,12/11/2025,5,115381
SKU0156,WH5,478,114,162,10/10/2025,26,5057
SKU0087,WH5,233,270,174,9/4/2024,27,172839
SKU0067,WH5,1250,297,244,12/26/2025,21,84629
SKU0021,WH3,220,136,400,2/12/2026,7,269845
SKU0285,WH8,427,86,164,7/28/2024,15,81882
SKU0189,WH7,632,81,411,9/4/2023,8,19272
SKU0272,WH3,169,103,297,1/22/2025,27,221344
SKU0299,WH2,313,204,151,10/22/2023,3,162225
SKU0152,WH2,489,195,160,10/14/2024,8,182008
SKU0249,WH7,931,97,216,3/17/2024,5,234612
SKU0246,WH4,464,233,288,11/5/2023,24,227220
SKU0480,WH2,325,160,390,9/28/2023,20,278595
SKU0031,WH4,635,257,112,4/3/2026,12,170443
SKU0226,WH6,884,172,278,5/31/2025,13,55949
SKU0341,WH1,175,87,484,2/14/2026,18,281847
SKU0013,WH3,171,102,122,4/20/2025,12,199329
SKU0281,WH6,1497,266,176,8/15/2025,10,254321
SKU0115,WH5,1414,236,133,10/10/2023,24,80994
SKU0262,WH4,755,112,206,1/10/2025,19,270749
SKU0214,WH2,1359,225,435,3/12/2026,22,22217
SKU0079,WH1,1217,50,344,4/10/2024,21,150524
SKU0043,WH2,86,220,110,11/11/2024,27,117854
SKU0082,WH5,680,50,446,9/29/2025,24,220826
SKU0479,WH1,1446,146,448,3/21/2024,19,275735
SKU0435,WH2,476,187,164,8/28/2025,9,156127
SKU0075,WH4,775,55,249,10/1/2024,24,266921
SKU0345,WH6,618,282,140,1/8/2024,12,80454
SKU0425,WH2,554,158,252,8/3/2024,20,262816
SKU0089,WH3,270,201,362,4/9/2025,23,257996
SKU0210,WH7,973,247,440,8/1/2024,10,34691
SKU0163,WH7,53,58,483,4/17/2026,18,242709
SKU0105,WH7,517,210,253,5/10/2025,18,289633
SKU0044,WH8,908,64,437,12/26/2025,26,90454
SKU0014,WH3,459,87,196,4/12/2026,28,261489
SKU0493,WH1,178,277,150,5/11/2026,18,138076
SKU0440,WH8,1098,185,123,7/9/2025,18,268887
SKU0212,WH3,1179,163,109,5/10/2026,13,23044
SKU0314,WH2,326,139,112,6/2/2025,3,215803
SKU0427,WH5,354,248,117,1/21/2026,4,98437
SKU0443,WH3,1142,59,238,8/16/2024,12,59093
SKU0183,WH4,1314,195,285,7/31/2025,21,269148
SKU0293,WH2,275,75,120,3/11/2026,29,261079
SKU0162,WH8,970,53,396,12/3/2025,5,202505
SKU0231,WH7,724,218,415,9/12/2025,27,69895
SKU0430,WH8,1281,284,470,5/18/2026,4,165553
SKU0432,WH3,532,249,145,1/9/2025,9,270921
SKU0218,WH6,1370,138,155,6/19/2025,21,96803
SKU0424,WH1,169,259,107,3/8/2024,26,220684
SKU0020,WH7,917,288,471,12/2/2023,26,40400
SKU0426,WH5,697,182,185,2/14/2025,5,276568
SKU0072,WH5,803,53,428,5/5/2026,5,11297
SKU0235,WH5,606,156,104,3/29/2025,12,88934
SKU0448,WH5,143,57,482,5/11/2024,20,245969
SKU0151,WH4,804,51,241,9/3/2024,21,30703
SKU0051,WH8,243,180,144,2/12/2025,6,34241
SKU0355,WH3,1428,293,302,3/1/2024,27,285202
SKU0140,WH5,1344,79,406,6/22/2025,19,55170
SKU0435,WH4,186,184,285,9/22/2023,23,266598
SKU0128,WH8,247,291,322,7/27/2025,24,242109
SKU0259,WH4,232,93,170,2/26/2024,27,226096
SKU0007,WH5,108,201,206,5/19/2024,19,30300
SKU0165,WH6,674,167,284,6/17/2025,11,299823
SKU0492,WH5,648,56,463,7/19/2025,25,237075
SKU0020,WH4,1371,149,384,2/21/2024,21,288407
SKU0250,WH4,588,50,302,8/8/2023,5,228709
SKU0216,WH1,1174,79,472,6/10/2024,24,63326
SKU0186,WH8,1332,289,112,1/16/2024,26,234472
SKU0345,WH4,688,113,316,9/18/2023,11,75615
SKU0275,WH7,875,275,468,7/18/2025,16,142494
SKU0027,WH1,106,107,149,8/11/2025,8,197527
SKU0205,WH6,414,110,283,10/30/2025,22,205249
SKU0342,WH8,684,119,161,9/4/2023,3,255795
SKU0420,WH2,429,242,199,8/25/2024,13,88976
SKU0444,WH2,270,139,282,10/30/2025,17,9371
SKU0245,WH8,848,280,456,12/28/2024,16,121355
SKU0023,WH1,1485,80,383,3/25/2025,13,17304
SKU0468,WH2,537,239,295,8/23/2023,11,242060
SKU0256,WH4,111,217,111,6/7/2025,19,29344
SKU0414,WH7,1068,153,465,8/26/2023,7,184839
SKU0248,WH4,1474,115,432,8/18/2025,15,132481
SKU0126,WH5,1218,188,445,1/6/2026,6,270205
SKU0467,WH3,1230,158,137,8/20/2023,13,160130
SKU0219,WH5,1091,101,408,9/21/2023,27,63971
SKU0295,WH5,31,238,122,2/10/2024,16,155006
SKU0365,WH3,911,111,397,5/11/2024,10,68790
SKU0115,WH1,827,154,467,9/20/2024,22,136468
SKU0066,WH4,413,87,217,4/9/2024,14,112487
SKU0360,WH3,1444,143,422,6/20/2025,3,127146
SKU0290,WH6,485,174,366,8/17/2024,18,282483
SKU0393,WH4,130,136,449,4/20/2026,7,29973
SKU0213,WH7,851,102,237,9/14/2025,20,215155
SKU0340,WH1,132,257,176,5/7/2025,23,296107
SKU0108,WH2,580,268,429,6/5/2025,10,125372
SKU0368,WH8,961,106,258,10/28/2023,7,56622
SKU0072,WH8,946,213,271,4/21/2026,24,117767
SKU0434,WH8,217,264,120,4/20/2024,12,270310
SKU0213,WH5,655,169,242,6/6/2025,14,100220
SKU0080,WH5,423,231,333,9/25/2023,18,198742
SKU0001,WH4,636,82,474,8/19/2023,7,161855
SKU0258,WH3,1456,135,494,11/16/2025,23,102513
SKU0453,WH2,95,88,174,9/18/2025,17,273112
SKU0035,WH6,1217,257,400,1/3/2026,13,89000
SKU0074,WH4,1000,53,363,11/20/2025,28,168769
SKU0429,WH7,858,223,197,4/13/2025,18,142937
SKU0010,WH6,107,159,204,10/17/2023,3,55077
SKU0191,WH5,812,256,253,10/14/2023,16,153542
SKU0026,WH4,846,194,120,3/16/2026,28,219269
SKU0207,WH4,278,80,407,3/6/2025,23,134906
SKU0497,WH5,469,88,149,2/14/2025,4,117651
SKU0359,WH2,1152,272,379,5/21/2024,20,38673
SKU0359,WH4,632,276,467,4/4/2025,3,237253
SKU0259,WH6,162,199,323,3/19/2026,13,282241
SKU0207,WH8,92,135,437,8/5/2023,21,242502
SKU0174,WH3,1266,113,125,10/24/2024,14,297991
SKU0382,WH3,21,116,396,7/29/2024,2,264747
SKU0423,WH1,1213,195,150,11/15/2024,18,205035
SKU0357,WH1,1109,230,243,7/21/2024,9,159016
SKU0232,WH1,138,237,396,12/10/2025,25,182342
SKU0208,WH7,1139,267,151,11/18/2025,10,100759
SKU0178,WH3,596,276,476,5/18/2025,25,188528
SKU0060,WH2,876,292,456,10/1/2023,3,107423
SKU0343,WH4,842,265,406,9/2/2025,13,48592
SKU0147,WH3,562,139,414,7/21/2025,19,271783
SKU0266,WH1,234,85,349,3/16/2026,19,190033
SKU0260,WH1,1027,134,345,3/24/2024,24,236586
SKU0097,WH7,674,225,395,8/20/2023,20,21408
SKU0423,WH4,139,169,243,10/22/2024,23,123621
SKU0077,WH1,1257,162,262,8/12/2025,6,132710
SKU0331,WH6,742,120,381,8/5/2024,22,124245
SKU0043,WH5,730,246,428,2/1/2025,15,26895
SKU0200,WH8,1116,80,286,8/6/2024,29,244070
SKU0477,WH2,911,256,178,8/11/2023,21,140422
SKU0098,WH5,1073,174,183,9/26/2023,17,29292
SKU0037,WH3,949,288,486,11/13/2025,7,272104
SKU0469,WH4,972,179,232,9/24/2023,28,259347
SKU0488,WH2,1350,195,282,9/15/2025,12,284647
SKU0115,WH6,828,233,176,2/24/2024,27,97564
SKU0018,WH7,1245,187,334,9/20/2025,4,136306
SKU0285,WH2,1417,165,337,5/14/2026,24,138756
SKU0222,WH5,164,95,347,4/30/2026,6,288389
SKU0430,WH6,1181,115,428,3/24/2026,23,23761
SKU0178,WH6,429,59,451,4/13/2026,18,236849
SKU0401,WH1,992,299,336,12/16/2025,26,72896
SKU0151,WH6,1088,236,263,1/20/2024,19,67169
SKU0262,WH6,1005,281,135,1/16/2025,11,111208
SKU0475,WH3,534,125,329,5/31/2024,22,231654
SKU0163,WH1,234,160,335,12/5/2024,27,133439
SKU0377,WH2,408,71,138,11/28/2023,17,85011
SKU0293,WH6,1381,154,412,2/26/2026,14,216511
SKU0089,WH1,1484,70,263,12/15/2024,29,250433
SKU0305,WH3,546,98,213,1/28/2024,15,282654
SKU0131,WH2,440,141,106,11/2/2024,10,192356
SKU0424,WH7,712,52,202,12/24/2023,6,72232
SKU0188,WH1,860,214,248,4/2/2026,25,50457
SKU0035,WH4,816,219,370,2/20/2025,4,246279
SKU0168,WH1,1380,205,401,10/10/2025,16,247059
SKU0241,WH4,568,246,187,1/6/2024,22,115199
SKU0187,WH8,1284,177,286,2/2/2026,10,87749
SKU0388,WH5,539,232,268,8/21/2025,10,55659
SKU0169,WH3,1325,118,409,11/29/2023,9,268683
SKU0055,WH4,527,122,122,3/31/2025,23,212628
SKU0133,WH7,1235,175,428,4/18/2026,4,269734
SKU0065,WH6,1286,265,367,4/30/2024,7,111773
SKU0415,WH8,656,278,235,8/20/2023,14,183788
SKU0060,WH3,766,295,405,10/10/2025,10,237870
SKU0171,WH5,106,168,338,6/19/2024,17,220902
SKU0009,WH1,1296,208,389,7/27/2025,14,237069
SKU0347,WH1,1269,168,439,6/20/2025,19,169470
SKU0358,WH6,241,255,462,3/9/2026,22,147412
SKU0442,WH4,410,154,451,10/2/2024,10,221668
SKU0400,WH5,916,100,496,6/20/2024,9,19591
SKU0454,WH6,161,76,119,11/3/2025,20,21537
SKU0344,WH1,1081,198,491,6/9/2024,19,154030
SKU0089,WH6,304,136,425,2/19/2025,17,89787
SKU0290,WH2,615,151,198,7/16/2025,12,95627
SKU0111,WH7,851,117,324,8/5/2025,12,75676
SKU0035,WH5,1257,181,252,2/2/2024,29,153040
SKU0117,WH2,959,160,497,11/24/2025,20,232465
SKU0469,WH2,1055,246,203,2/9/2024,8,129920
SKU0480,WH5,1076,62,406,9/17/2025,25,201790
SKU0205,WH1,1061,286,280,2/12/2026,24,38319
SKU0166,WH5,789,209,243,5/3/2024,8,126450
SKU0306,WH8,1422,292,473,4/12/2024,9,230924
SKU0094,WH1,817,118,457,4/9/2024,9,181456
SKU0396,WH7,1499,208,332,2/12/2025,6,191064
SKU0097,WH3,961,287,343,8/24/2024,16,156632
SKU0414,WH2,319,109,201,11/3/2024,24,55778
SKU0172,WH4,992,192,422,10/9/2023,16,184437
SKU0215,WH6,36,195,137,9/3/2025,26,255061
SKU0217,WH5,405,153,324,1/25/2024,9,170252
SKU0094,WH4,859,290,243,4/9/2024,10,67723
SKU0224,WH3,329,67,450,9/11/2025,6,52464
SKU0222,WH3,79,205,463,9/16/2023,28,172972
SKU0375,WH7,1293,57,336,6/23/2025,21,292565
SKU0380,WH2,306,77,252,2/14/2026,23,124692
SKU0220,WH4,138,239,433,11/26/2024,23,98565
SKU0376,WH3,1414,255,407,10/9/2025,21,209700
SKU0002,WH8,1191,246,206,8/13/2025,22,174328
SKU0458,WH2,682,67,401,6/8/2025,15,230121
SKU0356,WH5,161,56,477,10/10/2025,22,189037
SKU0265,WH6,151,259,363,3/15/2025,23,81838
SKU0071,WH7,1241,196,368,12/7/2023,2,69472
SKU0251,WH5,930,164,433,12/3/2024,15,181546
SKU0268,WH8,877,257,370,1/17/2025,14,107750
SKU0418,WH4,725,192,408,11/27/2025,19,241781
SKU0335,WH2,424,233,410,1/29/2025,28,112563
SKU0177,WH7,195,209,360,2/27/2026,23,133216
SKU0179,WH2,1107,220,394,9/28/2024,27,121089
SKU0396,WH2,228,51,112,11/3/2025,22,283713
SKU0368,WH1,258,142,422,3/29/2026,16,149348
SKU0126,WH3,956,280,196,8/2/2023,12,253371
SKU0006,WH8,739,170,118,8/26/2024,13,197945
SKU0026,WH2,114,139,195,5/24/2024,7,148277
SKU0453,WH1,945,70,408,4/18/2026,25,119569
SKU0049,WH7,971,113,165,2/12/2024,24,82946
SKU0435,WH1,377,146,220,9/6/2024,18,277423
SKU0330,WH6,1216,214,307,2/11/2026,8,12203
SKU0085,WH8,1374,192,469,3/13/2025,3,11326
SKU0220,WH5,1219,78,483,4/6/2025,25,39347
SKU0425,WH6,851,260,360,8/19/2023,26,219245
SKU0267,WH8,439,208,457,9/21/2024,29,63283
SKU0106,WH7,749,88,148,10/30/2025,29,5509
SKU0303,WH3,1443,176,157,4/1/2025,23,173638
SKU0398,WH7,66,235,204,8/25/2023,24,107533
SKU0272,WH7,1077,290,353,1/8/2026,23,181456
SKU0300,WH8,1436,216,393,9/10/2025,21,265534
SKU0314,WH7,1361,265,405,9/30/2024,14,299387
SKU0111,WH5,201,292,404,3/31/2026,13,99048
SKU0021,WH3,958,64,155,12/11/2024,18,164406
SKU0142,WH5,1227,298,260,6/3/2025,22,248712
SKU0204,WH7,332,105,485,9/3/2023,28,29640
SKU0026,WH1,100,79,101,4/23/2026,2,188251
SKU0241,WH2,189,74,259,11/4/2024,9,126447
SKU0457,WH2,1238,237,111,1/17/2026,14,46657
SKU0131,WH3,797,96,138,12/23/2024,25,279379
SKU0472,WH2,1442,130,150,8/4/2025,2,150093
SKU0305,WH7,285,233,233,9/2/2024,6,134653
SKU0297,WH5,19,270,114,9/7/2025,15,14398
SKU0019,WH6,473,202,323,4/5/2025,21,267819
SKU0375,WH8,1330,223,402,5/10/2025,23,12571
SKU0140,WH5,865,180,400,5/12/2026,12,220945
SKU0055,WH4,45,199,400,12/28/2025,27,230438
SKU0358,WH6,821,165,370,10/31/2023,4,148443
SKU0002,WH6,624,213,365,1/4/2025,16,10036
SKU0284,WH4,1239,167,434,1/24/2026,23,155814
SKU0170,WH7,1424,54,202,11/1/2023,8,278134
SKU0449,WH2,249,89,466,9/24/2023,17,49296
SKU0285,WH3,97,248,454,3/1/2024,9,240124
SKU0259,WH1,754,76,367,10/20/2025,12,266480
SKU0087,WH5,83,128,390,2/21/2024,26,91000
SKU0136,WH4,228,285,359,5/27/2024,18,105324
SKU0334,WH3,819,109,237,8/22/2023,19,104223
SKU0156,WH1,517,240,439,10/2/2025,26,276821
SKU0426,WH8,1287,127,270,4/20/2026,21,146936
SKU0469,WH7,1242,253,258,10/16/2025,16,298097
SKU0378,WH6,175,128,467,2/13/2026,8,190524
SKU0387,WH1,897,224,428,1/23/2024,23,216421
SKU0060,WH7,136,281,477,8/28/2024,26,66517
SKU0366,WH3,214,267,414,7/22/2025,16,47193
SKU0307,WH6,471,228,251,10/1/2024,25,156500
SKU0206,WH8,1365,221,344,9/9/2023,11,129060
SKU0124,WH1,459,284,188,6/22/2024,6,168503
SKU0147,WH4,1396,166,350,12/28/2025,18,185465
SKU0260,WH2,1019,76,414,11/10/2025,7,100895
SKU0343,WH5,1405,102,172,5/16/2025,4,33281
SKU0135,WH4,1190,163,256,2/13/2026,12,95366
SKU0041,WH4,1123,54,429,8/16/2024,9,67423
SKU0400,WH5,224,71,185,3/28/2026,2,180874
SKU0380,WH2,1461,88,495,8/5/2025,29,5786
SKU0321,WH7,1012,198,217,6/8/2024,24,151352
SKU0181,WH8,960,106,363,9/15/2023,12,71184
SKU0183,WH2,662,166,381,8/10/2025,13,45185
SKU0020,WH8,1194,227,375,2/17/2026,11,218391
SKU0346,WH6,1137,217,436,5/21/2024,2,45100
SKU0116,WH7,962,94,149,2/29/2024,14,104490
SKU0388,WH1,177,224,259,9/10/2025,20,89130
SKU0037,WH1,243,264,233,1/7/2026,17,177595
SKU0384,WH6,1341,201,259,2/8/2025,22,257328
SKU0338,WH6,77,105,131,2/6/2025,7,280605
SKU0209,WH7,712,118,387,12/5/2024,25,262651
SKU0278,WH6,437,192,228,8/15/2024,28,152274
SKU0300,WH6,810,83,204,11/18/2025,29,194914
SKU0364,WH1,893,206,110,1/21/2025,4,177307
SKU0098,WH6,1006,150,111,1/20/2025,25,200617
SKU0383,WH4,1021,212,120,4/11/2024,24,81882
SKU0061,WH1,430,74,376,2/7/2024,11,94865
SKU0359,WH2,335,102,237,3/17/2025,21,42772
SKU0127,WH8,536,232,236,5/22/2024,23,176378
SKU0234,WH7,1215,117,495,7/11/2024,14,235899
SKU0328,WH6,152,75,387,9/29/2024,21,10723
SKU0046,WH6,414,151,312,3/28/2026,20,105821
SKU0282,WH3,1366,224,117,8/12/2024,19,264125
SKU0387,WH4,813,181,405,11/24/2025,19,227095
SKU0345,WH8,105,167,266,2/16/2026,17,138392
SKU0183,WH8,267,85,488,12/10/2023,11,172216
SKU0165,WH4,346,179,335,4/25/2024,17,71023
SKU0047,WH3,1306,298,426,12/15/2025,7,208538
SKU0048,WH4,437,224,433,11/5/2024,15,9656
SKU0420,WH3,1271,65,460,9/20/2023,16,298237
SKU0015,WH4,107,127,377,9/11/2023,14,254405
SKU0391,WH3,1324,217,320,8/9/2023,9,162476
SKU0159,WH8,915,197,462,3/2/2024,25,256348
SKU0445,WH3,1224,167,386,5/25/2024,21,125636
SKU0174,WH2,455,295,319,11/10/2025,26,60607
SKU0015,WH8,1328,68,373,8/30/2025,6,96250
SKU0246,WH8,1036,102,107,2/7/2026,5,45867
SKU0397,WH3,680,197,464,1/16/2025,27,66013
SKU0150,WH6,251,141,242,2/23/2026,4,155518
SKU0434,WH6,1472,158,106,10/29/2025,16,80303
SKU0180,WH3,440,168,262,1/1/2026,4,249011
SKU0440,WH5,64,182,135,2/4/2024,20,156337
SKU0172,WH8,1449,103,395,6/10/2024,23,298420
SKU0343,WH4,1078,227,328,1/13/2024,12,255213
SKU0451,WH6,545,289,176,7/20/2025,2,34552
SKU0276,WH4,259,95,268,7/2/2024,9,247275
SKU0083,WH1,974,86,332,5/15/2026,5,286073
SKU0302,WH3,316,234,110,5/8/2026,29,172700
SKU0304,WH3,1166,169,479,10/13/2024,22,275073
SKU0158,WH7,823,64,213,2/15/2024,4,166109
SKU0255,WH4,3,196,455,2/10/2025,22,277039
SKU0298,WH6,1421,277,442,11/11/2025,4,42369
SKU0224,WH1,1287,267,352,1/27/2024,2,168320
SKU0041,WH2,665,165,278,5/3/2025,26,222356
SKU0103,WH3,301,152,250,11/14/2025,19,137458
SKU0030,WH5,627,104,273,12/11/2024,28,116344
SKU0125,WH4,1097,105,355,8/15/2023,7,141508
SKU0024,WH1,993,162,212,2/15/2024,20,192961
SKU0101,WH8,1420,113,487,4/5/2024,17,58789
SKU0396,WH7,1423,207,141,5/16/2024,29,165127
SKU0300,WH3,1001,125,207,5/15/2025,25,193763
SKU0309,WH7,156,260,133,12/21/2025,18,282655
SKU0145,WH6,1460,224,234,10/11/2025,9,257735
SKU0201,WH1,367,58,392,1/26/2026,7,12750
SKU0079,WH5,991,213,375,3/22/2026,8,254973
SKU0409,WH1,785,167,256,12/22/2024,24,221974
SKU0012,WH4,1169,182,324,4/13/2024,5,277181
SKU0334,WH2,1360,206,298,12/19/2024,14,51335
SKU0084,WH2,100,273,323,1/6/2026,13,149316
SKU0046,WH2,162,175,104,6/3/2024,16,105139
SKU0049,WH6,1451,244,412,7/2/2025,20,179592
SKU0301,WH6,220,74,114,10/27/2024,5,156102
SKU0371,WH8,1379,147,291,1/8/2025,11,220994
SKU0421,WH1,1050,238,217,7/3/2024,8,152586
SKU0246,WH6,1301,144,208,4/17/2026,15,170516
SKU0027,WH3,1353,288,144,11/5/2025,13,217540
SKU0286,WH3,816,262,153,3/22/2025,11,125401
SKU0409,WH3,919,157,330,10/25/2023,8,64495
SKU0488,WH5,1349,224,357,8/22/2025,9,78679
SKU0092,WH3,1494,290,327,5/19/2024,28,159016
SKU0337,WH4,668,158,484,2/20/2025,7,87691
SKU0026,WH8,222,109,115,3/5/2025,18,295519
SKU0455,WH1,1173,59,361,2/29/2024,24,257853
SKU0047,WH8,386,211,427,7/17/2023,19,117747
SKU0295,WH8,1188,174,307,11/24/2025,8,247118
SKU0084,WH4,419,270,459,12/1/2023,2,194320
SKU0491,WH7,1168,134,175,3/2/2024,22,193772
SKU0392,WH2,769,90,489,2/10/2025,8,67300
SKU0119,WH7,1143,62,101,3/28/2024,21,112845
SKU0412,WH7,469,145,331,4/5/2024,25,73515
SKU0143,WH4,1193,203,238,1/9/2024,14,60381
SKU0465,WH4,325,298,493,4/30/2026,23,163549
SKU0347,WH4,23,195,197,2/13/2026,7,253229
SKU0154,WH5,727,88,430,12/31/2023,16,61874
SKU0309,WH1,399,234,333,10/26/2023,28,32330
SKU0234,WH6,368,139,222,8/17/2025,19,269909
SKU0143,WH7,1443,201,197,12/31/2025,22,53132
SKU0439,WH3,1313,295,227,10/3/2025,7,159641
SKU0397,WH4,50,208,174,1/20/2026,19,230691
SKU0020,WH8,1158,224,454,3/6/2025,3,85669
SKU0209,WH7,635,104,471,9/22/2024,18,102635
SKU0089,WH6,1200,193,107,8/4/2024,14,293222
SKU0111,WH2,245,150,237,11/23/2024,20,183833
SKU0085,WH6,558,206,195,5/5/2024,21,21792
SKU0008,WH1,1172,61,279,7/18/2024,16,230825
SKU0273,WH1,80,182,450,7/31/2024,5,213763
SKU0100,WH4,212,232,359,5/26/2025,20,32335
SKU0290,WH6,108,291,358,3/17/2025,14,175843
SKU0364,WH1,695,157,129,4/27/2024,14,99790
SKU0304,WH1,868,123,174,12/14/2024,14,38598
SKU0124,WH8,488,228,274,10/21/2024,7,181320
SKU0394,WH6,1365,253,133,4/7/2024,26,174793
SKU0223,WH1,877,281,166,4/5/2026,24,272966
SKU0206,WH8,424,205,346,10/4/2023,29,244925
SKU0459,WH1,345,178,412,2/7/2025,2,33825
SKU0075,WH2,1226,223,333,9/16/2024,16,175805
SKU0285,WH2,1432,91,174,10/26/2024,24,120818
SKU0400,WH2,515,139,302,10/4/2023,24,117030
SKU0485,WH3,1163,275,408,8/18/2024,19,157544
SKU0403,WH2,2,134,395,9/23/2025,7,254903
SKU0086,WH3,134,234,176,10/10/2024,8,26882
SKU0408,WH4,1317,98,347,3/12/2026,11,108541
SKU0427,WH8,565,131,344,8/31/2024,25,175264
SKU0312,WH1,887,142,173,1/29/2025,12,30646
SKU0364,WH8,189,251,457,4/28/2025,25,112375
SKU0104,WH7,1080,78,215,3/12/2025,9,139672
SKU0039,WH2,566,231,197,10/2/2024,2,212203
SKU0393,WH4,1340,212,167,8/15/2025,17,80884
SKU0349,WH1,416,218,188,1/6/2026,22,61282
SKU0304,WH4,1123,292,340,11/22/2023,14,280177
SKU0161,WH6,897,69,326,11/1/2024,18,208556
SKU0298,WH5,677,58,122,10/30/2025,17,278156
SKU0475,WH1,641,252,110,12/19/2023,17,117131
SKU0348,WH8,1262,252,415,10/12/2024,9,58317
SKU0034,WH1,1284,280,133,9/14/2024,14,126884
SKU0429,WH3,1014,285,371,6/4/2024,14,235703
SKU0164,WH6,885,166,253,7/21/2025,18,121553
SKU0032,WH7,116,105,342,11/26/2023,9,109508
SKU0082,WH6,734,119,457,5/16/2024,11,143548
SKU0154,WH1,812,143,483,4/28/2024,26,135879
SKU0080,WH4,1452,199,184,2/24/2024,24,82967
SKU0480,WH7,469,53,338,4/3/2025,29,174675
SKU0417,WH7,121,54,436,4/6/2025,21,247126
SKU0472,WH7,1358,55,149,8/7/2023,9,104789
SKU0427,WH5,158,229,466,1/23/2025,7,48077
SKU0134,WH8,179,210,397,2/28/2026,9,235722
SKU0308,WH5,780,247,180,2/23/2025,17,5492
SKU0316,WH2,133,292,153,1/18/2025,13,17816
SKU0078,WH2,1116,257,427,12/4/2025,20,201184
SKU0084,WH4,728,52,186,3/4/2024,20,268667
SKU0383,WH2,1016,289,382,9/22/2025,3,147660
SKU0346,WH5,1176,232,353,8/22/2023,10,169541
SKU0078,WH5,838,297,402,2/27/2026,19,281947
SKU0360,WH3,10,257,381,10/13/2023,21,198121
SKU0496,WH8,63,190,182,11/3/2024,5,46399
SKU0443,WH1,85,80,481,8/14/2023,4,267072
SKU0044,WH7,429,125,498,12/16/2023,29,284755
SKU0495,WH7,199,200,103,1/5/2026,23,97092
SKU0122,WH7,182,235,356,9/26/2024,12,65770
SKU0408,WH1,261,290,207,8/14/2024,27,135478
SKU0071,WH2,268,57,191,3/13/2026,10,166933
SKU0323,WH8,24,115,301,12/8/2024,24,45620
SKU0296,WH4,395,56,191,2/27/2026,18,8534
SKU0090,WH8,1095,100,160,2/17/2025,2,126666
SKU0148,WH7,1115,71,459,6/11/2024,18,269599
SKU0409,WH1,597,245,486,10/16/2023,6,51947
SKU0222,WH6,386,94,270,10/18/2023,19,169225
SKU0238,WH1,251,174,401,12/13/2024,7,55493
SKU0160,WH8,1353,215,307,10/16/2023,23,268690
SKU0327,WH5,611,295,127,12/20/2024,24,231192
SKU0052,WH2,724,62,420,12/11/2024,20,155283
SKU0213,WH4,1084,80,151,3/30/2026,27,65114
SKU0277,WH3,156,228,178,1/11/2026,17,237247
SKU0305,WH4,865,178,111,11/15/2024,11,275148
SKU0279,WH7,104,187,451,5/30/2025,22,155183
SKU0448,WH7,373,292,124,4/25/2025,22,198537
SKU0012,WH2,970,133,351,12/2/2023,18,113211
SKU0452,WH4,687,246,338,1/5/2026,26,149919
SKU0339,WH6,525,77,263,4/12/2024,8,59959
SKU0261,WH1,748,212,328,11/22/2023,5,158917
SKU0449,WH6,299,237,248,3/21/2026,16,299105
SKU0223,WH4,912,97,354,8/9/2023,13,82627
SKU0448,WH2,40,227,337,8/16/2023,17,278590
SKU0171,WH4,198,168,109,9/27/2024,26,256440
SKU0048,WH2,1191,153,150,2/11/2026,20,83794
SKU0130,WH7,121,249,382,7/14/2023,14,290559
SKU0194,WH1,855,294,117,2/3/2024,21,34110
SKU0203,WH5,1432,91,341,6/14/2024,3,258993
SKU0329,WH4,363,78,282,9/6/2023,20,268662
SKU0195,WH8,240,222,325,9/17/2024,24,46689
SKU0033,WH8,843,80,434,5/26/2024,12,123419
SKU0023,WH6,84,93,232,5/11/2024,29,124161
SKU0492,WH1,168,189,392,11/17/2024,20,55378
SKU0466,WH5,580,86,407,5/11/2024,19,284112
SKU0446,WH1,940,238,330,11/15/2024,18,173069
SKU0202,WH5,494,121,325,12/20/2025,21,244643
SKU0059,WH5,1423,113,473,8/28/2025,29,287892
SKU0095,WH8,616,297,415,1/6/2025,9,61446
SKU0208,WH3,160,173,380,5/24/2024,9,224530
SKU0256,WH8,262,285,478,3/28/2026,9,56958
SKU0368,WH5,498,264,388,6/27/2025,15,252334
SKU0109,WH6,828,160,324,6/27/2025,25,171295
SKU0283,WH8,1097,260,370,9/3/2025,4,17618
SKU0452,WH7,835,277,100,12/26/2023,6,24500
SKU0427,WH5,587,201,265,11/28/2024,10,171447
SKU0310,WH6,1039,163,272,10/16/2025,26,205147
SKU0449,WH7,761,260,234,5/29/2025,21,208773
SKU0046,WH7,1105,224,111,11/4/2023,8,195522
SKU0140,WH7,1218,167,423,4/23/2025,29,168313
SKU0439,WH1,610,83,253,9/3/2023,26,267737
SKU0110,WH2,1435,148,493,1/29/2025,25,261557
SKU0186,WH8,1004,284,299,1/5/2025,27,293569
SKU0360,WH5,262,190,149,5/25/2025,29,119847
SKU0137,WH5,537,156,451,1/10/2024,23,293507
SKU0491,WH2,1004,112,409,3/17/2025,7,97510
SKU0093,WH5,826,128,142,2/27/2026,14,102543
SKU0302,WH4,382,143,457,1/17/2026,8,197344
SKU0421,WH8,583,218,254,7/18/2024,9,94470
SKU0449,WH8,1160,244,243,3/11/2025,4,111265
SKU0339,WH4,1113,152,342,2/2/2024,17,43587
SKU0333,WH8,871,76,447,9/9/2023,17,273690
SKU0494,WH1,1205,75,441,10/11/2025,21,217489
SKU0064,WH6,851,172,483,2/25/2024,24,257961
SKU0073,WH3,467,224,419,2/6/2024,11,216582
SKU0022,WH8,600,77,398,10/6/2023,7,21401
SKU0409,WH7,1473,113,355,3/7/2025,20,276455
SKU0393,WH4,1005,263,456,8/5/2025,7,153049
SKU0419,WH4,452,163,309,1/11/2026,27,204549
SKU0437,WH8,673,275,223,1/13/2026,19,167639
SKU0046,WH7,564,83,497,4/30/2024,28,160013
SKU0174,WH5,1110,123,163,4/15/2026,21,248919
SKU0063,WH5,801,205,322,6/15/2025,15,247475
SKU0441,WH8,1231,161,148,2/10/2026,7,265289
SKU0106,WH4,188,243,437,9/13/2023,18,152396
SKU0457,WH4,384,175,218,12/10/2023,20,270523
SKU0263,WH6,943,281,473,2/15/2026,28,263299
SKU0209,WH5,697,81,403,7/8/2025,17,211464
SKU0332,WH8,1423,241,455,11/13/2025,26,54219
SKU0329,WH8,1466,57,367,3/22/2024,20,112228
SKU0006,WH8,872,75,285,3/8/2026,17,124118
SKU0088,WH2,291,197,251,2/10/2026,7,128268
SKU0275,WH4,190,239,358,5/14/2024,6,280070
SKU0379,WH3,1426,164,441,7/3/2024,8,244257
SKU0055,WH2,953,217,357,10/18/2025,29,237845
SKU0320,WH3,1490,282,315,12/22/2024,10,118192
SKU0465,WH3,1080,196,363,4/7/2026,24,161136
SKU0251,WH1,294,129,200,12/28/2025,21,228155
SKU0382,WH5,1023,279,228,6/13/2024,25,123480
SKU0078,WH8,1185,197,352,9/9/2025,18,92995
SKU0321,WH3,1138,212,401,8/31/2025,28,206087
SKU0123,WH7,496,171,359,1/14/2024,4,97504
SKU0239,WH4,756,109,171,12/23/2023,29,94486
SKU0184,WH4,500,209,316,1/15/2026,24,69997
SKU0338,WH2,1341,241,131,10/12/2025,3,220916
SKU0350,WH4,904,173,371,5/29/2024,25,106536
SKU0113,WH4,905,218,130,10/23/2023,5,194163
SKU0344,WH6,642,250,232,7/20/2024,28,155579
SKU0464,WH1,939,63,240,1/12/2024,21,76791
SKU0105,WH3,15,95,235,5/2/2026,13,284671
SKU0146,WH5,190,272,494,2/16/2026,4,191442
SKU0395,WH2,462,220,294,10/18/2023,11,39577
SKU0243,WH1,392,123,132,5/20/2026,15,159349
SKU0357,WH3,1142,250,231,2/6/2025,25,109277
SKU0448,WH7,433,76,249,10/2/2023,23,91432
SKU0034,WH3,1157,140,413,11/29/2024,10,214312
SKU0294,WH4,794,222,453,5/20/2024,25,112175
SKU0194,WH7,1222,102,337,8/8/2024,27,158789
SKU0164,WH8,55,168,330,1/6/2026,12,10401
SKU0027,WH8,1137,299,462,8/5/2025,21,143249
SKU0008,WH4,1166,246,180,2/14/2024,9,237292
SKU0464,WH7,864,80,195,5/11/2025,10,35278
SKU0335,WH2,694,259,125,4/22/2026,7,113586
SKU0129,WH5,1047,83,498,4/14/2025,7,247144
SKU0218,WH4,86,231,280,11/9/2025,29,224389
SKU0479,WH5,630,125,160,7/31/2025,27,192927
SKU0100,WH4,877,137,223,9/27/2023,10,199580
SKU0451,WH5,67,217,103,3/7/2026,14,247993
SKU0449,WH8,618,172,244,2/16/2026,27,286422
SKU0132,WH4,1496,57,436,1/2/2026,26,19269
SKU0010,WH8,631,78,111,1/13/2024,21,21127
SKU0097,WH8,1145,162,306,8/19/2025,7,206819
SKU0327,WH6,484,259,238,4/20/2024,22,71739
SKU0079,WH4,577,75,318,1/18/2025,29,294681
SKU0457,WH6,105,140,369,5/17/2024,28,152335
SKU0496,WH4,980,108,114,3/20/2026,22,122365
SKU0325,WH4,715,190,368,1/2/2024,16,40464
SKU0244,WH5,971,294,389,12/7/2025,10,124533
SKU0417,WH1,840,256,360,1/31/2025,28,271337
SKU0298,WH2,388,187,471,4/5/2024,25,64970
SKU0113,WH8,230,253,169,12/5/2025,12,150394
SKU0381,WH8,376,279,320,2/9/2024,21,25620
SKU0285,WH1,1472,58,142,9/11/2025,18,102319
SKU0247,WH8,437,130,379,6/6/2024,3,227276
SKU0191,WH5,83,147,404,8/18/2024,20,261558
SKU0281,WH8,787,188,132,9/8/2023,24,282094
SKU0403,WH7,478,263,357,5/8/2025,23,230837
SKU0465,WH2,1211,171,389,11/6/2024,17,18355
SKU0413,WH4,232,267,309,11/25/2024,22,59346
SKU0213,WH1,1272,186,481,8/10/2023,14,41155
SKU0079,WH2,1384,55,313,9/28/2024,3,114161
SKU0378,WH1,615,171,166,6/30/2025,23,76753
SKU0218,WH5,395,79,307,4/21/2024,12,53144
SKU0003,WH7,322,51,493,1/2/2024,23,65388
SKU0362,WH2,565,196,498,1/29/2025,27,265130
SKU0366,WH4,222,165,431,5/7/2024,25,77551
SKU0158,WH3,547,192,216,12/4/2024,25,92121
SKU0081,WH4,1427,249,266,11/5/2025,14,43106
SKU0369,WH3,678,106,150,10/30/2025,8,53729
SKU0134,WH4,65,237,498,6/4/2025,14,200358
SKU0077,WH5,1023,111,446,7/23/2024,26,234452
SKU0455,WH2,93,180,170,9/29/2024,20,288067
SKU0297,WH1,79,142,445,8/4/2025,25,143959
SKU0080,WH6,1121,95,290,5/28/2024,13,207545
SKU0389,WH4,362,287,446,6/8/2024,9,182871
SKU0337,WH7,1048,231,241,1/9/2025,6,94927
SKU0193,WH3,956,59,240,8/9/2023,29,178457
SKU0201,WH2,959,229,177,6/13/2024,18,10951
SKU0121,WH6,194,136,311,1/8/2024,9,266804
SKU0242,WH1,1067,152,323,4/8/2025,28,255533
SKU0178,WH3,241,267,138,2/9/2026,19,240677
SKU0077,WH3,103,163,421,9/10/2024,12,70908
SKU0348,WH6,848,154,435,5/24/2024,14,94897
SKU0489,WH2,1104,184,309,2/20/2024,16,30612
SKU0149,WH7,55,173,287,2/28/2024,5,178260
SKU0071,WH5,489,183,291,6/13/2025,29,195659
SKU0453,WH5,1404,142,452,4/13/2025,11,283375
SKU0312,WH5,115,234,402,7/30/2025,21,115249
SKU0456,WH6,959,291,320,1/6/2026,4,198285
SKU0151,WH2,183,136,349,3/5/2025,4,148085
SKU0289,WH3,1400,61,316,5/18/2025,28,117484
SKU0193,WH7,816,133,109,3/3/2025,20,25942
SKU0350,WH2,676,218,419,10/24/2025,27,123298
SKU0408,WH5,1245,118,432,7/24/2024,13,58812
SKU0343,WH7,829,130,102,2/26/2025,15,200065
SKU0021,WH4,569,110,287,11/10/2025,8,267302
SKU0333,WH2,1240,74,186,12/22/2024,19,11081
SKU0370,WH4,850,53,424,10/7/2024,29,199503
SKU0354,WH8,1095,259,308,11/13/2025,14,128123
SKU0169,WH5,1041,78,320,11/20/2024,12,278094
SKU0471,WH2,73,296,259,2/16/2024,3,104184
SKU0230,WH2,404,112,459,1/24/2026,4,65224
SKU0085,WH4,353,85,483,3/1/2026,13,24557
SKU0377,WH1,1260,94,389,3/19/2025,13,273664
SKU0243,WH7,81,278,458,7/29/2025,16,277338
SKU0278,WH4,234,182,175,10/5/2025,23,27099
SKU0367,WH5,496,63,393,10/26/2024,9,223156
SKU0489,WH4,801,178,184,1/14/2024,20,215805
SKU0302,WH6,821,193,249,1/2/2025,9,28997
SKU0489,WH1,286,183,385,2/2/2024,22,62345
SKU0413,WH5,1359,177,280,1/25/2025,11,257748
SKU0053,WH6,473,233,183,7/3/2024,9,100879
SKU0279,WH7,706,201,485,11/28/2024,23,39095
SKU0022,WH2,1394,129,298,6/3/2025,22,146347
SKU0098,WH2,1337,73,393,1/10/2026,21,96333
SKU0392,WH8,469,62,412,11/11/2023,6,217143
SKU0239,WH1,642,111,388,4/30/2026,11,14627
SKU0088,WH6,1356,129,383,8/4/2023,2,209388
SKU0300,WH5,1185,211,353,9/30/2024,26,212691
SKU0393,WH8,1486,78,290,4/2/2025,26,142738
SKU0122,WH5,1067,154,281,6/24/2024,28,114829
SKU0031,WH2,890,62,233,10/3/2025,5,83152
SKU0011,WH8,1451,186,194,4/3/2025,12,208519
SKU0305,WH4,1147,277,135,7/28/2023,2,60983
SKU0494,WH4,433,267,429,2/13/2026,27,74958
SKU0486,WH7,1096,138,217,6/24/2025,24,95321
SKU0095,WH7,589,52,246,10/12/2024,15,105810
SKU0052,WH5,1189,108,489,4/23/2026,23,41606
SKU0438,WH1,89,53,107,2/20/2025,13,191676
SKU0323,WH8,1242,222,489,9/22/2023,12,91198
SKU0025,WH1,1057,163,268,1/29/2026,23,247629
SKU0077,WH8,427,264,210,1/25/2025,7,226068
SKU0080,WH7,827,121,316,9/14/2023,11,16920
SKU0044,WH8,1183,215,470,10/1/2024,20,9120
SKU0406,WH6,874,97,345,3/16/2024,21,225484
SKU0141,WH8,742,189,370,3/13/2024,2,140821
SKU0374,WH2,805,94,249,9/8/2024,18,61684
SKU0019,WH7,742,125,487,7/3/2024,8,166971
SKU0442,WH8,604,177,185,5/15/2025,21,276645
SKU0189,WH3,853,198,155,10/9/2025,3,35731
SKU0220,WH6,643,150,373,7/24/2025,25,46690
SKU0405,WH8,1373,260,206,11/29/2025,8,33894
SKU0154,WH1,671,253,480,6/17/2024,11,54774
SKU0297,WH7,633,166,123,12/6/2024,19,148836
SKU0254,WH6,1475,239,326,12/7/2025,13,282978
SKU0170,WH3,1024,107,294,2/12/2024,12,91468
SKU0179,WH4,1443,235,373,8/8/2023,24,165520
SKU0209,WH2,615,253,444,5/25/2025,17,241569
SKU0445,WH4,1030,146,183,2/22/2024,8,227069
SKU0125,WH8,1253,207,138,6/11/2024,15,219554
SKU0118,WH8,1252,252,188,12/20/2024,4,192918
SKU0263,WH1,1056,176,288,9/18/2023,26,63181
SKU0346,WH4,846,175,432,4/9/2024,22,54650
SKU0441,WH5,1368,196,433,4/1/2024,25,26627
SKU0442,WH4,126,91,449,4/9/2024,9,206039
SKU0024,WH7,536,100,143,9/4/2023,2,138192
SKU0017,WH3,461,269,331,1/31/2024,22,155351
SKU0186,WH3,1337,160,383,7/22/2025,22,273715
SKU0320,WH4,139,290,385,2/19/2026,4,233053
SKU0270,WH1,587,295,150,4/14/2024,22,259583
SKU0132,WH8,207,267,388,8/16/2024,18,254132
SKU0208,WH7,778,108,465,5/7/2026,29,202501
SKU0276,WH3,196,200,419,11/16/2023,15,155082
SKU0417,WH6,1357,93,383,5/18/2025,11,105046
SKU0486,WH2,555,154,474,5/26/2025,11,145865
SKU0049,WH5,860,279,172,9/20/2024,2,207261
SKU0146,WH1,321,150,497,4/5/2025,13,82968
SKU0284,WH2,561,180,326,5/6/2024,16,157399
SKU0338,WH1,11,124,409,11/4/2023,16,123446
SKU0053,WH7,452,230,276,4/23/2024,11,59635
SKU0012,WH3,1440,96,106,1/9/2026,2,183556
SKU0485,WH1,1337,281,211,7/31/2025,7,28862
SKU0113,WH7,1200,220,415,10/2/2025,15,37719
SKU0084,WH2,1186,141,356,5/17/2024,23,24919
SKU0197,WH7,844,135,150,1/20/2025,29,46591
SKU0362,WH6,102,64,393,3/21/2025,11,61328
SKU0186,WH6,487,111,165,8/30/2023,18,128428
SKU0292,WH1,1258,168,468,9/3/2023,2,195228
SKU0447,WH6,1289,83,173,12/8/2024,22,251583
SKU0320,WH3,1336,209,198,11/15/2024,19,54927
SKU0011,WH4,958,241,286,3/21/2025,20,276639
SKU0115,WH2,462,52,207,7/1/2025,24,275415
SKU0425,WH6,62,251,325,8/1/2024,4,49435
SKU0288,WH4,421,297,355,8/25/2024,18,180025
SKU0129,WH3,968,115,289,7/18/2024,29,240884
SKU0406,WH8,316,263,266,7/9/2025,29,96487
SKU0150,WH2,729,245,334,2/4/2025,18,35936
SKU0438,WH4,1217,177,162,4/7/2025,6,193258
SKU0461,WH2,545,287,259,1/17/2026,15,270230
SKU0175,WH7,21,201,472,8/9/2023,17,64868
SKU0325,WH5,1483,207,184,9/6/2024,26,126217
SKU0287,WH4,337,92,477,8/10/2025,4,258381
SKU0336,WH4,363,114,327,6/24/2025,6,249572
SKU0030,WH8,125,132,114,4/9/2025,7,193159
SKU0346,WH5,1237,77,228,4/21/2025,24,31309
SKU0211,WH3,344,229,256,5/27/2025,5,102372
SKU0137,WH7,1234,65,193,10/13/2025,24,164824
SKU0438,WH5,119,296,343,12/10/2023,4,130009
SKU0339,WH7,874,198,388,7/10/2024,29,228384
SKU0325,WH2,524,99,478,11/18/2024,5,116337
SKU0123,WH2,488,218,187,9/22/2025,8,101941
SKU0266,WH2,1342,172,425,2/15/2024,4,40268
SKU0097,WH3,325,81,109,9/7/2023,25,247869
SKU0250,WH5,719,114,273,8/10/2025,28,18850
SKU0217,WH8,196,171,274,4/22/2026,13,71859
SKU0392,WH8,420,115,117,5/10/2025,11,116293
SKU0184,WH1,793,162,109,10/17/2025,24,97613
SKU0282,WH4,558,109,191,2/28/2025,6,104559
SKU0288,WH8,656,208,389,12/6/2025,15,33700
SKU0125,WH5,717,195,397,2/7/2026,3,96359
SKU0215,WH2,1301,159,197,2/4/2026,24,299397
SKU0012,WH5,550,156,190,4/29/2026,3,75980
SKU0422,WH5,862,194,397,1/19/2026,16,135513
SKU0288,WH3,1400,161,212,1/8/2026,3,75678
SKU0096,WH4,104,57,490,1/29/2025,5,13170
SKU0154,WH3,1393,59,370,3/15/2026,11,99525
SKU0130,WH6,1448,237,408,6/25/2025,13,185107
SKU0478,WH3,866,104,100,11/21/2025,14,8093
SKU0167,WH7,301,146,497,2/23/2024,10,214977
SKU0355,WH2,732,109,342,9/23/2024,5,119779
SKU0261,WH3,796,284,204,10/27/2024,13,137284
SKU0212,WH4,475,129,343,6/4/2024,25,47641
SKU0060,WH2,659,288,317,5/1/2026,7,254716
SKU0209,WH3,1348,288,289,11/11/2024,8,66248
SKU0407,WH8,623,201,199,2/14/2025,19,88110
SKU0481,WH8,1209,161,391,4/6/2025,19,9249
SKU0116,WH2,283,54,454,2/18/2025,7,183192
SKU0444,WH5,926,266,337,12/14/2024,20,186041
SKU0040,WH4,981,292,499,2/4/2026,23,76839
SKU0494,WH1,575,125,290,6/25/2024,15,131741
SKU0365,WH1,91,245,361,3/16/2025,5,80887
SKU0204,WH1,538,213,249,7/4/2025,21,137184
SKU0313,WH5,985,242,234,4/30/2025,13,157815
SKU0059,WH7,1177,212,435,10/5/2025,17,124610
SKU0284,WH3,347,293,277,8/5/2023,15,124431
SKU0248,WH6,1445,277,267,3/6/2025,9,140924
SKU0389,WH7,894,286,241,8/15/2025,26,135380
SKU0470,WH5,402,132,408,2/18/2024,28,135966
SKU0128,WH1,936,73,235,3/29/2024,11,106620
SKU0002,WH7,988,183,333,3/8/2026,12,209735
SKU0041,WH3,983,289,446,11/29/2024,24,285605
SKU0066,WH5,1237,124,215,12/17/2023,26,219597
SKU0289,WH3,403,174,433,7/27/2025,17,298473
SKU0453,WH1,278,229,414,3/9/2024,18,174710
SKU0122,WH4,155,243,459,3/16/2024,23,272720
SKU0216,WH8,660,191,171,7/16/2025,11,13344
SKU0467,WH1,1304,89,290,8/6/2024,29,78056
SKU0038,WH6,800,288,434,1/26/2026,5,35458
SKU0029,WH1,963,155,314,7/16/2023,17,171705
SKU0105,WH2,840,127,448,8/7/2023,3,220917
SKU0364,WH8,569,157,494,11/16/2025,27,80938
SKU0200,WH7,1492,292,172,5/14/2026,17,17383
SKU0486,WH6,943,287,261,4/6/2024,19,149511
SKU0050,WH3,856,172,260,8/31/2023,7,187858
SKU0068,WH7,720,211,205,10/30/2024,21,39007
SKU0071,WH8,362,178,177,6/17/2024,22,65061
SKU0217,WH2,1165,72,477,12/27/2023,27,24598
SKU0442,WH7,185,50,151,12/24/2024,26,285138
SKU0386,WH8,1197,93,288,8/1/2024,9,260827
SKU0135,WH7,1364,158,350,5/12/2025,5,105567
SKU0110,WH5,1346,224,470,6/3/2025,12,159022
SKU0200,WH5,1123,77,138,7/12/2025,3,97666
SKU0447,WH1,960,275,208,8/13/2023,3,73122
SKU0250,WH7,469,176,162,10/7/2023,20,176979
SKU0175,WH6,1134,273,355,6/23/2024,24,71941
SKU0029,WH2,1190,171,190,10/17/2023,8,267218
SKU0445,WH7,563,136,302,2/11/2024,24,167986
SKU0103,WH2,54,148,134,2/23/2026,4,217814
SKU0341,WH4,370,77,117,1/24/2026,10,45672
SKU0213,WH4,761,246,170,9/13/2024,17,153356
SKU0366,WH7,1347,257,374,1/17/2024,8,180473
SKU0473,WH1,1298,288,269,7/8/2024,15,262840
SKU0415,WH7,1013,197,350,11/17/2024,13,87265
SKU0091,WH8,666,229,447,3/6/2026,13,258128
SKU0033,WH6,1008,225,362,11/3/2025,29,226798
SKU0423,WH6,273,261,229,1/27/2025,26,176190
SKU0270,WH5,873,66,131,12/24/2025,10,234690
SKU0290,WH4,564,241,321,5/30/2025,8,74478
SKU0159,WH2,1037,182,422,7/21/2025,6,205584
SKU0432,WH7,1156,237,428,9/10/2025,9,293025
SKU0229,WH8,854,234,407,2/1/2024,11,185371
SKU0454,WH2,1316,197,353,12/16/2025,20,231649
SKU0282,WH1,297,246,370,2/24/2024,23,152213
SKU0221,WH7,1433,244,297,9/4/2024,25,207625
SKU0180,WH3,282,273,316,2/2/2024,20,90369
SKU0116,WH3,973,266,337,11/29/2024,28,205210
SKU0032,WH5,614,211,275,7/21/2024,10,145279
SKU0261,WH6,553,99,159,10/17/2024,19,158102
SKU0436,WH6,358,178,103,2/15/2025,18,105515
SKU0382,WH1,36,179,248,12/29/2025,14,279893
SKU0189,WH7,1133,251,166,11/6/2023,28,29036
SKU0275,WH4,487,195,294,6/17/2024,13,222566
SKU0378,WH8,923,62,138,6/14/2025,11,243232
SKU0329,WH5,1448,199,355,6/20/2024,23,254256
SKU0145,WH8,1092,184,166,10/5/2024,7,90705
SKU0038,WH4,1440,272,381,10/22/2023,14,288696
SKU0193,WH6,926,209,471,10/11/2025,17,203373
SKU0461,WH1,1139,243,424,7/27/2025,5,14129
SKU0405,WH5,1335,92,413,6/15/2024,29,211114
SKU0014,WH6,985,232,369,11/9/2025,19,285607
SKU0211,WH6,1286,288,365,12/29/2023,20,69959
SKU0309,WH7,1336,214,236,1/18/2025,19,212667
SKU0270,WH5,1090,98,329,8/19/2023,13,95739
SKU0238,WH4,1478,117,230,3/31/2026,21,96050
SKU0200,WH8,173,96,302,3/24/2024,11,220862
SKU0447,WH3,155,208,201,9/28/2023,12,17409
SKU0104,WH8,1068,170,275,5/5/2025,29,218466
SKU0281,WH3,955,121,393,11/18/2025,9,174786
SKU0116,WH4,646,254,394,3/29/2026,16,184637
SKU0018,WH2,557,241,142,11/23/2025,3,173341
SKU0333,WH2,1462,243,464,3/16/2025,8,85049
SKU0472,WH5,776,53,166,7/23/2025,21,114177
SKU0440,WH4,673,285,361,5/9/2026,7,46905
SKU0137,WH3,1336,207,401,6/28/2025,18,6948
SKU0218,WH1,1252,157,177,3/22/2025,18,172590
SKU0384,WH2,1276,103,115,11/3/2023,24,77814
SKU0023,WH1,755,79,252,9/3/2023,24,175560
SKU0482,WH3,37,289,399,12/1/2023,8,273049
SKU0269,WH4,195,94,221,1/6/2026,20,176850
SKU0232,WH2,245,66,483,2/19/2026,7,228470
SKU0167,WH5,538,257,340,2/7/2026,11,135539
SKU0398,WH1,221,273,126,10/15/2023,25,166396
SKU0061,WH6,1013,180,409,12/14/2023,25,33708
SKU0221,WH7,1376,205,155,5/11/2026,29,66637
SKU0230,WH6,835,242,200,8/18/2023,9,222715
SKU0091,WH6,1013,138,286,2/12/2025,27,290259
SKU0086,WH2,1058,208,310,3/29/2025,24,12111
SKU0169,WH3,43,224,472,3/30/2026,5,102194
SKU0405,WH2,1183,268,435,3/9/2024,22,225864
SKU0318,WH7,1129,284,449,10/20/2025,23,244274
SKU0378,WH2,556,62,171,3/24/2024,18,118473
SKU0427,WH4,1014,268,193,8/8/2023,3,90537
SKU0409,WH4,1220,72,363,12/18/2023,23,267607
SKU0285,WH8,119,53,200,3/3/2024,20,66829
SKU0150,WH5,1250,121,384,4/18/2024,20,256798
SKU0077,WH8,152,234,497,2/5/2024,5,70982
SKU0348,WH8,872,260,341,4/18/2025,17,256643
SKU0269,WH7,1139,67,327,3/10/2025,18,187797
SKU0086,WH4,251,168,455,4/10/2025,22,299488
SKU0174,WH6,317,222,239,1/30/2026,9,141633
SKU0241,WH7,135,212,368,9/22/2023,9,112427
SKU0347,WH8,1352,84,239,8/6/2024,8,296301
SKU0094,WH8,1405,148,365,10/9/2025,8,59387
SKU0442,WH3,913,124,271,5/22/2024,5,242996
SKU0156,WH5,53,214,286,12/3/2024,26,273601
SKU0111,WH1,555,253,491,12/4/2023,28,121987
SKU0169,WH7,450,65,251,9/22/2024,7,68537
SKU0425,WH5,379,61,264,1/30/2025,19,228158
SKU0148,WH4,1370,110,270,1/4/2024,12,293219
SKU0355,WH5,289,108,211,10/22/2025,16,37084
SKU0051,WH7,783,121,444,10/11/2023,22,270737
SKU0114,WH5,247,288,363,5/30/2025,17,60617
SKU0136,WH7,175,114,291,9/1/2025,24,232636
SKU0378,WH2,894,119,166,6/23/2025,13,236178
SKU0178,WH7,1309,120,300,4/4/2025,25,151615
SKU0160,WH6,698,92,173,8/29/2023,12,227798
SKU0367,WH2,1059,114,401,5/13/2025,8,206584
SKU0427,WH2,457,88,191,4/6/2024,11,69088
SKU0317,WH8,611,191,309,5/25/2025,4,148018
SKU0103,WH5,534,83,171,12/5/2023,6,146442
SKU0341,WH4,1372,205,332,10/29/2024,10,33429
SKU0214,WH3,1080,285,331,3/13/2024,23,136356
SKU0344,WH3,222,114,235,4/26/2025,27,60468
SKU0469,WH1,423,75,286,11/7/2024,29,57911
SKU0172,WH8,688,85,135,1/4/2024,5,259016
SKU0164,WH3,976,211,451,2/12/2026,23,291793
SKU0196,WH4,1156,237,120,9/16/2025,17,160206
SKU0364,WH3,801,202,358,11/19/2023,28,67721
SKU0267,WH7,152,73,187,12/1/2024,18,193693
SKU0264,WH8,1146,277,115,5/16/2026,20,182653
SKU0260,WH5,76,157,310,10/2/2023,21,225006
SKU0074,WH7,1354,56,154,10/15/2023,16,79651
SKU0012,WH5,167,153,249,4/12/2024,8,199391
SKU0353,WH8,1425,202,377,1/25/2026,3,129348
SKU0037,WH2,1374,144,212,4/23/2024,24,129417
SKU0449,WH8,385,214,432,4/2/2026,28,5946
SKU0337,WH8,973,190,495,11/20/2023,9,20093
SKU0142,WH1,1132,261,108,3/5/2025,14,59946
SKU0354,WH3,138,142,183,4/1/2026,14,278524
SKU0040,WH5,1443,80,123,7/7/2025,25,272274
SKU0347,WH6,904,201,483,10/22/2025,24,180219
SKU0280,WH7,543,244,147,11/4/2025,9,135335
SKU0338,WH3,1403,222,361,8/11/2024,25,177259
SKU0319,WH2,567,211,219,8/8/2023,2,154968
SKU0272,WH1,111,236,186,2/11/2025,18,253276
SKU0051,WH2,229,174,459,8/17/2023,8,217830
SKU0016,WH3,1020,292,498,7/14/2024,9,248328
SKU0058,WH6,1293,55,385,10/17/2023,26,77861
SKU0163,WH3,751,233,382,2/25/2026,22,230177
SKU0196,WH7,111,148,325,8/10/2025,19,106641
SKU0226,WH2,989,62,324,6/23/2025,11,204052
SKU0161,WH6,566,299,216,2/7/2026,24,268160
SKU0215,WH4,307,163,285,12/11/2023,21,125846
SKU0074,WH2,1120,217,365,9/7/2024,27,241032
SKU0057,WH5,525,252,171,3/22/2024,22,138706
SKU0203,WH7,862,190,305,4/2/2026,2,57139
SKU0068,WH4,446,155,228,4/3/2025,5,141304
SKU0220,WH4,640,239,173,4/18/2026,22,92586
SKU0268,WH8,711,102,103,11/9/2025,10,250906
SKU0273,WH3,1078,286,286,5/8/2026,6,30483
SKU0373,WH7,884,233,140,3/5/2025,22,216144
SKU0325,WH6,495,93,189,10/24/2023,9,152795
SKU0480,WH7,565,269,497,12/3/2024,21,164603
SKU0258,WH2,1495,245,342,11/29/2025,8,266784
SKU0205,WH2,907,263,300,9/24/2024,6,206220
SKU0213,WH5,716,238,392,9/8/2024,15,147731
SKU0013,WH3,79,231,213,1/3/2026,22,280382
SKU0160,WH5,185,226,471,1/22/2026,7,88709
SKU0357,WH4,988,86,249,11/17/2024,25,186826
SKU0169,WH6,905,67,187,2/21/2026,16,35361
SKU0404,WH3,1456,51,326,12/8/2023,8,250298
SKU0187,WH7,1183,233,220,7/12/2025,28,251174
SKU0257,WH3,689,227,391,7/18/2025,9,21517
SKU0431,WH3,465,146,322,5/16/2024,4,214887
SKU0303,WH2,1418,297,285,3/20/2025,10,208106
SKU0087,WH7,587,284,242,1/27/2024,22,286963
SKU0205,WH3,1295,246,288,1/16/2024,8,299370
SKU0133,WH7,330,177,490,1/27/2024,14,161061
SKU0233,WH5,605,61,326,4/19/2025,28,160820
SKU0355,WH7,864,65,190,12/7/2024,2,288929
SKU0256,WH5,672,235,207,9/26/2024,2,254246
SKU0132,WH5,836,271,269,7/19/2025,15,33185
SKU0477,WH4,1168,67,325,1/25/2026,28,83406
SKU0322,WH4,1211,76,124,1/26/2025,8,275215
SKU0176,WH7,1086,160,476,2/26/2025,12,50628
SKU0054,WH8,1313,297,163,3/21/2025,23,247422
SKU0131,WH4,783,268,399,4/22/2024,20,75693
SKU0278,WH6,1202,60,361,7/26/2024,6,257463
SKU0462,WH2,776,254,103,8/28/2024,22,195525
SKU0333,WH7,991,115,165,10/27/2025,24,202391
SKU0386,WH6,483,74,482,7/10/2025,19,184458
SKU0439,WH8,1306,82,330,9/23/2025,23,226026
SKU0201,WH7,1389,84,113,3/18/2024,28,101523
SKU0272,WH3,175,265,487,9/11/2025,13,129759
SKU0396,WH7,364,113,390,7/25/2023,16,232556
SKU0184,WH2,925,298,432,5/10/2024,24,170814
SKU0178,WH4,1021,222,349,4/12/2026,29,117012
SKU0493,WH2,1486,114,222,10/18/2023,22,106254
SKU0194,WH7,90,164,320,9/19/2025,18,226591
SKU0097,WH7,917,202,213,4/28/2024,5,130425
SKU0486,WH6,205,291,261,1/28/2025,3,255859
SKU0085,WH8,293,230,253,1/17/2026,3,57740
SKU0463,WH3,389,254,334,12/13/2023,2,158265
SKU0078,WH5,876,238,411,5/20/2024,22,273260
SKU0395,WH5,400,211,445,4/30/2026,18,26226
SKU0146,WH8,1462,192,479,7/31/2025,21,220923
SKU0051,WH4,315,247,347,9/27/2025,11,11319
SKU0217,WH2,947,131,177,1/11/2024,6,138495
SKU0456,WH5,23,155,466,11/25/2023,27,31835
SKU0248,WH2,1004,205,302,12/14/2023,18,181491
SKU0066,WH5,1458,102,486,12/2/2025,16,245239
SKU0084,WH2,1038,71,477,8/10/2023,20,179008
SKU0441,WH5,667,284,235,4/6/2025,8,271697
SKU0410,WH2,781,298,445,4/6/2026,19,236110
SKU0360,WH8,1162,57,353,9/16/2024,29,168080
SKU0458,WH1,512,233,232,12/22/2024,22,110023
SKU0500,WH3,1424,201,285,11/21/2025,10,274046
SKU0200,WH2,1003,61,111,12/14/2024,11,148722
SKU0104,WH7,818,201,354,7/22/2025,8,264804
SKU0094,WH6,728,178,294,3/18/2024,19,78531
SKU0231,WH8,1333,153,336,1/3/2026,25,39069
SKU0006,WH2,1023,290,193,8/20/2024,3,297780
SKU0482,WH6,102,299,119,12/6/2024,17,108579
SKU0312,WH7,910,205,486,2/25/2026,16,216589
SKU0498,WH6,843,185,388,7/25/2023,20,289225
SKU0047,WH4,586,52,245,10/24/2025,21,267279
SKU0336,WH2,370,130,174,8/24/2023,23,91918
SKU0019,WH8,576,250,106,10/16/2025,25,205368
SKU0003,WH8,666,165,189,7/7/2025,9,28093
SKU0141,WH2,427,236,358,6/2/2024,16,88426
SKU0082,WH4,1147,164,484,1/21/2025,9,209545
SKU0128,WH1,429,159,344,5/8/2024,8,98148
SKU0297,WH7,94,124,116,6/24/2025,19,33086
SKU0375,WH2,56,154,495,8/8/2024,26,278900
SKU0425,WH7,1034,83,468,7/24/2024,14,17697
SKU0498,WH4,585,197,201,1/6/2024,29,250924
SKU0007,WH3,548,196,300,6/14/2025,12,10004
SKU0022,WH5,967,161,180,12/22/2023,6,191710
SKU0031,WH3,655,169,482,3/12/2026,9,214337
SKU0125,WH1,596,167,202,11/9/2025,28,48514
SKU0083,WH3,1287,275,349,3/17/2024,21,39990
SKU0019,WH5,290,108,219,3/17/2025,25,80341
SKU0047,WH1,972,250,122,5/9/2026,3,94038
SKU0143,WH3,140,132,357,9/18/2025,5,66730
SKU0456,WH3,260,215,204,1/28/2026,16,216021
SKU0494,WH2,992,202,225,10/25/2025,14,227955
SKU0368,WH1,783,205,410,3/13/2026,18,35352
SKU0477,WH3,754,274,213,11/5/2025,23,71809
SKU0312,WH6,275,92,114,4/28/2025,27,11661
SKU0112,WH7,425,151,341,12/25/2024,19,17186
SKU0050,WH8,207,158,399,8/23/2025,21,185434
SKU0017,WH5,1396,63,328,5/2/2026,29,263031
SKU0034,WH6,1375,75,296,3/19/2026,10,118964
SKU0298,WH3,991,202,450,5/21/2024,6,16969
SKU0494,WH2,963,272,460,11/23/2025,5,296896
SKU0469,WH7,716,234,404,3/11/2024,15,56354
SKU0285,WH7,1284,174,418,1/14/2026,26,219743
SKU0456,WH5,1158,272,328,4/18/2024,18,142017
SKU0372,WH8,460,268,390,4/24/2026,29,261067
SKU0006,WH4,1045,203,118,9/22/2024,16,151369
SKU0452,WH2,1470,191,280,10/3/2025,17,189621
SKU0024,WH7,1153,243,319,2/24/2024,4,288374
SKU0491,WH3,1383,119,101,4/2/2026,14,212444
SKU0148,WH6,903,113,279,9/14/2025,10,75453
SKU0495,WH2,770,203,469,7/22/2024,3,67285
SKU0339,WH2,1157,211,286,1/12/2025,24,16296
SKU0209,WH6,640,104,486,7/15/2025,17,122832
SKU0180,WH5,1234,197,363,7/22/2024,2,220209
SKU0088,WH1,1483,154,139,5/20/2025,29,201005
SKU0357,WH4,961,281,129,1/30/2024,9,20975
SKU0091,WH4,355,231,111,7/30/2024,5,195646
SKU0151,WH1,691,213,276,2/23/2024,28,76679
SKU0462,WH2,1316,237,215,2/13/2024,3,293352
SKU0054,WH4,1020,180,202,9/20/2023,25,136504
SKU0247,WH5,1331,234,372,5/1/2024,23,101896
SKU0075,WH3,872,295,421,10/6/2023,16,35810
SKU0215,WH5,1319,84,223,9/9/2023,25,248494
SKU0008,WH7,214,149,122,2/4/2025,6,29325
SKU0268,WH8,1401,204,266,4/4/2025,28,238267
SKU0045,WH7,7,57,226,12/10/2025,2,38767
SKU0371,WH5,1166,165,382,5/11/2026,22,250377
SKU0441,WH3,1393,142,284,11/10/2023,22,29124
SKU0449,WH3,553,273,118,1/20/2025,18,101063
SKU0196,WH5,1110,133,271,7/6/2025,27,107276
SKU0357,WH4,611,106,221,7/7/2024,4,81337
SKU0260,WH4,1264,292,421,4/18/2026,24,219966
SKU0363,WH8,1138,123,387,3/28/2026,24,201130
SKU0446,WH7,1380,259,388,6/9/2024,27,122958
SKU0333,WH5,1035,168,270,1/8/2024,15,201227
SKU0415,WH8,563,82,352,2/15/2025,26,37997
SKU0310,WH6,1207,116,331,6/10/2024,22,74809
SKU0287,WH6,1361,267,378,12/28/2023,25,117596
SKU0160,WH7,951,132,113,7/18/2024,12,102608
SKU0424,WH7,985,280,307,4/28/2025,25,10561
SKU0260,WH3,57,283,453,3/27/2026,15,42632
SKU0359,WH5,1204,152,284,2/6/2025,25,247207
SKU0237,WH8,177,298,285,1/24/2025,10,145443
SKU0263,WH2,1243,179,395,12/13/2024,3,201722
SKU0440,WH2,681,263,399,8/3/2025,7,70673
SKU0313,WH2,1479,203,402,8/1/2023,26,142601
SKU0430,WH2,1277,200,439,3/16/2024,18,143363
SKU0118,WH3,224,291,463,12/12/2024,4,147048
SKU0433,WH2,461,210,145,8/9/2025,6,202574
SKU0306,WH2,1344,77,205,9/9/2025,17,262985
SKU0113,WH7,576,272,327,9/22/2023,24,52086
SKU0380,WH3,1338,180,215,9/15/2024,5,242069
SKU0433,WH1,346,230,152,11/11/2024,5,199516
SKU0254,WH4,1223,110,128,10/23/2023,24,153849
SKU0080,WH4,1481,219,350,11/7/2025,26,34940
SKU0230,WH7,1299,244,152,10/31/2024,25,42268
SKU0427,WH2,1214,115,236,2/8/2026,29,129786
SKU0065,WH2,1083,172,428,3/8/2025,29,213669
SKU0390,WH2,1124,224,380,8/23/2024,4,150503
SKU0342,WH1,832,142,146,2/22/2024,21,139706
SKU0286,WH5,88,95,470,4/20/2026,14,298841
SKU0328,WH1,1076,80,180,5/15/2024,16,189134
SKU0492,WH8,1113,107,426,11/12/2025,18,138105
SKU0451,WH3,63,64,371,1/12/2026,29,186621
SKU0438,WH4,1341,187,392,4/23/2024,28,249681
SKU0202,WH2,1297,156,477,11/21/2024,12,207789
SKU0281,WH4,137,135,373,5/8/2026,7,120074
SKU0170,WH1,774,297,283,9/24/2023,25,11829
SKU0380,WH2,585,293,181,9/20/2025,28,188238
SKU0328,WH4,197,147,235,7/20/2024,11,65524
SKU0127,WH5,643,278,212,2/15/2026,2,94903
SKU0445,WH8,551,91,156,12/27/2025,7,72089
SKU0166,WH8,744,153,444,1/3/2026,24,82374
SKU0036,WH7,474,234,119,1/19/2024,20,262012
SKU0041,WH3,380,250,412,10/21/2024,22,259446
SKU0303,WH2,54,63,472,12/17/2023,14,43456
SKU0240,WH2,284,133,484,2/3/2024,23,53058
SKU0471,WH5,1446,148,209,10/30/2023,8,40133
SKU0031,WH6,180,114,224,2/13/2025,14,137781
SKU0258,WH8,406,267,496,2/1/2025,5,189081
SKU0068,WH2,734,65,174,1/18/2026,7,91905
SKU0162,WH4,739,257,151,12/1/2025,26,145628
SKU0008,WH2,1212,219,457,9/26/2025,16,219774
SKU0056,WH6,676,255,196,1/12/2026,13,245254
SKU0096,WH6,1156,164,129,11/15/2023,22,200234
SKU0267,WH2,452,202,349,4/2/2026,19,267017
SKU0471,WH7,645,97,436,3/9/2025,26,291041
SKU0070,WH5,241,198,488,5/30/2024,7,129021
SKU0074,WH7,837,156,202,1/8/2025,28,180855
SKU0247,WH6,715,102,377,9/7/2023,6,60017
SKU0452,WH8,160,128,150,1/20/2025,13,268641
SKU0067,WH2,1421,179,481,11/12/2023,18,240907
SKU0140,WH2,671,54,306,11/9/2024,11,141085
SKU0445,WH2,448,260,173,1/26/2026,23,201402
SKU0257,WH5,498,282,457,10/24/2025,28,254983
SKU0206,WH5,592,188,228,11/11/2024,9,105095
SKU0348,WH6,543,269,145,4/19/2024,17,49599
SKU0011,WH4,482,285,178,5/22/2024,29,58021
SKU0030,WH5,1275,158,397,3/4/2025,16,224713
SKU0104,WH7,762,179,141,2/23/2026,24,281626
SKU0237,WH5,1083,146,448,4/5/2025,22,220547
SKU0130,WH6,834,198,419,3/19/2025,22,115494
SKU0252,WH8,975,220,178,11/24/2023,15,69337
SKU0134,WH8,919,205,118,1/27/2024,19,103412
SKU0152,WH2,335,89,241,7/18/2023,17,212428
SKU0206,WH4,73,258,114,11/8/2025,29,120017
SKU0292,WH2,395,125,278,9/16/2023,9,163053
SKU0130,WH8,917,218,310,3/31/2024,24,250936
SKU0451,WH4,1128,296,318,2/23/2025,2,213167
SKU0410,WH3,294,272,115,12/1/2023,8,171909
SKU0157,WH2,308,74,310,1/16/2026,5,147749
SKU0215,WH4,694,232,408,1/22/2025,7,298220
SKU0372,WH6,530,133,410,6/30/2025,16,106400
SKU0128,WH3,321,176,354,3/15/2025,12,264143
SKU0306,WH7,1173,105,122,8/17/2023,11,168401
SKU0263,WH8,1383,221,263,9/7/2024,8,240749
SKU0316,WH3,950,200,245,1/29/2026,15,97764
SKU0324,WH7,1283,119,400,9/4/2025,23,20092
SKU0254,WH1,845,172,443,6/12/2025,28,77305
SKU0335,WH8,90,193,188,9/6/2025,7,249246
SKU0151,WH8,595,244,339,12/11/2024,6,152429
SKU0108,WH1,639,290,335,1/2/2025,27,36089
SKU0488,WH1,1343,268,272,1/8/2024,21,21581
SKU0150,WH3,1446,188,106,10/19/2024,16,86712
SKU0127,WH7,381,180,296,4/7/2026,19,268440
SKU0232,WH4,729,200,460,11/15/2023,2,16040
SKU0327,WH7,280,287,315,8/8/2023,21,224907
SKU0306,WH6,1095,152,183,2/26/2025,29,114822
SKU0210,WH6,288,121,312,3/13/2025,12,295365
SKU0358,WH4,679,130,301,6/29/2024,2,27744
SKU0089,WH6,1056,251,476,9/19/2024,26,206371
SKU0048,WH5,1117,267,344,6/11/2024,18,13101
SKU0256,WH8,715,208,401,12/17/2025,28,275329
SKU0271,WH2,868,281,132,9/20/2024,27,35159
SKU0390,WH3,1131,198,473,5/20/2024,22,261063
SKU0493,WH5,315,203,370,2/9/2026,19,169788
SKU0059,WH3,1048,101,133,11/15/2023,7,226374
SKU0233,WH1,483,109,178,10/5/2023,25,204945
SKU0460,WH8,997,145,488,8/5/2025,19,32668
SKU0336,WH6,48,128,364,7/31/2025,8,226125
SKU0410,WH8,704,140,446,3/10/2026,16,19441
SKU0423,WH3,805,112,419,10/14/2023,16,221246
SKU0328,WH7,902,238,221,3/20/2026,5,171688
SKU0155,WH1,38,135,383,11/15/2024,27,104713
SKU0219,WH1,415,87,364,9/25/2024,21,255114
SKU0115,WH8,71,140,348,12/13/2023,7,175475
SKU0500,WH6,304,260,405,4/14/2026,28,172569
SKU0126,WH7,797,57,263,4/22/2025,9,256590
SKU0449,WH4,1116,155,364,5/1/2024,8,8594
SKU0427,WH8,833,176,350,9/21/2025,23,113600
SKU0425,WH1,434,177,130,8/23/2025,6,219769
SKU0189,WH8,477,76,334,4/6/2026,7,64344
SKU0237,WH5,112,214,400,6/27/2025,8,198916
SKU0288,WH2,1467,83,370,2/3/2024,10,30965
SKU0259,WH7,1449,206,344,2/3/2026,3,232788
SKU0222,WH8,299,236,165,9/4/2023,17,60372
SKU0251,WH4,1029,84,162,6/5/2024,3,223325
SKU0189,WH4,1327,299,218,8/18/2025,29,101780
SKU0145,WH6,56,154,209,8/6/2024,10,136381
SKU0137,WH4,1347,137,206,4/3/2026,7,159628
SKU0441,WH2,260,225,476,6/17/2025,10,10741
SKU0370,WH7,528,112,215,11/23/2025,27,198268
SKU0048,WH7,148,115,126,12/27/2023,9,235360
SKU0007,WH6,226,217,291,1/24/2025,28,232051
SKU0288,WH3,162,160,287,5/15/2025,9,51966
SKU0093,WH4,886,193,411,4/6/2026,6,19286
SKU0058,WH1,307,162,426,11/11/2023,15,177558
SKU0466,WH3,1171,114,497,12/29/2024,10,49501
SKU0111,WH4,994,175,287,4/19/2025,12,107412
SKU0133,WH8,1375,235,320,12/5/2024,3,149989
SKU0098,WH7,1305,84,375,11/9/2023,26,23063
SKU0295,WH4,442,246,458,4/22/2025,10,241397
SKU0143,WH5,644,252,406,7/31/2024,4,125930
SKU0114,WH5,153,266,488,3/6/2026,26,225720
SKU0326,WH5,547,165,171,4/14/2026,28,207631
SKU0232,WH6,518,249,277,2/10/2026,7,253431
SKU0364,WH4,231,238,298,5/19/2024,28,287714
SKU0032,WH7,602,192,187,3/25/2024,20,45164
SKU0437,WH4,7,280,441,7/28/2025,11,77260
SKU0443,WH5,405,116,247,8/19/2025,3,154211
SKU0387,WH1,775,77,489,8/2/2023,22,164593
SKU0153,WH5,665,141,227,5/4/2024,19,122096
SKU0057,WH8,544,126,235,11/1/2024,28,204812
SKU0487,WH4,1322,234,355,6/12/2024,9,112670
SKU0307,WH4,659,55,220,8/31/2025,25,272689
SKU0017,WH2,235,53,306,11/3/2023,24,160345
SKU0250,WH1,1351,165,121,9/5/2023,10,174857
SKU0175,WH3,882,150,134,10/30/2024,22,263392
SKU0382,WH1,1394,147,397,2/9/2025,18,249779
SKU0267,WH5,555,182,304,9/25/2023,3,135903
SKU0419,WH6,494,281,319,1/17/2024,10,195840
SKU0390,WH5,920,271,375,12/14/2023,3,235463
SKU0409,WH1,1320,218,192,5/5/2026,28,39501
SKU0401,WH6,818,161,424,6/14/2024,16,184181
SKU0439,WH2,19,124,486,9/10/2023,29,185308
SKU0362,WH8,1361,80,227,10/25/2025,4,210182
SKU0414,WH2,49,188,126,7/27/2025,22,97177
SKU0010,WH3,1031,113,424,5/4/2025,9,48424
SKU0412,WH5,678,239,475,11/14/2025,27,142389
SKU0195,WH4,845,85,375,4/20/2026,29,43479
SKU0439,WH3,1316,293,122,12/10/2024,8,60282
SKU0210,WH1,1141,175,323,4/9/2026,27,10732
SKU0080,WH2,53,61,111,9/30/2024,14,74825
SKU0490,WH8,1343,137,340,11/11/2025,13,188346
SKU0128,WH3,967,132,404,11/25/2025,20,120586
SKU0250,WH6,595,276,451,12/13/2024,14,297704
SKU0154,WH4,557,178,307,8/12/2025,22,63283
SKU0467,WH2,1375,55,254,7/29/2023,18,174189
SKU0337,WH6,281,243,164,7/26/2024,26,91538
SKU0297,WH4,869,107,406,12/30/2024,29,7659
SKU0061,WH4,671,69,432,8/9/2023,16,96402
SKU0377,WH2,430,170,330,10/25/2024,15,82478
SKU0185,WH4,559,155,394,5/17/2024,24,294263
SKU0301,WH3,777,61,115,2/9/2024,20,6157
SKU0028,WH2,715,59,104,9/24/2025,4,121927
SKU0404,WH2,794,97,221,1/5/2024,19,292166
SKU0038,WH2,891,152,270,1/19/2025,18,124358
SKU0350,WH5,9,176,156,9/16/2024,21,40102
SKU0141,WH5,824,57,196,2/27/2024,26,124156
SKU0397,WH7,141,211,375,10/21/2025,6,46125
SKU0032,WH8,1228,52,329,5/12/2026,24,118553
SKU0091,WH2,275,98,451,7/20/2024,24,153104
SKU0151,WH8,1431,196,275,6/27/2024,12,219313
SKU0055,WH6,399,261,277,8/14/2024,15,230474
SKU0165,WH3,345,163,101,10/7/2024,21,207262
SKU0096,WH4,1220,287,239,8/10/2025,8,176913
SKU0400,WH3,989,216,469,1/22/2024,24,293664
SKU0267,WH8,173,236,152,2/10/2026,24,31363
SKU0084,WH5,661,116,111,10/2/2025,28,69948
SKU0011,WH4,1318,119,261,4/3/2024,22,135320
SKU0369,WH5,44,288,204,5/6/2025,22,64134
SKU0409,WH7,1245,83,261,10/26/2025,27,134056
SKU0109,WH6,1496,195,367,5/2/2025,19,116865
SKU0036,WH4,401,199,116,11/3/2024,29,108766
SKU0238,WH2,136,101,361,4/10/2025,6,245200
SKU0173,WH2,17,272,129,6/10/2024,3,209677
SKU0308,WH8,1471,60,185,9/20/2023,19,267472
SKU0163,WH2,1174,243,442,7/28/2025,10,200965
SKU0025,WH4,1163,237,307,9/13/2025,4,289482
SKU0130,WH1,74,73,334,11/26/2025,7,249003
SKU0434,WH2,768,56,381,2/26/2026,8,46133
SKU0027,WH3,1216,296,210,9/22/2024,16,14344
SKU0434,WH2,1284,120,395,5/30/2024,5,224516
SKU0036,WH5,794,101,258,9/15/2025,23,41188
SKU0147,WH2,1478,137,401,8/8/2025,24,170463
SKU0362,WH2,1079,292,166,4/25/2026,7,243047
SKU0282,WH1,209,81,443,3/9/2024,5,8218
SKU0417,WH1,238,101,190,9/20/2024,21,212812
SKU0388,WH5,1340,288,223,2/4/2025,20,282159
SKU0194,WH8,421,262,345,9/10/2023,6,212739
SKU0158,WH8,1411,258,455,1/8/2024,13,119203
SKU0201,WH6,808,81,334,4/15/2026,28,140014
SKU0489,WH3,772,221,224,10/6/2024,2,35717
SKU0066,WH3,934,74,167,3/23/2025,8,237184
SKU0184,WH4,1448,285,204,1/17/2025,10,76449
SKU0221,WH1,1426,100,158,3/22/2026,4,179490
SKU0246,WH7,1392,224,309,11/22/2024,11,265431
SKU0266,WH5,195,146,395,2/28/2025,12,15586
SKU0424,WH7,1041,258,254,3/22/2025,25,214179
SKU0072,WH2,168,210,329,1/10/2025,22,158004
SKU0313,WH3,1252,265,239,10/14/2023,3,34738
SKU0305,WH4,1204,295,258,1/15/2025,16,93571
SKU0194,WH4,539,168,255,8/18/2024,29,143240
SKU0349,WH7,400,87,211,2/8/2024,2,127723
SKU0275,WH2,1232,290,199,7/17/2024,27,10639
SKU0405,WH4,878,213,381,12/28/2025,16,237599
SKU0456,WH7,1434,231,340,1/18/2026,14,125956
SKU0312,WH1,666,129,112,4/19/2026,27,27822
SKU0496,WH5,384,74,396,4/5/2025,10,264900
SKU0189,WH7,922,119,387,2/23/2026,22,267050
SKU0237,WH1,1058,204,377,5/2/2025,21,132577
SKU0152,WH5,559,279,219,8/2/2023,18,45027
SKU0480,WH6,945,124,209,3/21/2025,28,31712
SKU0399,WH8,125,78,476,10/29/2025,11,209809
SKU0006,WH8,704,143,454,8/7/2025,2,159848
SKU0210,WH2,154,228,179,3/30/2024,10,101884
SKU0299,WH8,404,277,405,8/15/2025,29,42930
SKU0077,WH1,807,76,102,12/31/2024,27,171541
SKU0453,WH7,1361,120,337,3/1/2026,20,114706
SKU0044,WH2,836,51,194,3/15/2024,7,140577
SKU0109,WH8,1464,58,371,7/15/2024,21,263342
SKU0128,WH3,424,164,468,4/7/2026,26,223873
SKU0080,WH4,1489,137,421,1/10/2026,20,236747
SKU0020,WH6,618,205,395,2/12/2024,13,262596
SKU0259,WH5,172,160,185,10/22/2025,12,117954
SKU0389,WH4,1030,223,283,1/2/2024,15,85826
SKU0359,WH2,273,196,177,4/13/2026,26,76165
SKU0169,WH7,1496,64,113,10/23/2024,13,234987
SKU0458,WH8,1344,51,417,12/19/2024,14,27150
SKU0465,WH4,1214,98,210,2/15/2025,8,67479
SKU0415,WH5,521,191,168,8/9/2025,4,220546
SKU0094,WH2,8,195,254,1/16/2025,8,105984
SKU0334,WH5,467,123,402,5/31/2024,17,249204
SKU0462,WH3,1432,55,423,1/28/2026,2,82369
SKU0175,WH7,1499,272,186,2/3/2024,16,121279
SKU0093,WH8,1334,70,173,11/8/2024,13,293616
SKU0197,WH7,399,72,322,9/7/2023,12,192122
SKU0004,WH5,403,194,244,8/28/2023,2,198027
SKU0352,WH4,125,88,206,8/27/2023,4,84920
SKU0155,WH1,858,112,330,6/28/2024,23,257386
SKU0097,WH2,533,99,126,8/8/2025,12,256829
SKU0208,WH3,101,147,203,12/19/2025,7,59591
SKU0455,WH1,1030,248,406,9/16/2025,23,275390
SKU0205,WH8,1219,55,158,1/20/2025,14,204553
SKU0114,WH1,1123,114,178,4/20/2026,19,285720
SKU0122,WH8,947,195,251,2/3/2025,29,277268
SKU0471,WH8,888,84,198,12/8/2024,15,32271
SKU0071,WH1,678,156,240,4/21/2026,15,204369
SKU0294,WH2,925,96,497,8/30/2024,27,248675
SKU0489,WH2,676,116,169,2/18/2024,6,12456
SKU0208,WH7,36,114,151,11/12/2025,13,232896
SKU0087,WH7,904,180,195,8/6/2025,4,17310
SKU0232,WH1,1110,259,312,11/6/2023,12,128799
SKU0484,WH7,732,64,376,8/12/2025,2,87676
SKU0340,WH5,1204,172,257,12/9/2023,17,170582
SKU0407,WH5,682,191,153,9/24/2025,8,217222
SKU0048,WH1,1220,86,313,4/24/2025,4,113696
SKU0462,WH7,608,295,478,5/22/2024,23,134494
SKU0292,WH8,359,66,286,9/29/2023,4,205256
SKU0046,WH5,1122,269,402,7/4/2025,18,126369
SKU0260,WH1,1390,164,293,1/4/2026,19,126289
SKU0319,WH2,1328,65,356,3/1/2024,16,123156
SKU0162,WH6,1433,78,187,6/21/2024,24,225111
SKU0338,WH5,1057,196,279,4/10/2024,22,8214
SKU0469,WH7,685,265,376,8/19/2025,7,113951
SKU0413,WH3,730,69,287,11/13/2024,4,145460
SKU0215,WH2,437,141,459,11/16/2025,17,268591
SKU0054,WH6,37,198,223,9/16/2025,10,251753
SKU0465,WH1,1142,200,275,9/21/2024,4,79408
SKU0491,WH3,113,247,173,8/22/2025,21,299937
SKU0446,WH6,648,165,239,12/12/2025,18,34387
SKU0370,WH3,1393,176,215,2/18/2024,16,28591
SKU0275,WH8,57,121,358,2/5/2025,11,25314
SKU0212,WH2,700,160,473,5/15/2025,19,285947
SKU0119,WH3,504,188,165,1/3/2026,28,115043
SKU0413,WH6,632,104,233,7/6/2025,2,105649
SKU0317,WH8,1301,238,353,4/27/2025,29,262120
SKU0123,WH5,909,86,422,8/14/2023,6,44138
SKU0087,WH3,715,187,349,11/19/2025,2,138425
SKU0283,WH3,809,66,172,3/10/2024,5,7200
SKU0018,WH4,537,125,376,5/21/2024,12,227804
SKU0092,WH3,89,99,260,12/18/2023,27,117052
SKU0246,WH3,432,164,215,10/5/2025,14,131320
SKU0009,WH5,1312,66,356,12/31/2025,11,72680
SKU0345,WH3,22,151,221,11/4/2025,13,163391
SKU0499,WH3,1174,92,420,2/20/2024,22,234022
SKU0211,WH6,974,203,464,1/29/2025,25,204902
SKU0360,WH2,1293,201,426,12/6/2023,21,111754
SKU0091,WH4,362,243,139,7/19/2024,19,133279
SKU0273,WH3,770,83,418,12/5/2023,24,266099
SKU0128,WH1,90,273,151,1/9/2025,10,25904
SKU0325,WH4,364,290,259,5/28/2025,11,8869
SKU0197,WH5,231,137,397,12/1/2024,12,284754
SKU0247,WH3,309,290,337,11/1/2023,4,121574
SKU0233,WH8,443,271,128,1/22/2026,13,122017
SKU0285,WH6,516,255,401,10/23/2025,28,152108
SKU0034,WH2,385,107,165,11/6/2025,16,11553
SKU0296,WH2,294,173,401,11/9/2024,25,133787
SKU0214,WH5,535,135,198,6/19/2024,2,108948
SKU0158,WH7,734,175,127,1/25/2026,10,230975
SKU0028,WH5,212,142,337,5/19/2024,4,254135
SKU0300,WH1,1060,293,290,12/20/2023,8,99716
SKU0032,WH6,1269,291,379,9/4/2024,25,218927
SKU0293,WH5,5,133,128,9/8/2025,5,102211
SKU0049,WH8,1039,65,374,8/12/2024,3,148449
SKU0222,WH8,1255,193,258,3/9/2024,2,97922
SKU0226,WH5,197,249,450,10/10/2024,22,275245
SKU0062,WH4,1237,179,185,10/5/2024,9,223526
SKU0236,WH3,506,265,256,7/14/2023,15,296412
SKU0416,WH6,714,257,375,5/31/2024,13,254704
SKU0188,WH1,1380,241,167,9/24/2023,2,204584
SKU0421,WH7,711,257,273,3/6/2026,23,9330
SKU0264,WH1,1382,179,374,12/30/2025,15,208467
SKU0089,WH7,1020,91,234,6/16/2024,26,157005
SKU0044,WH6,378,289,269,10/11/2025,29,58078
SKU0119,WH7,58,53,499,8/20/2023,9,296854
SKU0354,WH1,982,59,279,8/28/2024,9,80953
SKU0019,WH3,319,164,388,12/12/2023,6,123214
SKU0383,WH5,1478,72,394,3/10/2026,26,265700
SKU0377,WH5,1316,255,398,9/15/2024,24,273767
SKU0254,WH4,1253,201,206,11/24/2024,24,75170
SKU0024,WH8,877,123,311,8/7/2025,29,10383
SKU0363,WH7,1240,272,224,8/18/2024,13,140995
SKU0095,WH4,1202,109,348,10/31/2025,6,192844
SKU0278,WH8,1257,267,487,6/27/2024,10,45223
SKU0067,WH1,1402,192,370,10/23/2023,17,226181
SKU0193,WH6,422,76,142,4/10/2025,28,244259
SKU0074,WH8,1191,141,385,1/5/2026,5,215450
SKU0198,WH3,893,262,394,11/2/2024,7,106855
SKU0298,WH5,874,127,206,9/25/2024,5,138098
SKU0374,WH3,450,56,398,12/18/2023,2,222680
SKU0431,WH6,106,88,113,10/12/2024,14,45535
SKU0061,WH8,190,247,297,10/11/2023,14,89056
SKU0071,WH7,308,84,185,9/17/2025,18,98511
SKU0329,WH7,504,193,463,8/3/2025,14,56801
SKU0417,WH5,1390,203,373,7/6/2024,26,84011
SKU0184,WH3,170,117,401,9/28/2024,12,288664
SKU0214,WH8,1210,238,434,6/7/2024,19,24735
SKU0077,WH3,1042,187,120,10/23/2025,16,58167
SKU0178,WH1,1422,154,327,6/11/2025,14,182750
SKU0295,WH4,1186,203,431,1/18/2024,24,74927
SKU0222,WH8,201,62,288,9/24/2025,13,182996
SKU0169,WH2,333,92,302,6/29/2025,5,277984
SKU0369,WH3,732,166,450,2/19/2024,25,272303
SKU0120,WH6,196,163,164,1/19/2026,2,298956
SKU0486,WH2,658,249,316,1/23/2026,2,61998
SKU0299,WH1,109,204,170,8/17/2023,13,299660
SKU0379,WH3,831,61,387,11/24/2023,22,71752
SKU0306,WH1,1246,236,206,12/18/2025,2,211626
SKU0159,WH2,219,219,134,11/18/2023,15,59224
SKU0379,WH5,1355,209,189,1/4/2024,2,122995
SKU0491,WH3,873,193,303,2/7/2025,10,78056
SKU0026,WH1,190,227,433,8/18/2024,27,88833
SKU0482,WH6,933,212,363,11/25/2025,17,153703
SKU0189,WH2,747,172,377,12/11/2023,13,57318
SKU0433,WH3,438,199,303,12/29/2025,23,299038
SKU0208,WH7,99,248,145,4/22/2026,17,173964
SKU0081,WH2,701,273,496,10/10/2025,10,76909
SKU0002,WH6,1042,140,388,5/9/2026,4,47738
SKU0346,WH7,605,131,344,2/26/2026,22,206440
SKU0252,WH5,647,218,356,4/5/2026,12,226108
SKU0110,WH3,158,295,191,4/22/2024,7,35203
SKU0262,WH1,513,96,166,11/24/2023,26,144522
SKU0230,WH1,1288,188,468,2/23/2026,25,10786
SKU0147,WH7,741,169,179,3/5/2026,29,241990
SKU0404,WH7,1382,292,225,8/10/2024,24,179322
SKU0073,WH7,129,152,109,7/14/2024,23,217701
SKU0194,WH1,153,293,484,7/20/2025,27,258596
SKU0229,WH1,609,56,362,11/8/2024,27,53082
SKU0414,WH3,990,112,465,12/19/2024,25,264570
SKU0161,WH5,1237,142,279,7/1/2024,21,111968
SKU0154,WH5,1164,177,213,7/14/2023,28,100457
SKU0062,WH1,692,288,167,11/15/2024,8,204974
SKU0304,WH7,209,245,231,9/18/2025,2,134819
SKU0121,WH6,410,159,412,7/29/2025,20,15736
SKU0100,WH8,635,66,444,1/7/2026,27,284979
SKU0143,WH7,1223,292,104,3/29/2026,7,26830
SKU0098,WH1,300,291,298,3/10/2024,29,136156
SKU0363,WH1,501,202,410,7/27/2023,4,215217
SKU0399,WH1,493,171,166,7/6/2024,24,110240
SKU0461,WH3,1065,108,454,4/20/2025,14,174922
SKU0058,WH5,1324,279,174,3/2/2024,28,276724
SKU0217,WH4,0,86,175,12/31/2023,28,81853
SKU0478,WH4,952,123,346,2/15/2025,28,227739
SKU0439,WH5,183,231,138,1/2/2025,11,47816
SKU0208,WH6,518,277,179,12/12/2023,25,44322
SKU0247,WH6,582,157,460,4/6/2024,25,215633
SKU0192,WH1,1286,160,298,12/30/2025,18,83677
SKU0423,WH4,516,257,109,3/2/2025,21,92490
SKU0238,WH3,1018,299,478,1/5/2024,6,288948
SKU0042,WH1,434,61,437,4/17/2024,10,165467
SKU0003,WH5,511,194,128,12/2/2024,3,214933
SKU0075,WH5,575,58,355,11/26/2025,3,107137
SKU0415,WH2,1074,284,354,12/9/2024,23,179464
SKU0135,WH3,1011,281,253,1/17/2025,18,106343
SKU0150,WH3,295,81,129,5/4/2024,19,263324
SKU0298,WH2,1095,288,208,4/3/2026,3,252962
SKU0444,WH6,670,131,164,4/18/2026,29,273437
SKU0360,WH2,1362,234,114,3/22/2026,10,16837
SKU0014,WH2,57,265,444,8/28/2024,9,222801
SKU0437,WH6,475,185,118,1/15/2025,11,261878
SKU0071,WH7,1048,156,127,11/15/2025,25,170094
SKU0240,WH7,504,210,452,6/18/2025,7,158356
SKU0413,WH6,1184,289,348,12/14/2024,9,92713
SKU0115,WH8,549,189,370,9/22/2024,23,282289
SKU0113,WH6,262,211,220,12/21/2025,4,164687
SKU0462,WH8,1209,244,433,3/6/2025,27,211324
SKU0119,WH7,1437,281,160,4/23/2026,11,276057
SKU0403,WH7,785,229,137,8/31/2023,6,66957
SKU0071,WH3,568,178,454,8/28/2025,3,206926
SKU0494,WH2,387,206,387,11/21/2024,26,39803
SKU0252,WH7,280,182,305,11/7/2023,24,180873
SKU0150,WH3,189,87,432,7/5/2024,14,298161
SKU0411,WH6,256,70,396,8/11/2025,16,65174
SKU0300,WH2,334,108,312,11/13/2024,2,178800
SKU0460,WH4,1315,275,303,2/13/2024,14,76143
SKU0378,WH6,333,169,498,7/16/2024,22,275494
SKU0417,WH5,294,143,315,11/17/2024,14,137169
SKU0457,WH3,521,69,311,4/16/2024,21,102662
SKU0014,WH1,504,144,418,8/12/2025,8,30835
SKU0274,WH1,906,265,100,1/24/2025,25,263612
SKU0466,WH2,948,92,497,8/29/2024,14,63407
SKU0434,WH8,767,281,229,7/25/2023,8,51673
SKU0457,WH7,783,111,107,9/25/2025,5,91123
SKU0235,WH8,822,214,110,7/17/2024,15,290928
SKU0107,WH7,1,51,119,7/16/2025,28,280262
SKU0199,WH2,735,240,143,1/9/2025,3,279117
SKU0481,WH3,259,123,414,9/20/2023,16,8902
SKU0170,WH4,292,92,116,4/10/2024,6,78575
SKU0289,WH1,1143,79,344,10/12/2024,4,81216
SKU0231,WH7,147,216,495,8/21/2023,17,36639
SKU0267,WH3,401,243,311,3/23/2024,18,258289
SKU0250,WH6,1224,278,429,6/8/2025,27,116426
SKU0321,WH1,677,52,376,9/13/2025,7,191200
SKU0459,WH5,1008,253,294,12/24/2024,4,41017
SKU0090,WH2,1169,148,231,12/17/2023,7,215997
SKU0327,WH6,29,178,315,5/2/2025,21,136494
SKU0162,WH3,1071,178,281,11/4/2025,23,297486
SKU0136,WH2,1113,78,328,4/10/2024,22,144381
SKU0320,WH3,1194,277,254,8/24/2024,2,89959
SKU0093,WH8,541,58,211,12/24/2023,17,51791
SKU0378,WH7,411,166,322,3/17/2026,24,36608
SKU0483,WH2,607,189,352,7/3/2024,19,167191
SKU0200,WH2,1271,106,301,7/19/2023,18,142621
SKU0035,WH3,243,189,423,7/19/2025,6,206776
SKU0372,WH8,1099,251,178,9/30/2024,23,261654
SKU0046,WH5,1390,199,261,10/25/2025,14,78111
SKU0147,WH8,1147,279,484,3/26/2025,29,73675
SKU0191,WH1,1349,132,158,12/24/2023,3,225948
SKU0219,WH3,190,156,400,8/10/2025,10,63105
SKU0296,WH6,1331,254,373,4/8/2025,23,72710
SKU0123,WH5,1409,165,428,12/12/2024,11,269210
SKU0042,WH4,222,216,466,11/3/2025,19,16921
SKU0044,WH6,940,133,354,1/20/2024,28,226034
SKU0430,WH2,133,227,405,12/27/2024,19,86285
SKU0340,WH2,625,277,389,10/30/2023,20,232018
SKU0169,WH1,1089,159,153,11/13/2023,14,177896
SKU0143,WH1,1085,288,281,9/7/2025,7,16024
SKU0401,WH8,969,237,407,1/18/2026,25,68796
SKU0308,WH6,1497,213,342,7/30/2024,2,43228
SKU0324,WH7,819,139,487,4/15/2026,19,15927
SKU0386,WH2,1404,265,152,7/14/2024,20,190849
SKU0391,WH8,1190,239,251,8/14/2023,17,293984
SKU0403,WH2,901,128,405,12/30/2024,20,157448
SKU0182,WH3,595,107,337,9/27/2024,22,206858
SKU0076,WH1,1236,107,416,4/28/2026,8,76761
SKU0334,WH3,969,217,189,4/22/2026,7,43667
SKU0382,WH3,471,93,490,7/6/2025,13,277252
SKU0005,WH7,142,173,337,1/26/2024,28,113266
SKU0154,WH2,1017,148,144,7/4/2024,29,50381
SKU0473,WH1,1441,261,184,10/5/2023,15,233043
SKU0202,WH5,1227,112,336,8/8/2023,8,128478
SKU0404,WH7,827,200,133,11/10/2024,18,114827
SKU0245,WH1,29,70,237,11/12/2023,24,240493
SKU0268,WH3,539,193,238,3/2/2025,14,33677
SKU0071,WH3,1104,147,148,10/7/2024,21,116735
SKU0280,WH2,453,117,426,11/28/2023,27,21154
SKU0246,WH4,1229,57,198,5/26/2025,28,287044
SKU0001,WH1,378,95,218,7/24/2023,6,295361
SKU0023,WH7,1175,195,331,10/18/2023,7,298768
SKU0370,WH5,576,200,255,9/26/2025,14,163009
SKU0393,WH8,737,131,242,3/14/2024,11,51798
SKU0140,WH1,786,86,137,7/25/2024,4,281764
SKU0068,WH1,153,113,460,4/25/2024,22,269928
SKU0490,WH3,1080,129,404,3/4/2024,4,125534
SKU0360,WH6,46,267,228,3/6/2025,9,229476
SKU0260,WH7,103,267,405,2/26/2024,8,248418
SKU0055,WH2,233,131,241,11/28/2023,19,165066
SKU0315,WH5,165,228,210,6/21/2024,15,175918
SKU0250,WH8,891,84,215,6/25/2025,8,290318
SKU0185,WH5,1396,69,496,7/4/2024,12,182454
SKU0189,WH8,1208,172,121,12/24/2024,25,235233
SKU0134,WH8,801,69,412,9/14/2024,28,85530
SKU0300,WH1,719,209,440,3/30/2025,22,130714
SKU0445,WH1,747,124,396,4/22/2026,21,6148
SKU0065,WH6,1080,112,437,3/21/2025,11,194809
SKU0207,WH7,470,126,460,1/14/2025,11,40636
SKU0072,WH6,497,147,300,9/21/2025,18,44748
SKU0077,WH7,108,62,330,3/4/2025,17,268609
SKU0082,WH8,1159,293,104,9/7/2023,11,75782
SKU0023,WH5,328,269,130,4/4/2024,7,57874
SKU0438,WH5,921,120,164,8/27/2025,2,262888
SKU0111,WH7,1160,146,185,1/21/2026,27,61268
SKU0409,WH4,486,135,412,3/2/2025,6,201138
SKU0058,WH4,1235,204,498,2/20/2025,28,199472
SKU0178,WH8,1080,144,189,4/8/2025,13,284107
SKU0221,WH5,1485,217,384,5/20/2026,9,169003
SKU0331,WH2,1240,247,268,7/8/2024,7,67185
SKU0218,WH4,1149,281,389,8/23/2025,24,27382
SKU0178,WH3,401,108,312,8/21/2024,17,273887
SKU0201,WH8,1140,206,303,8/8/2025,11,273022
SKU0310,WH7,556,207,134,11/21/2025,4,154824
SKU0271,WH3,1261,264,325,1/20/2025,26,113601
SKU0499,WH6,494,84,132,9/11/2025,7,31962
SKU0252,WH7,1381,145,397,7/14/2025,3,194305
SKU0178,WH3,526,287,442,1/17/2024,5,168541
SKU0465,WH1,1253,232,491,2/17/2024,8,266525
SKU0437,WH7,1483,118,201,5/13/2026,22,235837
SKU0417,WH4,891,52,182,3/7/2026,13,284639
SKU0375,WH6,912,219,477,2/16/2025,11,276638
SKU0147,WH6,97,88,318,2/14/2026,26,105571
SKU0177,WH1,662,93,349,7/15/2023,14,234986
SKU0052,WH2,954,164,482,12/9/2025,22,26627
SKU0445,WH5,1399,256,257,3/16/2026,20,152496
SKU0357,WH5,1340,243,208,7/21/2025,28,271424
SKU0166,WH2,743,232,439,2/2/2024,29,19127
SKU0088,WH7,104,80,447,11/6/2023,9,9880
SKU0362,WH4,1337,210,173,2/12/2025,18,70656
SKU0091,WH6,944,274,269,8/22/2024,9,66649
SKU0349,WH2,303,191,380,9/7/2023,19,292660
SKU0405,WH6,335,294,369,5/11/2024,28,224913
SKU0220,WH5,1035,271,420,6/22/2025,21,204902
SKU0223,WH5,1183,147,112,1/15/2025,9,163321
SKU0481,WH6,1429,288,444,1/26/2026,17,107789
SKU0436,WH2,87,226,111,5/27/2024,17,61600
SKU0243,WH1,732,78,251,3/14/2025,25,29115
SKU0280,WH6,317,57,425,9/26/2023,29,166602
SKU0423,WH2,55,126,172,11/26/2024,11,89522
SKU0211,WH1,490,98,137,5/19/2024,14,156830
SKU0157,WH4,787,193,442,2/19/2025,22,163828
SKU0394,WH6,1067,138,407,4/7/2025,23,252745
SKU0401,WH5,524,284,425,11/19/2023,6,260857
SKU0417,WH3,452,237,208,3/8/2024,13,218824
SKU0043,WH3,504,217,134,3/5/2024,16,260886
SKU0468,WH8,459,210,127,12/20/2024,7,254038
SKU0389,WH8,541,280,232,7/11/2024,10,158176
SKU0103,WH5,704,52,397,6/24/2024,4,188428
SKU0302,WH8,1387,62,311,7/22/2023,25,287961
SKU0255,WH2,990,279,375,10/4/2023,24,142115
SKU0384,WH7,951,223,341,6/4/2024,22,232230
SKU0385,WH6,654,254,377,12/19/2024,18,165670
SKU0228,WH6,722,75,278,12/10/2025,27,10973
SKU0164,WH6,847,211,442,8/15/2025,11,174232
SKU0318,WH5,1386,188,220,1/14/2026,3,180567
SKU0115,WH7,747,82,303,7/18/2025,8,236990
SKU0277,WH7,1413,262,452,11/26/2025,5,20933
SKU0405,WH2,444,136,217,2/17/2026,11,74486
SKU0015,WH2,201,217,476,8/29/2024,8,51417
SKU0050,WH5,527,262,255,10/22/2023,13,263752
SKU0053,WH7,1014,88,467,3/14/2024,16,230392
SKU0123,WH3,1476,223,330,9/16/2025,25,258283
SKU0198,WH5,565,259,351,10/7/2024,17,65986
SKU0412,WH6,363,252,171,5/26/2024,4,131847
SKU0145,WH7,452,258,345,5/16/2024,2,218616
SKU0324,WH2,907,162,120,2/18/2026,26,58315
SKU0377,WH4,1061,91,403,10/9/2023,16,123626
SKU0298,WH8,996,178,404,9/18/2025,16,30674
SKU0255,WH6,531,116,289,8/23/2025,12,149090
SKU0106,WH3,370,246,390,10/14/2023,3,46212
SKU0494,WH7,43,201,179,3/11/2025,5,242605
SKU0058,WH8,511,216,171,4/10/2026,18,229580
SKU0294,WH7,466,273,360,3/11/2025,13,8604
SKU0192,WH7,882,259,175,4/12/2024,17,37331
SKU0464,WH8,443,282,317,9/25/2024,2,160575
SKU0174,WH7,112,159,428,10/24/2023,24,230681
SKU0319,WH2,1088,231,268,9/6/2024,27,233696
SKU0044,WH3,1368,158,447,10/24/2024,11,263184
SKU0040,WH1,1492,281,224,4/1/2024,14,264156
SKU0011,WH5,1087,225,139,7/22/2025,19,265557
SKU0408,WH5,790,69,157,8/20/2024,22,176242
SKU0093,WH8,886,179,299,2/6/2025,16,282902
SKU0383,WH3,557,185,357,7/1/2024,11,90411
SKU0478,WH1,1397,115,277,1/13/2024,24,275921
SKU0014,WH8,899,165,344,4/17/2024,16,124868
SKU0214,WH8,1446,220,185,7/27/2023,24,237367
SKU0344,WH6,1299,131,482,9/7/2024,5,265219
SKU0065,WH4,1137,294,210,7/17/2025,6,51510
SKU0211,WH4,222,169,216,6/8/2025,8,98413
SKU0352,WH4,716,251,307,9/20/2024,14,141822
SKU0496,WH3,74,244,147,5/18/2026,16,197954
SKU0142,WH2,282,93,190,11/12/2024,25,9971
SKU0261,WH8,902,179,388,7/25/2023,13,14423
SKU0327,WH5,496,161,322,7/23/2024,20,165110
SKU0361,WH1,782,83,115,6/25/2024,2,87224
SKU0212,WH1,1469,55,120,4/27/2025,27,189806
SKU0383,WH7,566,96,485,10/31/2024,26,229437
SKU0440,WH8,586,100,491,7/12/2025,19,220532
SKU0465,WH4,650,284,234,6/20/2025,7,283624
SKU0068,WH6,173,70,309,11/10/2024,14,220781
SKU0325,WH4,1256,257,100,9/13/2024,25,212434
SKU0323,WH7,620,159,318,9/26/2023,8,198529
SKU0305,WH7,1206,129,363,6/28/2024,4,254285
SKU0093,WH6,1128,238,447,1/5/2024,22,245859
SKU0442,WH7,1304,115,457,4/23/2024,13,48337
SKU0294,WH1,1207,65,485,3/18/2024,6,205399
SKU0304,WH5,1230,209,377,10/25/2025,3,87298
SKU0030,WH1,193,87,375,12/11/2024,21,292901
SKU0358,WH4,21,65,305,2/12/2025,9,150539
SKU0115,WH4,1277,292,130,3/26/2025,3,146714
SKU0406,WH3,1097,232,268,11/4/2023,23,132370
SKU0170,WH4,867,185,427,5/24/2025,16,294524
SKU0446,WH3,543,160,379,4/24/2024,2,79017
SKU0074,WH5,1082,240,114,1/30/2024,3,230446
SKU0152,WH4,588,76,456,4/8/2024,4,239062
SKU0011,WH7,799,53,265,10/26/2023,3,277842
SKU0369,WH4,1409,230,306,6/11/2025,28,217306
SKU0469,WH8,582,209,344,10/6/2024,14,161534
SKU0499,WH1,31,134,471,5/13/2024,22,211101
SKU0263,WH4,1020,63,454,9/29/2023,27,264687
SKU0481,WH5,355,292,137,12/4/2024,25,204950
SKU0120,WH7,1436,163,308,11/12/2025,26,47658
SKU0278,WH6,294,164,475,5/16/2026,2,149977
SKU0342,WH2,820,118,215,9/13/2023,20,132724
SKU0159,WH1,1193,265,293,7/27/2024,7,207438
SKU0443,WH5,458,143,104,1/12/2026,7,189862
SKU0168,WH3,119,277,357,6/17/2024,8,174026
SKU0131,WH7,881,134,101,4/6/2026,23,101199
SKU0230,WH7,563,271,136,7/17/2025,11,188118
SKU0089,WH1,483,73,237,3/23/2024,15,127945
SKU0298,WH4,474,136,318,1/25/2026,28,197325
SKU0348,WH1,669,81,427,9/17/2024,11,261716
SKU0273,WH3,256,267,173,6/12/2025,3,107798
SKU0456,WH6,729,107,198,7/29/2023,27,89879
SKU0260,WH2,866,233,251,12/5/2023,20,48887
SKU0340,WH6,59,69,123,12/9/2025,19,89739
SKU0251,WH4,7,275,450,5/10/2025,21,165723
SKU0392,WH5,1411,179,359,11/29/2025,12,119637
SKU0408,WH7,1118,122,139,7/5/2025,16,290779
SKU0297,WH2,1017,94,497,3/14/2024,15,153618
SKU0440,WH7,1277,64,455,3/13/2025,26,6664
SKU0113,WH6,956,179,381,4/30/2024,16,6861
SKU0090,WH8,1464,242,495,5/25/2024,2,7831
SKU0412,WH3,331,224,215,11/23/2023,13,107765
SKU0034,WH2,1104,134,471,10/20/2023,10,202174
SKU0328,WH5,657,122,126,8/16/2023,19,161852
SKU0101,WH5,225,289,233,12/26/2025,18,27078
SKU0112,WH1,597,90,126,12/7/2023,4,199378
SKU0367,WH2,885,140,369,8/28/2024,16,263355
SKU0260,WH1,431,215,207,4/26/2024,18,26415
SKU0402,WH4,1419,289,377,1/28/2025,24,119686
SKU0290,WH3,296,101,119,4/26/2026,29,47992
SKU0384,WH4,972,170,486,7/7/2025,3,93018
SKU0156,WH5,217,99,227,9/29/2024,15,217616
SKU0238,WH5,417,69,435,3/21/2026,10,136963
SKU0496,WH5,1228,135,276,10/9/2025,17,124467
SKU0422,WH7,943,66,451,1/30/2026,19,69412
SKU0370,WH8,322,111,325,4/3/2025,9,184188
SKU0069,WH5,58,99,380,1/4/2024,7,41740
SKU0377,WH7,611,115,382,3/11/2025,17,61230
SKU0157,WH2,1212,112,318,12/6/2024,15,143283
SKU0164,WH8,1317,128,485,2/4/2026,7,230085
SKU0043,WH2,1338,162,121,10/28/2023,21,227292
SKU0006,WH7,55,186,165,4/19/2025,18,225954
SKU0222,WH5,745,210,403,8/30/2025,29,207189
SKU0052,WH6,612,222,280,1/9/2025,27,216852
SKU0479,WH4,247,210,218,2/17/2024,25,216880
SKU0120,WH3,662,181,484,6/15/2025,8,105915
SKU0295,WH3,737,172,138,12/30/2024,17,67952
SKU0110,WH6,838,242,109,12/27/2024,7,155177
SKU0142,WH4,987,186,347,6/12/2025,22,69769
SKU0369,WH4,1438,249,367,5/3/2024,14,37045
SKU0301,WH4,872,257,401,7/26/2024,28,207224
SKU0494,WH8,649,142,372,1/14/2025,19,135651
SKU0218,WH6,1380,285,486,1/12/2026,17,45722
SKU0090,WH3,942,153,440,3/22/2026,2,186519
SKU0251,WH3,920,168,431,4/1/2024,13,228264
SKU0429,WH8,1029,123,286,4/26/2025,15,86964
SKU0498,WH5,565,170,339,9/3/2023,8,94010
SKU0124,WH5,988,200,254,2/5/2024,21,8572
SKU0394,WH4,804,251,114,8/16/2023,3,147297
SKU0391,WH2,866,156,328,1/21/2026,14,48846
SKU0272,WH6,846,271,140,2/23/2026,13,25630
SKU0270,WH2,171,297,294,12/5/2024,20,220525
SKU0105,WH1,1289,176,488,4/24/2025,3,297662
SKU0381,WH7,375,50,453,10/30/2025,10,74226
SKU0282,WH3,103,161,440,8/22/2025,16,18184
SKU0170,WH8,1092,193,240,7/31/2023,5,47624
SKU0065,WH2,188,119,188,9/10/2025,16,226499
SKU0127,WH7,337,196,369,8/13/2023,15,8672
SKU0486,WH1,286,211,352,4/29/2026,18,67604
SKU0234,WH8,1311,162,416,8/17/2025,6,262130
SKU0051,WH3,1172,130,347,10/3/2024,14,249196
SKU0478,WH4,977,109,336,10/5/2025,8,67079
SKU0319,WH4,1110,112,486,8/2/2024,2,165202
SKU0215,WH5,677,237,486,8/13/2025,29,160312
SKU0130,WH1,1110,98,144,5/7/2026,14,191642
SKU0260,WH1,1398,124,117,4/2/2025,5,295051
SKU0090,WH1,783,142,259,6/14/2024,29,69689
SKU0062,WH1,1294,276,199,7/26/2024,14,23008
SKU0043,WH8,919,109,399,4/4/2026,29,224879
SKU0046,WH8,307,77,448,6/5/2024,28,141197
SKU0270,WH5,238,126,458,2/6/2025,14,75011
SKU0108,WH6,1384,181,392,11/9/2023,26,272636
SKU0078,WH5,37,229,198,3/24/2024,4,89654
SKU0043,WH8,207,129,382,2/23/2026,9,68178
SKU0385,WH4,938,103,395,5/16/2025,25,9809
SKU0284,WH7,537,211,251,9/1/2023,10,229099
SKU0084,WH7,1465,262,331,12/4/2025,8,178996
SKU0019,WH4,1324,65,233,8/21/2024,6,25047
SKU0323,WH2,1314,133,305,7/26/2024,27,293210
SKU0481,WH8,1068,151,116,3/8/2026,5,63974
SKU0500,WH8,665,84,254,4/22/2026,23,39553
SKU0190,WH6,1007,85,333,9/1/2025,4,132472
SKU0484,WH1,227,130,143,10/27/2024,9,25304
SKU0078,WH7,450,214,225,3/19/2026,5,232083
SKU0008,WH1,793,136,297,9/24/2024,12,264411
SKU0103,WH8,367,223,486,7/19/2024,11,71389
SKU0468,WH1,1286,231,394,8/12/2025,3,67621
SKU0060,WH8,182,84,293,8/21/2024,22,170382
SKU0369,WH5,140,232,438,6/30/2025,15,134146
SKU0440,WH6,1413,183,333,4/7/2025,9,247880
SKU0442,WH1,741,114,244,3/28/2026,7,162326
SKU0044,WH1,987,176,364,8/31/2025,26,104601
SKU0125,WH4,1371,153,236,8/21/2024,23,179400
SKU0177,WH2,1103,242,134,9/2/2024,4,171415
SKU0342,WH7,884,283,364,6/29/2025,18,189737
SKU0367,WH7,863,299,111,5/14/2025,11,204631
SKU0218,WH8,22,52,422,3/21/2024,25,223376
SKU0483,WH6,317,295,200,1/29/2025,16,107209
SKU0432,WH5,773,94,312,11/4/2025,29,201885
SKU0358,WH5,710,228,319,6/24/2024,9,160141
SKU0206,WH3,582,128,325,1/26/2024,8,21395
SKU0279,WH1,956,250,328,11/20/2025,29,111948
SKU0050,WH1,648,147,257,8/20/2023,8,104473
SKU0179,WH1,1234,74,130,4/2/2025,14,290559
SKU0069,WH2,730,130,435,1/11/2025,29,56393
SKU0385,WH1,808,104,326,9/6/2025,5,230686
SKU0090,WH5,1356,249,164,2/11/2025,19,40307
SKU0271,WH6,1236,115,172,3/26/2025,8,132136
SKU0179,WH4,923,55,292,1/16/2024,4,151436
SKU0332,WH8,1150,200,314,10/18/2025,15,225702
SKU0341,WH4,1223,99,264,10/13/2023,2,224388
SKU0101,WH3,544,126,309,4/20/2024,2,262340
SKU0273,WH2,568,146,359,7/29/2023,17,89207
SKU0457,WH2,1267,187,365,9/30/2024,15,51980
SKU0129,WH8,6,84,382,12/8/2025,27,254864
SKU0256,WH6,965,282,210,2/26/2024,9,81482
SKU0095,WH1,945,135,357,6/13/2025,24,279805
SKU0209,WH3,847,126,154,10/27/2025,2,156034
SKU0084,WH4,63,246,167,12/24/2025,5,129136
SKU0053,WH1,728,119,452,7/14/2025,29,170465
SKU0260,WH8,818,154,235,9/4/2025,5,117205
SKU0409,WH2,786,189,370,1/29/2025,5,265160
SKU0098,WH1,563,136,160,3/8/2026,16,168209
SKU0391,WH4,826,226,234,2/11/2026,17,26918
SKU0191,WH3,403,156,480,8/3/2023,11,73655
SKU0091,WH7,887,96,337,5/8/2026,23,87278
SKU0386,WH6,1142,142,464,9/11/2023,29,172472
SKU0301,WH6,1230,144,251,2/21/2024,5,181744
SKU0133,WH5,1414,51,119,9/29/2023,15,97419
SKU0196,WH1,740,263,154,11/21/2023,14,63958
SKU0368,WH6,638,195,104,1/15/2026,3,50475
SKU0195,WH6,596,73,106,1/22/2025,2,42971
SKU0409,WH2,1117,63,229,1/18/2025,17,156400
SKU0305,WH3,441,87,349,4/11/2025,28,37263
SKU0026,WH6,1004,90,301,2/29/2024,23,165803
SKU0248,WH7,625,83,176,1/26/2025,17,122412
SKU0255,WH1,944,290,120,1/18/2026,23,268320
SKU0347,WH2,538,117,102,3/23/2024,8,244840
SKU0300,WH2,1131,251,280,1/20/2025,24,46243
SKU0360,WH8,255,121,497,2/28/2024,9,115597
SKU0161,WH3,788,215,224,9/27/2025,5,188226
SKU0445,WH2,718,140,152,2/15/2025,15,60383
SKU0265,WH2,184,240,435,1/30/2025,12,102715
SKU0163,WH4,364,79,418,1/5/2025,26,96268
SKU0230,WH7,1142,116,171,5/15/2024,18,64589
SKU0008,WH5,367,88,379,11/25/2024,2,278064
SKU0397,WH7,254,206,489,3/16/2026,18,20830
SKU0196,WH3,687,273,381,12/7/2025,3,118082
SKU0425,WH4,1096,91,143,12/29/2023,19,124611
SKU0389,WH5,365,226,325,9/18/2024,4,281849
SKU0108,WH8,157,137,461,8/30/2025,25,298729
SKU0235,WH6,80,297,197,4/24/2026,22,185612
SKU0270,WH8,53,141,304,6/28/2025,14,186201
SKU0332,WH8,223,144,166,11/22/2023,18,294600
SKU0020,WH1,783,68,104,5/29/2025,16,218927
SKU0005,WH4,1362,206,315,5/26/2025,28,10861
SKU0473,WH6,1080,257,394,7/11/2025,27,286425
SKU0141,WH6,3,82,467,8/3/2024,29,80902
SKU0023,WH6,1061,276,152,7/3/2025,4,106929
SKU0042,WH5,903,264,363,5/22/2025,6,286128
SKU0429,WH2,313,259,295,12/28/2024,26,258630
SKU0037,WH6,1054,88,169,2/5/2024,6,52131
SKU0063,WH6,404,214,194,10/22/2024,7,176928
SKU0113,WH8,582,190,424,3/10/2025,17,288979
SKU0312,WH3,1346,194,463,11/19/2025,3,235022
SKU0031,WH4,1049,185,233,8/15/2024,7,33120
SKU0294,WH1,27,94,229,10/17/2024,28,8260
SKU0091,WH8,1387,84,356,7/24/2025,14,194818
SKU0202,WH7,140,194,417,12/15/2025,6,93946
SKU0361,WH4,1216,252,128,5/26/2024,21,145434
SKU0174,WH2,230,68,186,5/26/2025,27,282546
SKU0375,WH7,549,279,337,10/1/2023,26,227901
SKU0444,WH3,764,99,334,2/18/2025,25,270367
SKU0066,WH8,648,126,358,7/31/2023,28,71162
SKU0496,WH4,468,275,214,7/20/2025,17,71495
SKU0340,WH4,704,199,476,2/18/2026,17,297840
SKU0156,WH2,1095,133,307,7/16/2024,8,182869
SKU0377,WH6,661,213,386,8/7/2024,21,144721
SKU0207,WH7,574,272,121,1/19/2026,12,133330
SKU0291,WH3,1115,80,478,7/25/2023,4,225881
SKU0184,WH2,208,67,107,8/16/2025,16,199141
SKU0001,WH7,60,269,121,11/20/2023,18,292577
SKU0367,WH2,20,197,176,5/31/2025,4,43557
SKU0472,WH5,1115,239,384,11/8/2023,3,60496
SKU0413,WH5,1246,83,179,10/27/2024,15,204447
SKU0043,WH7,523,71,237,12/8/2025,6,54095
SKU0055,WH5,314,171,389,1/22/2024,25,31712
SKU0090,WH5,45,227,388,2/8/2024,5,124176
SKU0083,WH4,722,277,177,11/25/2025,13,126473
SKU0290,WH4,1117,121,323,3/11/2026,8,129004
SKU0404,WH6,1285,297,498,11/29/2024,26,194766
SKU0321,WH6,1308,270,479,11/7/2024,12,129743
SKU0464,WH2,1204,199,380,3/8/2025,21,199542
SKU0041,WH3,244,180,220,11/20/2025,22,288188
SKU0077,WH5,565,222,125,1/18/2025,26,222173
SKU0088,WH2,880,179,239,12/16/2023,3,285746
SKU0344,WH7,162,250,291,11/14/2025,3,75209
SKU0281,WH6,1302,250,118,8/13/2023,11,5067
SKU0099,WH3,1444,203,148,2/14/2026,19,177036
SKU0415,WH2,922,236,338,3/25/2026,18,109692
SKU0423,WH5,943,50,331,8/10/2025,7,13764
SKU0081,WH8,1174,174,451,1/17/2025,12,202435
SKU0173,WH5,293,282,318,10/22/2024,18,230899
SKU0433,WH4,945,102,378,3/21/2026,22,124803
SKU0447,WH8,753,234,155,10/8/2023,28,259266
SKU0232,WH1,1330,129,290,12/28/2023,16,168003
SKU0359,WH8,880,92,344,5/9/2026,11,287950
SKU0185,WH1,362,195,151,3/27/2024,5,217976
SKU0206,WH8,1257,216,454,3/19/2026,14,150611
SKU0220,WH5,703,80,240,2/27/2025,2,97198
SKU0278,WH2,221,95,421,4/21/2025,16,217720
SKU0361,WH4,82,50,226,3/20/2026,28,299893
SKU0008,WH3,1014,223,439,7/6/2025,25,131923
SKU0001,WH2,620,178,234,3/30/2026,6,165518
SKU0440,WH2,1087,105,239,7/29/2023,7,56784
SKU0395,WH1,1450,95,178,11/10/2025,8,143755
SKU0122,WH4,0,137,448,4/18/2025,9,18597
SKU0187,WH8,1196,232,339,10/30/2025,13,79886
SKU0240,WH7,451,105,235,8/3/2025,16,273858
SKU0413,WH5,592,127,215,6/11/2024,4,56324
SKU0335,WH5,1188,72,240,9/3/2025,23,19766
SKU0373,WH5,103,97,452,3/6/2026,10,123881
SKU0489,WH8,1144,239,488,9/13/2024,12,237649
SKU0201,WH6,798,185,182,8/13/2024,21,277641
SKU0364,WH2,293,115,362,3/16/2025,13,104976
SKU0145,WH3,1301,54,167,8/13/2025,9,278541
SKU0283,WH2,212,87,477,7/23/2024,15,244373
SKU0083,WH5,469,297,456,1/17/2024,17,230759
SKU0483,WH3,1138,146,492,11/4/2024,4,150794
SKU0323,WH7,1186,181,118,4/10/2026,2,55652
SKU0042,WH7,1372,216,444,6/1/2024,19,281916
SKU0182,WH1,189,57,292,2/1/2024,14,11012
SKU0040,WH1,272,142,334,12/28/2024,13,157800
SKU0115,WH7,995,142,423,5/11/2025,6,295722
SKU0083,WH3,940,86,310,1/16/2024,8,96252
SKU0253,WH4,63,215,279,1/17/2026,7,206998
SKU0374,WH6,585,271,127,10/11/2023,10,84228
SKU0110,WH1,884,169,105,2/27/2026,5,257092
SKU0215,WH2,612,160,399,1/25/2026,24,178676
SKU0319,WH8,410,237,382,8/19/2025,5,288788
SKU0455,WH5,1427,189,467,10/3/2024,4,152702
SKU0136,WH1,651,153,145,8/6/2024,7,16403
SKU0069,WH3,1189,249,103,2/11/2025,28,266345
SKU0093,WH1,313,161,442,7/9/2025,12,237864
SKU0486,WH7,453,108,144,10/18/2024,6,266217
SKU0246,WH3,1461,160,413,7/11/2024,28,19778
SKU0185,WH6,217,68,161,11/23/2024,27,297564
SKU0093,WH3,983,116,153,10/3/2025,12,136755
SKU0447,WH4,749,217,379,9/30/2025,9,216501
SKU0233,WH7,1217,72,174,8/9/2023,27,237430
SKU0285,WH6,127,193,222,10/12/2023,15,288485
SKU0035,WH8,1475,291,317,9/5/2025,19,159808
SKU0181,WH1,1117,287,435,11/3/2023,21,277900
SKU0407,WH5,769,205,334,3/10/2025,25,178137
SKU0140,WH8,1016,267,280,5/11/2024,29,250821
SKU0273,WH1,445,99,225,1/19/2025,2,15253
SKU0315,WH3,700,189,444,10/6/2025,11,38144
SKU0494,WH1,671,93,311,4/10/2025,20,152679
SKU0463,WH6,517,265,237,12/14/2023,8,190248
SKU0339,WH5,448,164,330,1/15/2025,14,108752
SKU0215,WH4,105,290,209,7/28/2025,17,133031
SKU0019,WH8,1110,255,484,9/22/2025,19,130233
SKU0182,WH8,629,67,399,1/14/2025,24,21519
SKU0285,WH8,248,285,158,1/6/2024,7,176923
SKU0248,WH4,775,109,366,6/29/2024,8,14320
SKU0232,WH8,893,217,303,4/23/2025,25,22778
SKU0376,WH8,822,136,247,12/3/2024,23,137852
SKU0465,WH4,810,192,431,10/5/2023,17,88111
SKU0043,WH3,215,231,287,11/23/2025,7,291455
SKU0371,WH6,268,176,483,12/26/2024,12,251373
SKU0261,WH2,452,244,271,9/18/2025,8,34301
SKU0118,WH8,1426,112,243,1/25/2024,19,115864
SKU0483,WH3,465,172,434,5/10/2026,4,279704
SKU0294,WH7,782,232,289,12/26/2025,27,141563
SKU0139,WH5,1099,217,479,2/16/2024,18,245406
SKU0150,WH4,1133,187,283,8/7/2025,25,255189
SKU0450,WH3,458,104,230,10/10/2024,17,163535
SKU0397,WH3,658,145,485,3/12/2026,20,174568
SKU0282,WH8,675,58,271,7/29/2025,20,125708
SKU0106,WH4,904,122,224,12/21/2024,12,138126
SKU0112,WH6,1146,240,182,8/4/2023,2,234463
SKU0383,WH1,455,158,451,10/15/2025,23,128404
SKU0421,WH5,1310,110,186,4/16/2025,15,201017
SKU0179,WH2,439,108,123,6/23/2024,20,217146
SKU0251,WH2,698,287,112,5/28/2025,12,36771
SKU0033,WH6,1046,135,100,2/16/2025,21,20373
SKU0312,WH5,326,115,138,12/19/2023,18,136996
SKU0086,WH3,20,112,488,9/21/2025,29,121558
SKU0061,WH4,967,94,206,6/1/2024,3,187004
SKU0263,WH4,1475,171,240,5/21/2024,18,278555
SKU0284,WH5,711,82,363,2/23/2025,7,205037
SKU0242,WH5,104,273,278,12/11/2024,17,174477
SKU0358,WH4,74,124,404,11/19/2023,10,194013
SKU0261,WH4,1047,297,275,12/14/2025,28,223424
SKU0123,WH5,1160,75,395,3/1/2024,10,38260
SKU0314,WH3,1488,207,129,4/22/2024,24,49864
SKU0289,WH2,785,65,271,9/4/2024,11,247719
SKU0322,WH2,1172,258,152,12/4/2024,11,178628
SKU0105,WH8,609,266,263,9/16/2025,7,250260
SKU0231,WH7,1104,265,183,4/23/2024,2,71745
SKU0453,WH1,404,233,168,8/5/2024,4,100173
SKU0471,WH5,726,187,385,10/19/2025,8,109250
SKU0471,WH7,171,235,265,2/10/2025,22,58030
SKU0165,WH1,1404,182,234,12/14/2024,29,159972
SKU0227,WH1,547,206,174,1/10/2025,10,120446
SKU0452,WH8,1249,88,350,4/12/2025,15,142514
SKU0134,WH6,841,177,302,1/19/2025,16,276825
SKU0300,WH2,861,285,311,7/28/2025,24,238817
SKU0070,WH4,291,161,388,7/25/2025,20,115385
SKU0348,WH4,927,193,434,10/14/2024,11,186816
SKU0077,WH8,154,177,423,12/18/2025,17,270712
SKU0327,WH8,503,263,406,5/14/2026,2,129036
SKU0294,WH4,1344,90,493,12/4/2025,29,276692
SKU0096,WH6,208,161,102,5/16/2024,8,145724
SKU0319,WH5,43,93,251,7/31/2025,12,31720
SKU0374,WH2,1224,86,229,12/7/2024,25,234376
SKU0485,WH6,209,58,122,2/11/2025,16,179597
SKU0496,WH7,917,83,150,6/14/2025,14,55124
SKU0214,WH5,349,242,414,5/4/2025,20,210890
SKU0099,WH8,1257,131,141,4/23/2024,12,268802
SKU0240,WH7,495,68,235,12/29/2024,14,222616
SKU0296,WH5,1087,99,381,10/2/2025,9,180181
SKU0182,WH3,355,130,437,6/9/2024,28,139994
SKU0403,WH4,238,216,227,9/2/2025,23,149328
SKU0408,WH3,985,134,403,12/28/2024,27,255279
SKU0097,WH3,944,65,172,3/23/2025,28,281038
SKU0001,WH2,1029,211,459,12/26/2024,11,157307
SKU0309,WH4,610,96,364,8/16/2024,17,299668
SKU0340,WH8,1132,133,196,4/21/2025,18,46426
SKU0263,WH6,449,292,494,1/16/2026,18,178112
SKU0047,WH6,1430,87,268,9/30/2025,14,265110
SKU0498,WH1,1283,116,161,1/11/2025,14,15012
SKU0043,WH8,869,123,187,7/29/2024,16,153783
SKU0130,WH3,938,209,131,11/3/2023,13,81476
SKU0294,WH3,706,221,132,10/7/2025,12,268062
SKU0242,WH1,489,173,459,11/7/2025,2,285387
SKU0288,WH8,502,240,189,4/29/2026,4,247413
SKU0325,WH1,18,250,272,4/21/2024,19,48313
SKU0168,WH2,582,296,101,7/5/2025,29,40221
SKU0297,WH3,1265,63,293,3/19/2026,13,198695
SKU0108,WH3,1348,84,305,7/29/2023,27,253488
SKU0130,WH2,103,203,376,3/12/2026,2,42930
SKU0043,WH6,1158,181,442,3/10/2026,23,24857
SKU0371,WH6,1395,115,249,5/13/2024,21,34980
SKU0259,WH1,777,178,199,11/15/2023,3,19018
SKU0078,WH3,791,163,420,7/5/2025,22,230995
SKU0370,WH1,1029,179,387,2/9/2025,19,51722
SKU0214,WH7,491,103,168,10/2/2024,2,296364
SKU0199,WH6,617,181,121,4/17/2024,4,200707
SKU0481,WH5,1446,143,168,9/22/2024,27,180910
SKU0420,WH7,1030,117,352,1/1/2026,11,156423
SKU0399,WH3,605,69,344,6/13/2024,17,60335
SKU0338,WH5,1455,150,166,12/5/2025,29,216274
SKU0097,WH3,1498,250,379,10/13/2025,16,161496
SKU0456,WH1,185,240,447,5/12/2026,4,127386
SKU0015,WH5,422,136,274,7/29/2024,14,220781
SKU0095,WH2,575,205,440,3/1/2025,25,181571
