Shipment_ID,Warehouse_ID,Carrier,Origin,Destination,Freight_Cost,Delivery_Days,,,
SHP00001,WH1,UPS,Pune,Hyderabad,19456,2,,,
SHP00002,WH7,DHL,Mumbai,Delhi,3314,9,,,
SHP00003,WH1,BlueDart,Chennai,Bangalore,14635,9,,,
SHP00004,WH3,UPS,Mumbai,Delhi,14829,5,,,
SHP00005,WH2,DHL,Mumbai,Delhi,12167,8,,,
SHP00006,WH2,BlueDart,Chennai,Bangalore,19691,1,,,
SHP00007,WH1,DHL,Chennai,Bangalore,3858,8,,,
SHP00008,WH3,BlueDart,Pune,Hyderabad,19543,2,,,
SHP00009,WH5,BlueDart,Pune,Hyderabad,18801,2,,,
SHP00010,WH6,BlueDart,Mumbai,Delhi,13607,4,,,
SHP00011,WH7,BlueDart,Chennai,Bangalore,17560,3,,,
SHP00012,WH6,UPS,Mumbai,Delhi,16230,9,,,
SHP00013,WH3,FedEx,Pune,Hyderabad,16278,3,,,
SHP00014,WH5,FedEx,Chennai,Bangalore,8967,9,,,
SHP00015,WH4,FedEx,Chennai,Bangalore,8031,5,,,
SHP00016,WH1,DHL,Mumbai,Delhi,5011,8,,,
SHP00017,WH1,DHL,Mumbai,Delhi,10781,7,,,
SHP00018,WH5,UPS,Chennai,Bangalore,9081,8,,,
SHP00019,WH2,BlueDart,Pune,Hyderabad,7086,9,,,
SHP00020,WH1,BlueDart,Pune,Hyderabad,18759,2,,,
SHP00021,WH8,UPS,Chennai,Bangalore,8530,9,,,
SHP00022,WH7,FedEx,Mumbai,Delhi,11697,1,,,
SHP00023,WH3,UPS,Chennai,Bangalore,16220,8,,,
SHP00024,WH4,FedEx,Mumbai,Delhi,10178,4,,,
SHP00025,WH8,BlueDart,Pune,Hyderabad,6567,4,,,
SHP00026,WH6,DHL,Chennai,Bangalore,11216,4,,,
SHP00027,WH6,DHL,Mumbai,Delhi,11280,6,,,
SHP00028,WH3,BlueDart,Chennai,Bangalore,15981,5,,,
SHP00029,WH6,UPS,Mumbai,Delhi,3240,6,,,
SHP00030,WH8,UPS,Pune,Hyderabad,7688,5,,,
SHP00031,WH7,BlueDart,Pune,Hyderabad,9625,5,,,
SHP00032,WH2,BlueDart,Chennai,Bangalore,11665,5,,,
SHP00033,WH8,FedEx,Mumbai,Delhi,2086,2,,,
SHP00034,WH5,DHL,Chennai,Bangalore,15159,5,,,
SHP00035,WH4,UPS,Pune,Hyderabad,10426,3,,,
SHP00036,WH1,FedEx,Mumbai,Delhi,13160,9,,,
SHP00037,WH6,FedEx,Chennai,Bangalore,1229,6,,,
SHP00038,WH3,FedEx,Pune,Hyderabad,4735,1,,,
SHP00039,WH5,BlueDart,Chennai,Bangalore,17686,9,,,
SHP00040,WH3,BlueDart,Mumbai,Delhi,16006,8,,,
SHP00041,WH4,DHL,Pune,Hyderabad,8546,9,,,
SHP00042,WH3,BlueDart,Pune,Hyderabad,9485,6,,,
SHP00043,WH2,UPS,Chennai,Bangalore,13696,2,,,
SHP00044,WH5,DHL,Pune,Hyderabad,5799,3,,,
SHP00045,WH1,DHL,Chennai,Bangalore,10897,8,,,
SHP00046,WH6,BlueDart,Chennai,Bangalore,16888,9,,,
SHP00047,WH8,BlueDart,Chennai,Bangalore,19949,9,,,
SHP00048,WH2,FedEx,Pune,Hyderabad,10288,1,,,
SHP00049,WH4,FedEx,Chennai,Bangalore,4128,9,,,
SHP00050,WH2,DHL,Mumbai,Delhi,6649,9,,,
SHP00051,WH6,FedEx,Chennai,Bangalore,5028,2,,,
SHP00052,WH5,DHL,Pune,Hyderabad,15206,1,,,
SHP00053,WH6,UPS,Pune,Hyderabad,12058,1,,,
SHP00054,WH1,FedEx,Chennai,Bangalore,18782,3,,,
SHP00055,WH7,DHL,Chennai,Bangalore,14852,1,,,
SHP00056,WH1,UPS,Pune,Hyderabad,19051,4,,,
SHP00057,WH3,UPS,Pune,Hyderabad,6127,4,,,
SHP00058,WH1,FedEx,Chennai,Bangalore,1504,8,,,
SHP00059,WH1,BlueDart,Chennai,Bangalore,13571,6,,,
SHP00060,WH8,UPS,Pune,Hyderabad,18590,2,,,
SHP00061,WH7,FedEx,Mumbai,Delhi,15487,5,,,
SHP00062,WH2,FedEx,Chennai,Bangalore,2415,9,,,
SHP00063,WH5,DHL,Chennai,Bangalore,11176,3,,,
SHP00064,WH4,FedEx,Pune,Hyderabad,16255,2,,,
SHP00065,WH1,FedEx,Mumbai,Delhi,2899,2,,,
SHP00066,WH1,DHL,Mumbai,Delhi,15142,6,,,
SHP00067,WH2,DHL,Pune,Hyderabad,2580,7,,,
SHP00068,WH7,DHL,Pune,Hyderabad,2145,8,,,
SHP00069,WH7,UPS,Chennai,Bangalore,8479,1,,,
SHP00070,WH5,DHL,Mumbai,Delhi,17206,3,,,
SHP00071,WH7,UPS,Mumbai,Delhi,11403,4,,,
SHP00072,WH3,BlueDart,Chennai,Bangalore,16193,8,,,
SHP00073,WH1,UPS,Mumbai,Delhi,7985,2,,,
SHP00074,WH2,DHL,Pune,Hyderabad,14719,6,,,
SHP00075,WH8,DHL,Chennai,Bangalore,18094,4,,,
SHP00076,WH6,BlueDart,Mumbai,Delhi,1172,8,,,
SHP00077,WH3,DHL,Chennai,Bangalore,14237,1,,,
SHP00078,WH7,DHL,Pune,Hyderabad,3452,1,,,
SHP00079,WH4,BlueDart,Mumbai,Delhi,3964,9,,,
SHP00080,WH2,FedEx,Pune,Hyderabad,6425,4,,,
SHP00081,WH4,BlueDart,Chennai,Bangalore,8931,2,,,
SHP00082,WH8,UPS,Pune,Hyderabad,8283,4,,,
SHP00083,WH6,UPS,Pune,Hyderabad,10265,6,,,
SHP00084,WH7,BlueDart,Mumbai,Delhi,13315,3,,,
SHP00085,WH6,BlueDart,Mumbai,Delhi,9943,1,,,
SHP00086,WH1,BlueDart,Chennai,Bangalore,12846,9,,,
SHP00087,WH8,UPS,Pune,Hyderabad,19998,7,,,
SHP00088,WH7,BlueDart,Mumbai,Delhi,18020,2,,,
SHP00089,WH6,UPS,Pune,Hyderabad,4352,9,,,
SHP00090,WH4,UPS,Chennai,Bangalore,18934,4,,,
SHP00091,WH6,UPS,Pune,Hyderabad,17986,6,,,
SHP00092,WH1,FedEx,Pune,Hyderabad,7905,8,,,
SHP00093,WH3,DHL,Mumbai,Delhi,6521,4,,,
SHP00094,WH5,BlueDart,Chennai,Bangalore,13104,5,,,
SHP00095,WH7,DHL,Pune,Hyderabad,1856,7,,,
SHP00096,WH4,DHL,Mumbai,Delhi,13622,5,,,
SHP00097,WH1,UPS,Chennai,Bangalore,15971,4,,,
SHP00098,WH3,DHL,Mumbai,Delhi,8311,9,,,
SHP00099,WH6,BlueDart,Pune,Hyderabad,4813,7,,,
SHP00100,WH8,BlueDart,Pune,Hyderabad,9343,2,,,
SHP00101,WH8,DHL,Pune,Hyderabad,11020,1,,,
SHP00102,WH4,DHL,Mumbai,Delhi,18997,9,,,
SHP00103,WH2,BlueDart,Pune,Hyderabad,11736,3,,,
SHP00104,WH7,DHL,Pune,Hyderabad,5062,9,,,
SHP00105,WH6,BlueDart,Mumbai,Delhi,19206,6,,,
SHP00106,WH8,FedEx,Mumbai,Delhi,6525,2,,,
SHP00107,WH5,BlueDart,Pune,Hyderabad,2196,5,,,
SHP00108,WH2,FedEx,Mumbai,Delhi,4668,6,,,
SHP00109,WH8,FedEx,Mumbai,Delhi,18184,7,,,
SHP00110,WH8,DHL,Mumbai,Delhi,9416,4,,,
SHP00111,WH1,UPS,Chennai,Bangalore,3141,2,,,
SHP00112,WH6,UPS,Mumbai,Delhi,14450,9,,,
SHP00113,WH3,DHL,Chennai,Bangalore,1312,4,,,
SHP00114,WH6,UPS,Chennai,Bangalore,15755,7,,,
SHP00115,WH1,DHL,Chennai,Bangalore,17628,1,,,
SHP00116,WH5,DHL,Pune,Hyderabad,4108,3,,,
SHP00117,WH8,FedEx,Chennai,Bangalore,3777,8,,,
SHP00118,WH2,UPS,Chennai,Bangalore,5363,8,,,
SHP00119,WH7,UPS,Pune,Hyderabad,12565,4,,,
SHP00120,WH1,BlueDart,Pune,Hyderabad,1555,9,,,
SHP00121,WH4,DHL,Chennai,Bangalore,11819,6,,,
SHP00122,WH1,FedEx,Pune,Hyderabad,7870,9,,,
SHP00123,WH8,FedEx,Chennai,Bangalore,19163,3,,,
SHP00124,WH7,FedEx,Pune,Hyderabad,8716,7,,,
SHP00125,WH3,FedEx,Mumbai,Delhi,9722,6,,,
SHP00126,WH5,BlueDart,Pune,Hyderabad,5220,5,,,
SHP00127,WH6,UPS,Pune,Hyderabad,10939,6,,,
SHP00128,WH8,UPS,Chennai,Bangalore,5614,1,,,
SHP00129,WH6,UPS,Chennai,Bangalore,11271,8,,,
SHP00130,WH5,FedEx,Chennai,Bangalore,10733,7,,,
SHP00131,WH8,UPS,Mumbai,Delhi,11143,8,,,
SHP00132,WH2,BlueDart,Mumbai,Delhi,4888,1,,,
SHP00133,WH5,FedEx,Mumbai,Delhi,5826,7,,,
SHP00134,WH5,DHL,Chennai,Bangalore,19641,5,,,
SHP00135,WH7,FedEx,Chennai,Bangalore,7195,4,,,
SHP00136,WH5,BlueDart,Pune,Hyderabad,2058,7,,,
SHP00137,WH4,DHL,Chennai,Bangalore,8930,7,,,
SHP00138,WH5,UPS,Pune,Hyderabad,1983,2,,,
SHP00139,WH4,FedEx,Mumbai,Delhi,10619,1,,,
SHP00140,WH2,UPS,Pune,Hyderabad,4307,6,,,
SHP00141,WH4,DHL,Mumbai,Delhi,12599,3,,,
SHP00142,WH6,BlueDart,Chennai,Bangalore,6266,5,,,
SHP00143,WH8,DHL,Mumbai,Delhi,8285,1,,,
SHP00144,WH3,UPS,Mumbai,Delhi,17201,9,,,
SHP00145,WH3,DHL,Pune,Hyderabad,16426,3,,,
SHP00146,WH7,UPS,Pune,Hyderabad,19023,5,,,
SHP00147,WH2,UPS,Mumbai,Delhi,13535,6,,,
SHP00148,WH7,UPS,Pune,Hyderabad,11138,1,,,
SHP00149,WH7,FedEx,Pune,Hyderabad,11028,9,,,
SHP00150,WH2,UPS,Pune,Hyderabad,14705,3,,,
SHP00151,WH8,UPS,Chennai,Bangalore,9574,4,,,
SHP00152,WH5,FedEx,Chennai,Bangalore,16724,3,,,
SHP00153,WH4,FedEx,Chennai,Bangalore,15867,6,,,
SHP00154,WH2,FedEx,Chennai,Bangalore,2268,1,,,
SHP00155,WH3,UPS,Chennai,Bangalore,17058,9,,,
SHP00156,WH8,DHL,Pune,Hyderabad,5715,2,,,
SHP00157,WH6,FedEx,Pune,Hyderabad,9548,2,,,
SHP00158,WH1,UPS,Chennai,Bangalore,19800,4,,,
SHP00159,WH8,UPS,Chennai,Bangalore,10464,1,,,
SHP00160,WH8,UPS,Mumbai,Delhi,17250,3,,,
SHP00161,WH4,DHL,Pune,Hyderabad,16249,6,,,
SHP00162,WH7,BlueDart,Pune,Hyderabad,13627,1,,,
SHP00163,WH6,FedEx,Pune,Hyderabad,3628,5,,,
SHP00164,WH7,DHL,Pune,Hyderabad,8205,5,,,
SHP00165,WH3,UPS,Pune,Hyderabad,16214,4,,,
SHP00166,WH8,FedEx,Mumbai,Delhi,10892,2,,,
SHP00167,WH5,DHL,Mumbai,Delhi,18532,4,,,
SHP00168,WH5,FedEx,Mumbai,Delhi,14887,2,,,
SHP00169,WH8,DHL,Pune,Hyderabad,13399,3,,,
SHP00170,WH7,BlueDart,Pune,Hyderabad,13354,1,,,
SHP00171,WH3,UPS,Mumbai,Delhi,17859,3,,,
SHP00172,WH7,DHL,Chennai,Bangalore,3178,1,,,
SHP00173,WH7,FedEx,Chennai,Bangalore,6195,8,,,
SHP00174,WH1,FedEx,Pune,Hyderabad,6741,1,,,
SHP00175,WH3,UPS,Chennai,Bangalore,18668,1,,,
SHP00176,WH6,FedEx,Mumbai,Delhi,13495,7,,,
SHP00177,WH4,UPS,Chennai,Bangalore,13906,2,,,
SHP00178,WH1,FedEx,Pune,Hyderabad,14074,4,,,
SHP00179,WH8,DHL,Chennai,Bangalore,11184,1,,,
SHP00180,WH5,DHL,Mumbai,Delhi,6821,6,,,
SHP00181,WH8,UPS,Chennai,Bangalore,18304,3,,,
SHP00182,WH1,FedEx,Pune,Hyderabad,8477,3,,,
SHP00183,WH3,FedEx,Pune,Hyderabad,19988,9,,,
SHP00184,WH1,FedEx,Chennai,Bangalore,7646,7,,,
SHP00185,WH5,UPS,Chennai,Bangalore,8944,9,,,
SHP00186,WH4,BlueDart,Pune,Hyderabad,16898,9,,,
SHP00187,WH8,BlueDart,Chennai,Bangalore,1565,9,,,
SHP00188,WH8,UPS,Pune,Hyderabad,2125,7,,,
SHP00189,WH8,DHL,Pune,Hyderabad,19073,4,,,
SHP00190,WH8,BlueDart,Mumbai,Delhi,12040,5,,,
SHP00191,WH8,UPS,Chennai,Bangalore,1656,6,,,
SHP00192,WH7,BlueDart,Pune,Hyderabad,15332,8,,,
SHP00193,WH4,UPS,Pune,Hyderabad,8661,2,,,
SHP00194,WH7,DHL,Mumbai,Delhi,5114,7,,,
SHP00195,WH3,DHL,Pune,Hyderabad,3343,5,,,
SHP00196,WH8,UPS,Pune,Hyderabad,10843,5,,,
SHP00197,WH5,DHL,Chennai,Bangalore,13222,7,,,
SHP00198,WH8,FedEx,Pune,Hyderabad,14112,1,,,
SHP00199,WH4,UPS,Mumbai,Delhi,15452,1,,,
SHP00200,WH8,FedEx,Chennai,Bangalore,19767,9,,,
SHP00201,WH2,DHL,Mumbai,Delhi,14336,4,,,
SHP00202,WH5,BlueDart,Chennai,Bangalore,6712,8,,,
SHP00203,WH8,DHL,Mumbai,Delhi,13236,8,,,
SHP00204,WH8,BlueDart,Pune,Hyderabad,7088,9,,,
SHP00205,WH4,FedEx,Chennai,Bangalore,4291,8,,,
SHP00206,WH3,FedEx,Pune,Hyderabad,6150,1,,,
SHP00207,WH1,DHL,Mumbai,Delhi,9180,4,,,
SHP00208,WH4,BlueDart,Pune,Hyderabad,8878,5,,,
SHP00209,WH6,DHL,Mumbai,Delhi,11950,9,,,
SHP00210,WH3,UPS,Chennai,Bangalore,1749,4,,,
SHP00211,WH4,UPS,Chennai,Bangalore,5040,8,,,
SHP00212,WH3,DHL,Chennai,Bangalore,3123,4,,,
SHP00213,WH2,FedEx,Chennai,Bangalore,3019,6,,,
SHP00214,WH4,BlueDart,Pune,Hyderabad,15234,6,,,
SHP00215,WH7,DHL,Pune,Hyderabad,10121,8,,,
SHP00216,WH6,DHL,Pune,Hyderabad,1383,7,,,
SHP00217,WH2,FedEx,Pune,Hyderabad,13121,3,,,
SHP00218,WH1,BlueDart,Pune,Hyderabad,10087,1,,,
SHP00219,WH7,FedEx,Chennai,Bangalore,17454,9,,,
SHP00220,WH8,BlueDart,Mumbai,Delhi,13541,8,,,
SHP00221,WH7,FedEx,Chennai,Bangalore,17966,8,,,
SHP00222,WH3,UPS,Chennai,Bangalore,1235,6,,,
SHP00223,WH5,FedEx,Pune,Hyderabad,10274,2,,,
SHP00224,WH8,BlueDart,Chennai,Bangalore,19719,2,,,
SHP00225,WH8,DHL,Pune,Hyderabad,6209,8,,,
SHP00226,WH6,BlueDart,Pune,Hyderabad,2485,6,,,
SHP00227,WH3,UPS,Pune,Hyderabad,8886,1,,,
SHP00228,WH5,DHL,Mumbai,Delhi,12133,1,,,
SHP00229,WH4,UPS,Chennai,Bangalore,4006,4,,,
SHP00230,WH3,BlueDart,Chennai,Bangalore,5240,7,,,
SHP00231,WH6,BlueDart,Chennai,Bangalore,18720,8,,,
SHP00232,WH5,UPS,Chennai,Bangalore,7545,4,,,
SHP00233,WH4,UPS,Chennai,Bangalore,6465,6,,,
SHP00234,WH8,UPS,Pune,Hyderabad,17997,6,,,
SHP00235,WH3,UPS,Pune,Hyderabad,8940,1,,,
SHP00236,WH2,DHL,Mumbai,Delhi,10316,4,,,
SHP00237,WH7,DHL,Pune,Hyderabad,4281,3,,,
SHP00238,WH6,BlueDart,Mumbai,Delhi,12574,6,,,
SHP00239,WH4,BlueDart,Pune,Hyderabad,11407,3,,,
SHP00240,WH6,BlueDart,Chennai,Bangalore,13889,7,,,
SHP00241,WH6,FedEx,Mumbai,Delhi,7889,3,,,
SHP00242,WH7,DHL,Pune,Hyderabad,4776,9,,,
SHP00243,WH1,DHL,Mumbai,Delhi,7480,4,,,
SHP00244,WH7,DHL,Mumbai,Delhi,5937,5,,,
SHP00245,WH4,FedEx,Chennai,Bangalore,18701,8,,,
SHP00246,WH1,DHL,Chennai,Bangalore,6762,9,,,
SHP00247,WH2,DHL,Mumbai,Delhi,4856,2,,,
SHP00248,WH5,UPS,Pune,Hyderabad,9964,3,,,
SHP00249,WH1,UPS,Pune,Hyderabad,8421,9,,,
SHP00250,WH5,BlueDart,Mumbai,Delhi,3269,7,,,
SHP00251,WH8,BlueDart,Pune,Hyderabad,15124,2,,,
SHP00252,WH1,DHL,Mumbai,Delhi,12311,5,,,
SHP00253,WH7,UPS,Chennai,Bangalore,1059,4,,,
SHP00254,WH8,BlueDart,Pune,Hyderabad,5216,1,,,
SHP00255,WH4,FedEx,Mumbai,Delhi,16824,8,,,
SHP00256,WH3,DHL,Mumbai,Delhi,14700,1,,,
SHP00257,WH8,UPS,Pune,Hyderabad,6701,9,,,
SHP00258,WH3,UPS,Mumbai,Delhi,14078,4,,,
SHP00259,WH2,FedEx,Mumbai,Delhi,1912,4,,,
SHP00260,WH7,DHL,Pune,Hyderabad,14158,1,,,
SHP00261,WH1,FedEx,Mumbai,Delhi,18003,3,,,
SHP00262,WH4,BlueDart,Pune,Hyderabad,12428,3,,,
SHP00263,WH7,DHL,Mumbai,Delhi,17011,8,,,
SHP00264,WH6,DHL,Mumbai,Delhi,3948,7,,,
SHP00265,WH5,FedEx,Mumbai,Delhi,5546,6,,,
SHP00266,WH2,BlueDart,Mumbai,Delhi,7886,6,,,
SHP00267,WH6,FedEx,Mumbai,Delhi,5098,8,,,
SHP00268,WH6,BlueDart,Pune,Hyderabad,6764,4,,,
SHP00269,WH3,FedEx,Mumbai,Delhi,18001,4,,,
SHP00270,WH2,FedEx,Pune,Hyderabad,5131,4,,,
SHP00271,WH8,BlueDart,Chennai,Bangalore,1376,5,,,
SHP00272,WH4,DHL,Pune,Hyderabad,13879,6,,,
SHP00273,WH8,DHL,Chennai,Bangalore,15108,3,,,
SHP00274,WH5,UPS,Mumbai,Delhi,17745,6,,,
SHP00275,WH4,UPS,Pune,Hyderabad,3929,5,,,
SHP00276,WH3,DHL,Pune,Hyderabad,8599,6,,,
SHP00277,WH8,DHL,Chennai,Bangalore,1368,6,,,
SHP00278,WH5,BlueDart,Chennai,Bangalore,3629,1,,,
SHP00279,WH2,UPS,Chennai,Bangalore,8241,2,,,
SHP00280,WH2,DHL,Chennai,Bangalore,3577,2,,,
SHP00281,WH6,DHL,Mumbai,Delhi,7207,5,,,
SHP00282,WH5,UPS,Chennai,Bangalore,12120,3,,,
SHP00283,WH1,UPS,Pune,Hyderabad,18428,1,,,
SHP00284,WH4,FedEx,Pune,Hyderabad,6423,5,,,
SHP00285,WH3,BlueDart,Chennai,Bangalore,17149,6,,,
SHP00286,WH5,FedEx,Chennai,Bangalore,14856,2,,,
SHP00287,WH8,BlueDart,Mumbai,Delhi,8545,8,,,
SHP00288,WH1,DHL,Pune,Hyderabad,8166,5,,,
SHP00289,WH8,BlueDart,Chennai,Bangalore,3501,3,,,
SHP00290,WH1,DHL,Mumbai,Delhi,7675,2,,,
SHP00291,WH5,UPS,Chennai,Bangalore,5442,6,,,
SHP00292,WH8,BlueDart,Mumbai,Delhi,14311,1,,,
SHP00293,WH5,DHL,Mumbai,Delhi,1378,8,,,
SHP00294,WH6,BlueDart,Mumbai,Delhi,10866,5,,,
SHP00295,WH1,BlueDart,Pune,Hyderabad,7520,1,,,
SHP00296,WH7,DHL,Mumbai,Delhi,14783,9,,,
SHP00297,WH8,UPS,Chennai,Bangalore,14544,7,,,
SHP00298,WH6,DHL,Mumbai,Delhi,14587,1,,,
SHP00299,WH5,BlueDart,Mumbai,Delhi,10430,7,,,
SHP00300,WH3,UPS,Mumbai,Delhi,1068,3,,,
SHP00301,WH8,UPS,Mumbai,Delhi,19288,2,,,
SHP00302,WH5,FedEx,Mumbai,Delhi,12742,6,,,
SHP00303,WH4,BlueDart,Chennai,Bangalore,13530,3,,,
SHP00304,WH2,BlueDart,Pune,Hyderabad,4958,9,,,
SHP00305,WH6,FedEx,Pune,Hyderabad,14630,3,,,
SHP00306,WH3,BlueDart,Mumbai,Delhi,14150,9,,,
SHP00307,WH5,FedEx,Mumbai,Delhi,2356,4,,,
SHP00308,WH8,UPS,Mumbai,Delhi,1299,4,,,
SHP00309,WH5,UPS,Chennai,Bangalore,15463,2,,,
SHP00310,WH2,UPS,Pune,Hyderabad,19549,9,,,
SHP00311,WH1,BlueDart,Pune,Hyderabad,12344,5,,,
SHP00312,WH8,UPS,Mumbai,Delhi,4183,1,,,
SHP00313,WH5,FedEx,Pune,Hyderabad,11613,9,,,
SHP00314,WH1,UPS,Mumbai,Delhi,10665,9,,,
SHP00315,WH5,UPS,Pune,Hyderabad,2359,9,,,
SHP00316,WH2,UPS,Mumbai,Delhi,15869,2,,,
SHP00317,WH3,BlueDart,Mumbai,Delhi,18192,6,,,
SHP00318,WH2,BlueDart,Chennai,Bangalore,12125,4,,,
SHP00319,WH7,UPS,Chennai,Bangalore,1098,1,,,
SHP00320,WH2,DHL,Pune,Hyderabad,11968,8,,,
SHP00321,WH8,UPS,Mumbai,Delhi,9729,7,,,
SHP00322,WH1,UPS,Mumbai,Delhi,18515,8,,,
SHP00323,WH5,UPS,Chennai,Bangalore,3805,8,,,
SHP00324,WH2,DHL,Pune,Hyderabad,4031,3,,,
SHP00325,WH5,DHL,Pune,Hyderabad,6802,7,,,
SHP00326,WH7,UPS,Pune,Hyderabad,17743,9,,,
SHP00327,WH5,FedEx,Pune,Hyderabad,3116,2,,,
SHP00328,WH5,BlueDart,Chennai,Bangalore,10945,3,,,
SHP00329,WH7,DHL,Mumbai,Delhi,9001,4,,,
SHP00330,WH2,UPS,Chennai,Bangalore,2720,6,,,
SHP00331,WH8,BlueDart,Mumbai,Delhi,12126,9,,,
SHP00332,WH6,DHL,Chennai,Bangalore,8522,9,,,
SHP00333,WH5,FedEx,Mumbai,Delhi,8836,9,,,
SHP00334,WH3,BlueDart,Mumbai,Delhi,17181,6,,,
SHP00335,WH7,BlueDart,Chennai,Bangalore,19808,6,,,
SHP00336,WH6,FedEx,Mumbai,Delhi,5509,8,,,
SHP00337,WH3,BlueDart,Chennai,Bangalore,7479,5,,,
SHP00338,WH6,DHL,Chennai,Bangalore,13837,1,,,
SHP00339,WH1,BlueDart,Pune,Hyderabad,6684,1,,,
SHP00340,WH7,FedEx,Chennai,Bangalore,8021,9,,,
SHP00341,WH3,DHL,Chennai,Bangalore,8795,5,,,
SHP00342,WH6,BlueDart,Mumbai,Delhi,11580,2,,,
SHP00343,WH7,BlueDart,Mumbai,Delhi,4482,9,,,
SHP00344,WH2,UPS,Mumbai,Delhi,3294,5,,,
SHP00345,WH3,DHL,Pune,Hyderabad,19291,7,,,
SHP00346,WH7,BlueDart,Chennai,Bangalore,17766,3,,,
SHP00347,WH2,DHL,Pune,Hyderabad,4191,3,,,
SHP00348,WH1,DHL,Mumbai,Delhi,13086,6,,,
SHP00349,WH4,UPS,Chennai,Bangalore,12998,1,,,
SHP00350,WH7,BlueDart,Pune,Hyderabad,11841,6,,,
SHP00351,WH3,UPS,Chennai,Bangalore,13099,5,,,
SHP00352,WH6,UPS,Chennai,Bangalore,16823,2,,,
SHP00353,WH7,UPS,Pune,Hyderabad,7459,8,,,
SHP00354,WH8,DHL,Pune,Hyderabad,14174,8,,,
SHP00355,WH1,DHL,Pune,Hyderabad,11338,9,,,
SHP00356,WH5,FedEx,Pune,Hyderabad,12167,3,,,
SHP00357,WH3,FedEx,Pune,Hyderabad,11860,9,,,
SHP00358,WH3,FedEx,Chennai,Bangalore,7857,9,,,
SHP00359,WH6,BlueDart,Chennai,Bangalore,18733,2,,,
SHP00360,WH8,DHL,Chennai,Bangalore,9534,2,,,
SHP00361,WH3,DHL,Mumbai,Delhi,15489,5,,,
SHP00362,WH2,DHL,Chennai,Bangalore,15340,6,,,
SHP00363,WH6,DHL,Chennai,Bangalore,18047,1,,,
SHP00364,WH4,DHL,Mumbai,Delhi,18357,1,,,
SHP00365,WH1,UPS,Pune,Hyderabad,6121,6,,,
SHP00366,WH7,DHL,Mumbai,Delhi,15893,6,,,
SHP00367,WH5,BlueDart,Mumbai,Delhi,4225,6,,,
SHP00368,WH1,BlueDart,Mumbai,Delhi,10322,8,,,
SHP00369,WH7,UPS,Mumbai,Delhi,3842,3,,,
SHP00370,WH4,UPS,Mumbai,Delhi,2908,2,,,
SHP00371,WH8,UPS,Chennai,Bangalore,16207,4,,,
SHP00372,WH2,DHL,Pune,Hyderabad,4829,9,,,
SHP00373,WH6,UPS,Chennai,Bangalore,6373,1,,,
SHP00374,WH2,UPS,Chennai,Bangalore,10613,6,,,
SHP00375,WH3,DHL,Chennai,Bangalore,6067,8,,,
SHP00376,WH5,FedEx,Pune,Hyderabad,1902,2,,,
SHP00377,WH7,DHL,Mumbai,Delhi,18871,4,,,
SHP00378,WH6,UPS,Chennai,Bangalore,16250,4,,,
SHP00379,WH1,BlueDart,Mumbai,Delhi,9440,4,,,
SHP00380,WH2,UPS,Mumbai,Delhi,15265,2,,,
SHP00381,WH8,FedEx,Chennai,Bangalore,16013,7,,,
SHP00382,WH5,DHL,Mumbai,Delhi,12113,6,,,
SHP00383,WH3,BlueDart,Pune,Hyderabad,14101,8,,,
SHP00384,WH5,FedEx,Chennai,Bangalore,4152,9,,,
SHP00385,WH6,FedEx,Chennai,Bangalore,15501,3,,,
SHP00386,WH6,FedEx,Pune,Hyderabad,16581,4,,,
SHP00387,WH5,UPS,Mumbai,Delhi,3042,6,,,
SHP00388,WH8,FedEx,Mumbai,Delhi,18700,3,,,
SHP00389,WH2,UPS,Pune,Hyderabad,3687,3,,,
SHP00390,WH4,DHL,Chennai,Bangalore,3587,9,,,
SHP00391,WH2,UPS,Chennai,Bangalore,13525,3,,,
SHP00392,WH5,UPS,Pune,Hyderabad,9705,8,,,
SHP00393,WH3,FedEx,Chennai,Bangalore,3487,3,,,
SHP00394,WH5,DHL,Chennai,Bangalore,3106,2,,,
SHP00395,WH7,FedEx,Mumbai,Delhi,10563,3,,,
SHP00396,WH1,FedEx,Mumbai,Delhi,10375,6,,,
SHP00397,WH6,BlueDart,Mumbai,Delhi,4890,3,,,
SHP00398,WH6,FedEx,Chennai,Bangalore,9443,3,,,
SHP00399,WH3,FedEx,Chennai,Bangalore,4843,3,,,
SHP00400,WH7,DHL,Mumbai,Delhi,3514,8,,,
SHP00401,WH8,BlueDart,Mumbai,Delhi,14260,9,,,
SHP00402,WH5,BlueDart,Chennai,Bangalore,14475,5,,,
SHP00403,WH5,BlueDart,Chennai,Bangalore,13630,3,,,
SHP00404,WH6,BlueDart,Mumbai,Delhi,4087,6,,,
SHP00405,WH5,UPS,Mumbai,Delhi,3517,1,,,
SHP00406,WH6,BlueDart,Chennai,Bangalore,9200,4,,,
SHP00407,WH1,UPS,Mumbai,Delhi,7356,2,,,
SHP00408,WH5,BlueDart,Mumbai,Delhi,17761,7,,,
SHP00409,WH3,FedEx,Chennai,Bangalore,18073,5,,,
SHP00410,WH7,BlueDart,Mumbai,Delhi,18408,1,,,
SHP00411,WH2,DHL,Mumbai,Delhi,10862,1,,,
SHP00412,WH3,UPS,Pune,Hyderabad,5909,7,,,
SHP00413,WH6,FedEx,Chennai,Bangalore,10617,6,,,
SHP00414,WH6,FedEx,Pune,Hyderabad,12589,4,,,
SHP00415,WH4,UPS,Mumbai,Delhi,10879,6,,,
SHP00416,WH4,BlueDart,Chennai,Bangalore,14849,2,,,
SHP00417,WH3,BlueDart,Pune,Hyderabad,8943,3,,,
SHP00418,WH6,BlueDart,Chennai,Bangalore,9231,5,,,
SHP00419,WH6,UPS,Chennai,Bangalore,18606,5,,,
SHP00420,WH5,BlueDart,Pune,Hyderabad,6409,3,,,
SHP00421,WH4,DHL,Mumbai,Delhi,6469,4,,,
SHP00422,WH1,BlueDart,Mumbai,Delhi,3290,6,,,
SHP00423,WH5,DHL,Chennai,Bangalore,6459,7,,,
SHP00424,WH5,FedEx,Chennai,Bangalore,6019,8,,,
SHP00425,WH4,UPS,Chennai,Bangalore,4736,2,,,
SHP00426,WH5,BlueDart,Mumbai,Delhi,3534,9,,,
SHP00427,WH5,FedEx,Chennai,Bangalore,1151,9,,,
SHP00428,WH4,BlueDart,Mumbai,Delhi,5636,2,,,
SHP00429,WH5,BlueDart,Mumbai,Delhi,19443,7,,,
SHP00430,WH8,DHL,Mumbai,Delhi,5615,1,,,
SHP00431,WH6,BlueDart,Chennai,Bangalore,10138,6,,,
SHP00432,WH8,DHL,Mumbai,Delhi,7639,3,,,
SHP00433,WH4,UPS,Mumbai,Delhi,2153,6,,,
SHP00434,WH7,UPS,Chennai,Bangalore,5213,3,,,
SHP00435,WH5,FedEx,Mumbai,Delhi,16085,7,,,
SHP00436,WH5,FedEx,Mumbai,Delhi,16535,5,,,
SHP00437,WH1,FedEx,Mumbai,Delhi,12806,1,,,
SHP00438,WH5,DHL,Mumbai,Delhi,19736,1,,,
SHP00439,WH8,DHL,Chennai,Bangalore,12984,7,,,
SHP00440,WH8,UPS,Pune,Hyderabad,3165,9,,,
SHP00441,WH4,DHL,Pune,Hyderabad,10717,3,,,
SHP00442,WH2,DHL,Pune,Hyderabad,19562,3,,,
SHP00443,WH4,BlueDart,Mumbai,Delhi,13056,6,,,
SHP00444,WH2,DHL,Mumbai,Delhi,15460,3,,,
SHP00445,WH3,UPS,Chennai,Bangalore,16639,3,,,
SHP00446,WH5,UPS,Pune,Hyderabad,1551,3,,,
SHP00447,WH1,BlueDart,Chennai,Bangalore,4586,7,,,
SHP00448,WH4,DHL,Chennai,Bangalore,18888,3,,,
SHP00449,WH3,DHL,Pune,Hyderabad,18021,6,,,
SHP00450,WH7,UPS,Mumbai,Delhi,2680,2,,,
SHP00451,WH2,FedEx,Pune,Hyderabad,5264,9,,,
SHP00452,WH4,FedEx,Pune,Hyderabad,17691,8,,,
SHP00453,WH7,BlueDart,Chennai,Bangalore,11883,9,,,
SHP00454,WH7,BlueDart,Mumbai,Delhi,7520,7,,,
SHP00455,WH7,UPS,Pune,Hyderabad,11385,3,,,
SHP00456,WH6,FedEx,Mumbai,Delhi,19383,3,,,
SHP00457,WH2,UPS,Chennai,Bangalore,7696,1,,,
SHP00458,WH7,FedEx,Mumbai,Delhi,17708,5,,,
SHP00459,WH5,UPS,Mumbai,Delhi,8938,7,,,
SHP00460,WH6,DHL,Pune,Hyderabad,14611,1,,,
SHP00461,WH7,DHL,Chennai,Bangalore,7331,4,,,
SHP00462,WH2,BlueDart,Chennai,Bangalore,10772,2,,,
SHP00463,WH4,UPS,Mumbai,Delhi,5103,4,,,
SHP00464,WH7,FedEx,Mumbai,Delhi,1562,9,,,
SHP00465,WH5,BlueDart,Mumbai,Delhi,18335,6,,,
SHP00466,WH2,DHL,Pune,Hyderabad,7978,7,,,
SHP00467,WH4,UPS,Pune,Hyderabad,11711,8,,,
SHP00468,WH4,DHL,Pune,Hyderabad,15743,2,,,
SHP00469,WH5,BlueDart,Pune,Hyderabad,6270,1,,,
SHP00470,WH5,UPS,Pune,Hyderabad,4349,5,,,
SHP00471,WH8,UPS,Chennai,Bangalore,13097,1,,,
SHP00472,WH5,FedEx,Pune,Hyderabad,11764,1,,,
SHP00473,WH6,UPS,Chennai,Bangalore,17664,5,,,
SHP00474,WH3,BlueDart,Mumbai,Delhi,10173,7,,,
SHP00475,WH4,UPS,Chennai,Bangalore,12322,3,,,
SHP00476,WH4,DHL,Pune,Hyderabad,16027,6,,,
SHP00477,WH2,DHL,Mumbai,Delhi,3344,9,,,
SHP00478,WH6,DHL,Pune,Hyderabad,11663,5,,,
SHP00479,WH5,DHL,Pune,Hyderabad,10213,8,,,
SHP00480,WH4,UPS,Mumbai,Delhi,10221,6,,,
SHP00481,WH3,DHL,Pune,Hyderabad,3533,3,,,
SHP00482,WH2,BlueDart,Pune,Hyderabad,3783,6,,,
SHP00483,WH4,BlueDart,Pune,Hyderabad,8512,9,,,
SHP00484,WH6,BlueDart,Chennai,Bangalore,3958,4,,,
SHP00485,WH3,UPS,Chennai,Bangalore,4168,1,,,
SHP00486,WH2,FedEx,Chennai,Bangalore,6163,9,,,
SHP00487,WH6,DHL,Pune,Hyderabad,16985,8,,,
SHP00488,WH6,FedEx,Chennai,Bangalore,11939,5,,,
SHP00489,WH2,FedEx,Pune,Hyderabad,13022,8,,,
SHP00490,WH7,FedEx,Pune,Hyderabad,10952,9,,,
SHP00491,WH4,DHL,Pune,Hyderabad,14355,3,,,
SHP00492,WH4,UPS,Chennai,Bangalore,2486,1,,,
SHP00493,WH8,BlueDart,Pune,Hyderabad,1702,6,,,
SHP00494,WH6,UPS,Pune,Hyderabad,13557,2,,,
SHP00495,WH4,BlueDart,Mumbai,Delhi,15035,8,,,
SHP00496,WH5,BlueDart,Pune,Hyderabad,11972,1,,,
SHP00497,WH8,BlueDart,Pune,Hyderabad,17642,5,,,
SHP00498,WH1,BlueDart,Pune,Hyderabad,3046,4,,,
SHP00499,WH3,UPS,Chennai,Bangalore,2944,9,,,
SHP00500,WH3,BlueDart,Chennai,Bangalore,17415,6,,,
SHP00501,WH8,BlueDart,Pune,Hyderabad,1364,2,,,
SHP00502,WH5,UPS,Pune,Hyderabad,2995,2,,,
SHP00503,WH8,FedEx,Chennai,Bangalore,4271,5,,,
SHP00504,WH6,BlueDart,Mumbai,Delhi,1553,2,,,
SHP00505,WH4,DHL,Chennai,Bangalore,10857,9,,,
SHP00506,WH8,FedEx,Chennai,Bangalore,18925,4,,,
SHP00507,WH2,UPS,Mumbai,Delhi,14428,8,,,
SHP00508,WH5,FedEx,Mumbai,Delhi,12545,3,,,
SHP00509,WH5,DHL,Chennai,Bangalore,15317,5,,,
SHP00510,WH8,BlueDart,Chennai,Bangalore,15940,8,,,
SHP00511,WH3,FedEx,Mumbai,Delhi,1297,3,,,
SHP00512,WH7,UPS,Pune,Hyderabad,19337,8,,,
SHP00513,WH8,UPS,Chennai,Bangalore,10336,8,,,
SHP00514,WH8,DHL,Mumbai,Delhi,4134,6,,,
SHP00515,WH4,BlueDart,Chennai,Bangalore,15170,6,,,
SHP00516,WH6,UPS,Chennai,Bangalore,9163,2,,,
SHP00517,WH2,UPS,Chennai,Bangalore,8678,5,,,
SHP00518,WH8,BlueDart,Pune,Hyderabad,2539,7,,,
SHP00519,WH7,UPS,Pune,Hyderabad,14365,5,,,
SHP00520,WH3,UPS,Pune,Hyderabad,11727,2,,,
SHP00521,WH8,UPS,Pune,Hyderabad,14933,9,,,
SHP00522,WH3,BlueDart,Pune,Hyderabad,11056,9,,,
SHP00523,WH6,FedEx,Chennai,Bangalore,17582,2,,,
SHP00524,WH2,UPS,Pune,Hyderabad,8903,3,,,
SHP00525,WH5,UPS,Mumbai,Delhi,4024,1,,,
SHP00526,WH4,FedEx,Pune,Hyderabad,18473,7,,,
SHP00527,WH8,UPS,Pune,Hyderabad,2473,5,,,
SHP00528,WH1,FedEx,Chennai,Bangalore,1283,8,,,
SHP00529,WH1,BlueDart,Chennai,Bangalore,1482,1,,,
SHP00530,WH4,BlueDart,Pune,Hyderabad,15819,9,,,
SHP00531,WH6,UPS,Pune,Hyderabad,4606,3,,,
SHP00532,WH7,UPS,Mumbai,Delhi,1217,1,,,
SHP00533,WH3,DHL,Chennai,Bangalore,7990,6,,,
SHP00534,WH6,BlueDart,Pune,Hyderabad,18834,9,,,
SHP00535,WH1,UPS,Chennai,Bangalore,19529,1,,,
SHP00536,WH8,BlueDart,Pune,Hyderabad,17268,7,,,
SHP00537,WH8,DHL,Mumbai,Delhi,3246,3,,,
SHP00538,WH1,BlueDart,Mumbai,Delhi,15726,4,,,
SHP00539,WH6,UPS,Chennai,Bangalore,17935,4,,,
SHP00540,WH8,BlueDart,Mumbai,Delhi,16346,1,,,
SHP00541,WH2,BlueDart,Pune,Hyderabad,17217,7,,,
SHP00542,WH6,UPS,Chennai,Bangalore,6029,6,,,
SHP00543,WH6,DHL,Mumbai,Delhi,19210,2,,,
SHP00544,WH2,UPS,Mumbai,Delhi,17172,3,,,
SHP00545,WH8,BlueDart,Pune,Hyderabad,8555,2,,,
SHP00546,WH3,FedEx,Pune,Hyderabad,3895,7,,,
SHP00547,WH5,DHL,Mumbai,Delhi,10393,4,,,
SHP00548,WH8,UPS,Chennai,Bangalore,11215,7,,,
SHP00549,WH4,UPS,Pune,Hyderabad,3647,5,,,
SHP00550,WH8,FedEx,Chennai,Bangalore,5755,5,,,
SHP00551,WH5,BlueDart,Chennai,Bangalore,7407,1,,,
SHP00552,WH6,DHL,Mumbai,Delhi,5725,2,,,
SHP00553,WH7,FedEx,Pune,Hyderabad,11311,1,,,
SHP00554,WH5,UPS,Pune,Hyderabad,10620,4,,,
SHP00555,WH8,DHL,Chennai,Bangalore,1002,1,,,
SHP00556,WH3,UPS,Mumbai,Delhi,15871,2,,,
SHP00557,WH5,DHL,Mumbai,Delhi,5171,7,,,
SHP00558,WH1,FedEx,Pune,Hyderabad,10019,5,,,
SHP00559,WH5,BlueDart,Mumbai,Delhi,18100,3,,,
SHP00560,WH4,UPS,Chennai,Bangalore,6055,9,,,
SHP00561,WH2,DHL,Chennai,Bangalore,13108,2,,,
SHP00562,WH1,DHL,Mumbai,Delhi,3223,1,,,
SHP00563,WH5,BlueDart,Pune,Hyderabad,13335,5,,,
SHP00564,WH2,DHL,Mumbai,Delhi,3803,4,,,
SHP00565,WH4,DHL,Mumbai,Delhi,1741,5,,,
SHP00566,WH5,FedEx,Chennai,Bangalore,17132,9,,,
SHP00567,WH6,DHL,Pune,Hyderabad,9154,2,,,
SHP00568,WH1,FedEx,Pune,Hyderabad,19804,9,,,
SHP00569,WH3,UPS,Chennai,Bangalore,2097,8,,,
SHP00570,WH4,DHL,Chennai,Bangalore,10148,3,,,
SHP00571,WH7,FedEx,Mumbai,Delhi,11230,5,,,
SHP00572,WH1,BlueDart,Chennai,Bangalore,14799,9,,,
SHP00573,WH5,BlueDart,Mumbai,Delhi,13647,5,,,
SHP00574,WH3,BlueDart,Chennai,Bangalore,7966,1,,,
SHP00575,WH1,FedEx,Pune,Hyderabad,10603,8,,,
SHP00576,WH7,BlueDart,Chennai,Bangalore,8753,9,,,
SHP00577,WH8,DHL,Chennai,Bangalore,19880,2,,,
SHP00578,WH2,FedEx,Chennai,Bangalore,19242,7,,,
SHP00579,WH1,UPS,Chennai,Bangalore,5564,3,,,
SHP00580,WH2,UPS,Pune,Hyderabad,11919,2,,,
SHP00581,WH4,UPS,Chennai,Bangalore,12146,2,,,
SHP00582,WH7,FedEx,Pune,Hyderabad,1353,2,,,
SHP00583,WH2,FedEx,Mumbai,Delhi,12876,1,,,
SHP00584,WH3,DHL,Pune,Hyderabad,12461,7,,,
SHP00585,WH1,UPS,Chennai,Bangalore,13051,2,,,
SHP00586,WH4,UPS,Mumbai,Delhi,1275,9,,,
SHP00587,WH4,BlueDart,Chennai,Bangalore,14223,8,,,
SHP00588,WH1,DHL,Pune,Hyderabad,17390,7,,,
SHP00589,WH5,DHL,Pune,Hyderabad,1303,5,,,
SHP00590,WH4,FedEx,Chennai,Bangalore,9220,6,,,
SHP00591,WH8,FedEx,Chennai,Bangalore,1046,6,,,
SHP00592,WH4,BlueDart,Mumbai,Delhi,9193,8,,,
SHP00593,WH5,UPS,Pune,Hyderabad,6763,3,,,
SHP00594,WH8,BlueDart,Mumbai,Delhi,4920,4,,,
SHP00595,WH5,FedEx,Pune,Hyderabad,1182,1,,,
SHP00596,WH5,UPS,Chennai,Bangalore,7210,8,,,
SHP00597,WH2,UPS,Mumbai,Delhi,19216,9,,,
SHP00598,WH4,UPS,Chennai,Bangalore,11393,9,,,
SHP00599,WH3,BlueDart,Chennai,Bangalore,6354,7,,,
SHP00600,WH7,BlueDart,Mumbai,Delhi,10774,3,,,
SHP00601,WH4,FedEx,Chennai,Bangalore,14531,2,,,
SHP00602,WH5,BlueDart,Pune,Hyderabad,4990,8,,,
SHP00603,WH7,FedEx,Pune,Hyderabad,14726,2,,,
SHP00604,WH2,FedEx,Mumbai,Delhi,15151,9,,,
SHP00605,WH5,DHL,Mumbai,Delhi,1680,1,,,
SHP00606,WH5,DHL,Pune,Hyderabad,1740,8,,,
SHP00607,WH4,UPS,Pune,Hyderabad,1391,8,,,
SHP00608,WH8,UPS,Pune,Hyderabad,9830,5,,,
SHP00609,WH1,UPS,Chennai,Bangalore,5812,9,,,
SHP00610,WH1,DHL,Chennai,Bangalore,8830,1,,,
SHP00611,WH3,BlueDart,Mumbai,Delhi,2399,2,,,
SHP00612,WH1,FedEx,Pune,Hyderabad,18586,4,,,
SHP00613,WH7,UPS,Chennai,Bangalore,6720,6,,,
SHP00614,WH5,UPS,Mumbai,Delhi,2704,1,,,
SHP00615,WH6,UPS,Mumbai,Delhi,19586,5,,,
SHP00616,WH4,FedEx,Pune,Hyderabad,6550,5,,,
SHP00617,WH7,FedEx,Chennai,Bangalore,19543,3,,,
SHP00618,WH7,BlueDart,Chennai,Bangalore,4331,6,,,
SHP00619,WH1,BlueDart,Chennai,Bangalore,19595,2,,,
SHP00620,WH2,UPS,Chennai,Bangalore,8317,1,,,
SHP00621,WH3,FedEx,Chennai,Bangalore,7870,1,,,
SHP00622,WH2,UPS,Pune,Hyderabad,14849,8,,,
SHP00623,WH6,UPS,Pune,Hyderabad,9202,9,,,
SHP00624,WH3,FedEx,Chennai,Bangalore,18364,1,,,
SHP00625,WH6,DHL,Mumbai,Delhi,8729,5,,,
SHP00626,WH5,DHL,Pune,Hyderabad,16811,5,,,
SHP00627,WH4,BlueDart,Chennai,Bangalore,8596,2,,,
SHP00628,WH7,UPS,Chennai,Bangalore,10180,4,,,
SHP00629,WH1,FedEx,Chennai,Bangalore,12180,9,,,
SHP00630,WH1,BlueDart,Chennai,Bangalore,11085,5,,,
SHP00631,WH4,UPS,Mumbai,Delhi,19861,9,,,
SHP00632,WH4,FedEx,Pune,Hyderabad,12424,3,,,
SHP00633,WH1,UPS,Pune,Hyderabad,6361,6,,,
SHP00634,WH2,UPS,Mumbai,Delhi,4943,1,,,
SHP00635,WH8,BlueDart,Pune,Hyderabad,10338,9,,,
SHP00636,WH5,UPS,Pune,Hyderabad,4598,2,,,
SHP00637,WH8,UPS,Pune,Hyderabad,14767,1,,,
SHP00638,WH1,DHL,Mumbai,Delhi,7424,7,,,
SHP00639,WH4,DHL,Chennai,Bangalore,15336,2,,,
SHP00640,WH1,DHL,Chennai,Bangalore,5287,6,,,
SHP00641,WH6,UPS,Mumbai,Delhi,3761,6,,,
SHP00642,WH6,FedEx,Pune,Hyderabad,11477,4,,,
SHP00643,WH4,FedEx,Pune,Hyderabad,13471,5,,,
SHP00644,WH2,DHL,Chennai,Bangalore,1845,5,,,
SHP00645,WH6,BlueDart,Mumbai,Delhi,17519,6,,,
SHP00646,WH2,UPS,Chennai,Bangalore,17473,7,,,
SHP00647,WH1,UPS,Chennai,Bangalore,7593,3,,,
SHP00648,WH2,BlueDart,Mumbai,Delhi,15315,4,,,
SHP00649,WH1,FedEx,Mumbai,Delhi,16944,2,,,
SHP00650,WH8,DHL,Chennai,Bangalore,8423,2,,,
SHP00651,WH3,FedEx,Chennai,Bangalore,15632,2,,,
SHP00652,WH5,DHL,Pune,Hyderabad,8141,1,,,
SHP00653,WH6,BlueDart,Mumbai,Delhi,12734,2,,,
SHP00654,WH5,FedEx,Mumbai,Delhi,7004,8,,,
SHP00655,WH3,UPS,Chennai,Bangalore,11829,3,,,
SHP00656,WH8,BlueDart,Pune,Hyderabad,14113,3,,,
SHP00657,WH8,DHL,Mumbai,Delhi,13517,7,,,
SHP00658,WH2,UPS,Pune,Hyderabad,6083,8,,,
SHP00659,WH3,DHL,Mumbai,Delhi,17763,1,,,
SHP00660,WH5,DHL,Mumbai,Delhi,6555,6,,,
SHP00661,WH6,UPS,Mumbai,Delhi,2886,4,,,
SHP00662,WH3,FedEx,Mumbai,Delhi,9859,4,,,
SHP00663,WH6,DHL,Pune,Hyderabad,11733,2,,,
SHP00664,WH1,UPS,Pune,Hyderabad,16170,4,,,
SHP00665,WH6,DHL,Pune,Hyderabad,8204,1,,,
SHP00666,WH3,DHL,Pune,Hyderabad,4166,6,,,
SHP00667,WH4,UPS,Chennai,Bangalore,3111,5,,,
SHP00668,WH6,FedEx,Pune,Hyderabad,1463,4,,,
SHP00669,WH4,DHL,Chennai,Bangalore,18900,8,,,
SHP00670,WH1,DHL,Chennai,Bangalore,7071,1,,,
SHP00671,WH6,BlueDart,Chennai,Bangalore,2158,2,,,
SHP00672,WH3,BlueDart,Pune,Hyderabad,17748,1,,,
SHP00673,WH1,FedEx,Mumbai,Delhi,16034,8,,,
SHP00674,WH6,BlueDart,Chennai,Bangalore,11875,1,,,
SHP00675,WH2,FedEx,Pune,Hyderabad,4699,7,,,
SHP00676,WH8,DHL,Pune,Hyderabad,15282,6,,,
SHP00677,WH1,DHL,Mumbai,Delhi,13332,5,,,
SHP00678,WH6,UPS,Pune,Hyderabad,16289,2,,,
SHP00679,WH3,FedEx,Pune,Hyderabad,14944,1,,,
SHP00680,WH2,BlueDart,Pune,Hyderabad,1291,2,,,
SHP00681,WH7,UPS,Mumbai,Delhi,1923,3,,,
SHP00682,WH8,FedEx,Pune,Hyderabad,9954,5,,,
SHP00683,WH2,FedEx,Pune,Hyderabad,3389,2,,,
SHP00684,WH6,BlueDart,Pune,Hyderabad,2942,7,,,
SHP00685,WH7,BlueDart,Mumbai,Delhi,12620,4,,,
SHP00686,WH2,FedEx,Chennai,Bangalore,19347,2,,,
SHP00687,WH2,FedEx,Chennai,Bangalore,19228,1,,,
SHP00688,WH8,UPS,Pune,Hyderabad,15575,5,,,
SHP00689,WH8,DHL,Pune,Hyderabad,4222,4,,,
SHP00690,WH5,FedEx,Mumbai,Delhi,6168,7,,,
SHP00691,WH8,FedEx,Pune,Hyderabad,17178,2,,,
SHP00692,WH1,BlueDart,Mumbai,Delhi,9603,1,,,
SHP00693,WH7,FedEx,Pune,Hyderabad,11272,9,,,
SHP00694,WH6,DHL,Pune,Hyderabad,5436,2,,,
SHP00695,WH1,FedEx,Pune,Hyderabad,11569,7,,,
SHP00696,WH2,BlueDart,Chennai,Bangalore,17707,9,,,
SHP00697,WH4,DHL,Chennai,Bangalore,10864,8,,,
SHP00698,WH7,FedEx,Pune,Hyderabad,18629,4,,,
SHP00699,WH8,UPS,Chennai,Bangalore,14940,8,,,
SHP00700,WH8,UPS,Mumbai,Delhi,14533,2,,,
SHP00701,WH4,DHL,Chennai,Bangalore,16702,4,,,
SHP00702,WH5,BlueDart,Chennai,Bangalore,12730,6,,,
SHP00703,WH8,DHL,Mumbai,Delhi,15441,6,,,
SHP00704,WH6,UPS,Pune,Hyderabad,9544,2,,,
SHP00705,WH2,FedEx,Mumbai,Delhi,10368,2,,,
SHP00706,WH5,DHL,Mumbai,Delhi,4604,6,,,
SHP00707,WH7,DHL,Mumbai,Delhi,8425,6,,,
SHP00708,WH5,UPS,Chennai,Bangalore,7947,9,,,
SHP00709,WH7,DHL,Pune,Hyderabad,13682,5,,,
SHP00710,WH3,DHL,Chennai,Bangalore,15448,9,,,
SHP00711,WH3,BlueDart,Chennai,Bangalore,13243,9,,,
SHP00712,WH2,DHL,Mumbai,Delhi,7696,4,,,
SHP00713,WH6,BlueDart,Chennai,Bangalore,15086,8,,,
SHP00714,WH7,UPS,Chennai,Bangalore,14876,9,,,
SHP00715,WH3,BlueDart,Pune,Hyderabad,3037,9,,,
SHP00716,WH7,FedEx,Pune,Hyderabad,6962,3,,,
SHP00717,WH3,FedEx,Pune,Hyderabad,1318,1,,,
SHP00718,WH5,DHL,Mumbai,Delhi,15880,6,,,
SHP00719,WH8,DHL,Mumbai,Delhi,18927,6,,,
SHP00720,WH3,FedEx,Pune,Hyderabad,11556,4,,,
SHP00721,WH1,FedEx,Mumbai,Delhi,5895,9,,,
SHP00722,WH8,UPS,Mumbai,Delhi,1478,7,,,
SHP00723,WH3,BlueDart,Mumbai,Delhi,3500,3,,,
SHP00724,WH8,FedEx,Chennai,Bangalore,16245,2,,,
SHP00725,WH6,DHL,Mumbai,Delhi,5119,7,,,
SHP00726,WH5,BlueDart,Pune,Hyderabad,16583,2,,,
SHP00727,WH1,UPS,Pune,Hyderabad,11188,1,,,
SHP00728,WH8,FedEx,Chennai,Bangalore,15600,4,,,
SHP00729,WH1,DHL,Pune,Hyderabad,15576,2,,,
SHP00730,WH3,DHL,Mumbai,Delhi,12087,3,,,
SHP00731,WH5,DHL,Mumbai,Delhi,2258,6,,,
SHP00732,WH3,FedEx,Chennai,Bangalore,13780,6,,,
SHP00733,WH8,UPS,Chennai,Bangalore,8719,9,,,
SHP00734,WH5,UPS,Mumbai,Delhi,12992,7,,,
SHP00735,WH1,DHL,Pune,Hyderabad,19601,4,,,
SHP00736,WH4,UPS,Chennai,Bangalore,1268,4,,,
SHP00737,WH5,FedEx,Pune,Hyderabad,9123,4,,,
SHP00738,WH5,BlueDart,Chennai,Bangalore,2899,7,,,
SHP00739,WH4,FedEx,Mumbai,Delhi,11772,5,,,
SHP00740,WH2,DHL,Chennai,Bangalore,19766,9,,,
SHP00741,WH8,UPS,Mumbai,Delhi,6623,9,,,
SHP00742,WH4,FedEx,Pune,Hyderabad,7008,6,,,
SHP00743,WH1,UPS,Chennai,Bangalore,1978,7,,,
SHP00744,WH8,BlueDart,Chennai,Bangalore,8792,2,,,
SHP00745,WH4,DHL,Pune,Hyderabad,19799,9,,,
SHP00746,WH1,UPS,Pune,Hyderabad,19458,8,,,
SHP00747,WH3,DHL,Chennai,Bangalore,7203,5,,,
SHP00748,WH1,FedEx,Chennai,Bangalore,10583,8,,,
SHP00749,WH6,UPS,Pune,Hyderabad,6177,4,,,
SHP00750,WH8,FedEx,Chennai,Bangalore,10478,7,,,
SHP00751,WH1,UPS,Pune,Hyderabad,10803,7,,,
SHP00752,WH1,UPS,Chennai,Bangalore,16655,5,,,
SHP00753,WH2,BlueDart,Chennai,Bangalore,18301,2,,,
SHP00754,WH8,BlueDart,Chennai,Bangalore,13192,9,,,
SHP00755,WH4,DHL,Chennai,Bangalore,17971,8,,,
SHP00756,WH8,FedEx,Pune,Hyderabad,16678,4,,,
SHP00757,WH1,DHL,Pune,Hyderabad,5955,6,,,
SHP00758,WH7,BlueDart,Pune,Hyderabad,10063,3,,,
SHP00759,WH8,UPS,Chennai,Bangalore,16408,4,,,
SHP00760,WH3,DHL,Pune,Hyderabad,12551,3,,,
SHP00761,WH7,UPS,Chennai,Bangalore,15405,9,,,
SHP00762,WH8,DHL,Pune,Hyderabad,1288,8,,,
SHP00763,WH6,FedEx,Pune,Hyderabad,9274,4,,,
SHP00764,WH3,UPS,Chennai,Bangalore,7641,1,,,
SHP00765,WH1,DHL,Mumbai,Delhi,16073,7,,,
SHP00766,WH6,FedEx,Mumbai,Delhi,13445,4,,,
SHP00767,WH8,DHL,Mumbai,Delhi,9218,4,,,
SHP00768,WH2,BlueDart,Pune,Hyderabad,11521,3,,,
SHP00769,WH1,FedEx,Pune,Hyderabad,1823,7,,,
SHP00770,WH2,BlueDart,Mumbai,Delhi,15934,2,,,
SHP00771,WH8,DHL,Mumbai,Delhi,1698,3,,,
SHP00772,WH6,FedEx,Pune,Hyderabad,2691,7,,,
SHP00773,WH2,UPS,Mumbai,Delhi,8171,1,,,
SHP00774,WH2,DHL,Pune,Hyderabad,13692,3,,,
SHP00775,WH2,DHL,Chennai,Bangalore,3414,2,,,
SHP00776,WH2,FedEx,Mumbai,Delhi,16371,4,,,
SHP00777,WH6,BlueDart,Chennai,Bangalore,8936,6,,,
SHP00778,WH7,DHL,Pune,Hyderabad,17308,4,,,
SHP00779,WH7,BlueDart,Chennai,Bangalore,13171,3,,,
SHP00780,WH6,FedEx,Pune,Hyderabad,2750,2,,,
SHP00781,WH2,BlueDart,Mumbai,Delhi,6096,4,,,
SHP00782,WH3,FedEx,Chennai,Bangalore,8493,2,,,
SHP00783,WH1,DHL,Pune,Hyderabad,4058,6,,,
SHP00784,WH7,BlueDart,Mumbai,Delhi,10446,5,,,
SHP00785,WH6,BlueDart,Mumbai,Delhi,3229,4,,,
SHP00786,WH5,FedEx,Mumbai,Delhi,4611,3,,,
SHP00787,WH8,UPS,Pune,Hyderabad,5815,3,,,
SHP00788,WH5,UPS,Chennai,Bangalore,12380,2,,,
SHP00789,WH2,BlueDart,Chennai,Bangalore,9828,7,,,
SHP00790,WH7,UPS,Mumbai,Delhi,11579,9,,,
SHP00791,WH6,UPS,Pune,Hyderabad,18719,1,,,
SHP00792,WH6,DHL,Mumbai,Delhi,12068,9,,,
SHP00793,WH7,FedEx,Chennai,Bangalore,14079,8,,,
SHP00794,WH3,BlueDart,Pune,Hyderabad,15941,1,,,
SHP00795,WH7,DHL,Mumbai,Delhi,12609,1,,,
SHP00796,WH3,FedEx,Mumbai,Delhi,9473,6,,,
SHP00797,WH2,UPS,Pune,Hyderabad,3965,7,,,
SHP00798,WH3,BlueDart,Chennai,Bangalore,13711,9,,,
SHP00799,WH4,BlueDart,Chennai,Bangalore,7539,6,,,
SHP00800,WH4,FedEx,Pune,Hyderabad,7719,5,,,
SHP00801,WH4,UPS,Pune,Hyderabad,5317,2,,,
SHP00802,WH7,FedEx,Chennai,Bangalore,2169,7,,,
SHP00803,WH6,UPS,Chennai,Bangalore,17679,1,,,
SHP00804,WH7,UPS,Pune,Hyderabad,1290,4,,,
SHP00805,WH6,UPS,Pune,Hyderabad,5755,5,,,
SHP00806,WH6,UPS,Pune,Hyderabad,3492,6,,,
SHP00807,WH8,FedEx,Pune,Hyderabad,5028,1,,,
SHP00808,WH3,FedEx,Pune,Hyderabad,8149,9,,,
SHP00809,WH5,FedEx,Chennai,Bangalore,9311,9,,,
SHP00810,WH4,FedEx,Mumbai,Delhi,8332,4,,,
SHP00811,WH2,FedEx,Chennai,Bangalore,15630,1,,,
SHP00812,WH3,DHL,Chennai,Bangalore,4650,8,,,
SHP00813,WH7,UPS,Pune,Hyderabad,12377,8,,,
SHP00814,WH4,DHL,Pune,Hyderabad,15663,7,,,
SHP00815,WH3,UPS,Mumbai,Delhi,1564,3,,,
SHP00816,WH5,DHL,Pune,Hyderabad,4753,2,,,
SHP00817,WH8,UPS,Mumbai,Delhi,11523,7,,,
SHP00818,WH6,DHL,Chennai,Bangalore,12830,7,,,
SHP00819,WH5,BlueDart,Mumbai,Delhi,2616,5,,,
SHP00820,WH1,DHL,Pune,Hyderabad,9715,9,,,
SHP00821,WH3,FedEx,Mumbai,Delhi,4047,7,,,
SHP00822,WH4,DHL,Chennai,Bangalore,12514,8,,,
SHP00823,WH1,FedEx,Chennai,Bangalore,5005,6,,,
SHP00824,WH8,BlueDart,Chennai,Bangalore,7103,1,,,
SHP00825,WH5,UPS,Chennai,Bangalore,8545,9,,,
SHP00826,WH8,UPS,Pune,Hyderabad,1300,7,,,
SHP00827,WH1,DHL,Chennai,Bangalore,1106,8,,,
SHP00828,WH7,DHL,Pune,Hyderabad,10739,2,,,
SHP00829,WH3,BlueDart,Mumbai,Delhi,18479,7,,,
SHP00830,WH3,UPS,Pune,Hyderabad,18359,3,,,
SHP00831,WH5,FedEx,Chennai,Bangalore,18402,3,,,
SHP00832,WH3,FedEx,Pune,Hyderabad,8446,4,,,
SHP00833,WH1,DHL,Chennai,Bangalore,18869,9,,,
SHP00834,WH6,DHL,Pune,Hyderabad,14552,9,,,
SHP00835,WH4,DHL,Chennai,Bangalore,4279,5,,,
SHP00836,WH7,DHL,Chennai,Bangalore,11913,3,,,
SHP00837,WH5,DHL,Pune,Hyderabad,1938,6,,,
SHP00838,WH1,DHL,Pune,Hyderabad,3168,5,,,
SHP00839,WH4,FedEx,Pune,Hyderabad,14691,6,,,
SHP00840,WH8,FedEx,Pune,Hyderabad,7818,4,,,
SHP00841,WH2,UPS,Pune,Hyderabad,11420,7,,,
SHP00842,WH8,BlueDart,Pune,Hyderabad,13429,1,,,
SHP00843,WH8,BlueDart,Pune,Hyderabad,14927,8,,,
SHP00844,WH8,DHL,Chennai,Bangalore,8734,5,,,
SHP00845,WH5,DHL,Mumbai,Delhi,12561,9,,,
SHP00846,WH6,UPS,Mumbai,Delhi,7229,3,,,
SHP00847,WH7,UPS,Chennai,Bangalore,10881,6,,,
SHP00848,WH3,BlueDart,Pune,Hyderabad,18189,3,,,
SHP00849,WH2,UPS,Pune,Hyderabad,13392,7,,,
SHP00850,WH4,UPS,Pune,Hyderabad,8737,1,,,
SHP00851,WH6,BlueDart,Chennai,Bangalore,15379,6,,,
SHP00852,WH2,BlueDart,Chennai,Bangalore,11464,4,,,
SHP00853,WH6,FedEx,Pune,Hyderabad,3923,2,,,
SHP00854,WH3,UPS,Mumbai,Delhi,19077,6,,,
SHP00855,WH6,BlueDart,Mumbai,Delhi,11235,1,,,
SHP00856,WH1,BlueDart,Mumbai,Delhi,16055,4,,,
SHP00857,WH8,DHL,Mumbai,Delhi,17078,1,,,
SHP00858,WH1,FedEx,Mumbai,Delhi,11319,8,,,
SHP00859,WH1,UPS,Mumbai,Delhi,9719,3,,,
SHP00860,WH3,DHL,Chennai,Bangalore,13116,2,,,
SHP00861,WH1,BlueDart,Pune,Hyderabad,8037,8,,,
SHP00862,WH1,BlueDart,Pune,Hyderabad,6783,6,,,
SHP00863,WH7,BlueDart,Pune,Hyderabad,12373,7,,,
SHP00864,WH3,UPS,Mumbai,Delhi,19146,8,,,
SHP00865,WH6,BlueDart,Mumbai,Delhi,1747,5,,,
SHP00866,WH1,DHL,Chennai,Bangalore,10550,1,,,
SHP00867,WH4,DHL,Mumbai,Delhi,17931,8,,,
SHP00868,WH8,BlueDart,Chennai,Bangalore,4534,5,,,
SHP00869,WH7,BlueDart,Mumbai,Delhi,5133,6,,,
SHP00870,WH8,FedEx,Mumbai,Delhi,18044,2,,,
SHP00871,WH5,BlueDart,Mumbai,Delhi,3677,6,,,
SHP00872,WH3,UPS,Chennai,Bangalore,11712,6,,,
SHP00873,WH4,UPS,Chennai,Bangalore,15002,9,,,
SHP00874,WH8,UPS,Mumbai,Delhi,11397,7,,,
SHP00875,WH1,FedEx,Chennai,Bangalore,3270,8,,,
SHP00876,WH5,DHL,Chennai,Bangalore,6333,3,,,
SHP00877,WH1,UPS,Chennai,Bangalore,14517,4,,,
SHP00878,WH7,BlueDart,Pune,Hyderabad,9304,8,,,
SHP00879,WH2,DHL,Mumbai,Delhi,5269,3,,,
SHP00880,WH8,UPS,Chennai,Bangalore,19469,8,,,
SHP00881,WH4,UPS,Chennai,Bangalore,5897,3,,,
SHP00882,WH5,UPS,Chennai,Bangalore,9784,8,,,
SHP00883,WH2,BlueDart,Mumbai,Delhi,12979,2,,,
SHP00884,WH4,BlueDart,Mumbai,Delhi,17441,1,,,
SHP00885,WH8,FedEx,Chennai,Bangalore,8919,3,,,
SHP00886,WH4,UPS,Mumbai,Delhi,3347,8,,,
SHP00887,WH1,DHL,Chennai,Bangalore,8971,6,,,
SHP00888,WH1,DHL,Pune,Hyderabad,9736,4,,,
SHP00889,WH1,DHL,Mumbai,Delhi,1578,2,,,
SHP00890,WH4,FedEx,Mumbai,Delhi,12192,3,,,
SHP00891,WH5,UPS,Pune,Hyderabad,14566,5,,,
SHP00892,WH6,DHL,Chennai,Bangalore,13296,5,,,
SHP00893,WH3,BlueDart,Chennai,Bangalore,10133,1,,,
SHP00894,WH6,FedEx,Mumbai,Delhi,18513,7,,,
SHP00895,WH1,FedEx,Pune,Hyderabad,2303,3,,,
SHP00896,WH2,BlueDart,Mumbai,Delhi,11664,7,,,
SHP00897,WH6,DHL,Mumbai,Delhi,16900,9,,,
SHP00898,WH7,FedEx,Chennai,Bangalore,4158,5,,,
SHP00899,WH5,DHL,Chennai,Bangalore,4375,5,,,
SHP00900,WH8,FedEx,Chennai,Bangalore,2689,1,,,
SHP00901,WH2,DHL,Pune,Hyderabad,13135,7,,,
SHP00902,WH3,BlueDart,Mumbai,Delhi,3710,2,,,
SHP00903,WH6,FedEx,Mumbai,Delhi,12870,2,,,
SHP00904,WH8,BlueDart,Chennai,Bangalore,14085,1,,,
SHP00905,WH5,DHL,Pune,Hyderabad,1187,8,,,
SHP00906,WH2,FedEx,Chennai,Bangalore,15053,3,,,
SHP00907,WH5,UPS,Mumbai,Delhi,15012,3,,,
SHP00908,WH7,UPS,Pune,Hyderabad,1311,2,,,
SHP00909,WH4,BlueDart,Pune,Hyderabad,2906,7,,,
SHP00910,WH4,UPS,Chennai,Bangalore,1493,9,,,
SHP00911,WH1,UPS,Chennai,Bangalore,7405,4,,,
SHP00912,WH7,DHL,Chennai,Bangalore,4264,4,,,
SHP00913,WH7,BlueDart,Chennai,Bangalore,13058,6,,,
SHP00914,WH6,BlueDart,Pune,Hyderabad,8712,4,,,
SHP00915,WH2,UPS,Chennai,Bangalore,8242,7,,,
SHP00916,WH7,FedEx,Chennai,Bangalore,11733,6,,,
SHP00917,WH5,DHL,Chennai,Bangalore,9256,9,,,
SHP00918,WH1,BlueDart,Mumbai,Delhi,7769,5,,,
SHP00919,WH5,FedEx,Pune,Hyderabad,18564,4,,,
SHP00920,WH2,UPS,Mumbai,Delhi,12892,3,,,
SHP00921,WH1,FedEx,Chennai,Bangalore,5277,8,,,
SHP00922,WH3,UPS,Pune,Hyderabad,2728,8,,,
SHP00923,WH2,BlueDart,Chennai,Bangalore,11973,3,,,
SHP00924,WH2,DHL,Mumbai,Delhi,11249,6,,,
SHP00925,WH8,UPS,Chennai,Bangalore,14698,1,,,
SHP00926,WH6,UPS,Mumbai,Delhi,9911,9,,,
SHP00927,WH8,DHL,Pune,Hyderabad,7776,7,,,
SHP00928,WH6,DHL,Pune,Hyderabad,11055,4,,,
SHP00929,WH4,UPS,Chennai,Bangalore,4163,2,,,
SHP00930,WH7,FedEx,Mumbai,Delhi,4900,3,,,
SHP00931,WH6,FedEx,Mumbai,Delhi,18780,7,,,
SHP00932,WH8,BlueDart,Pune,Hyderabad,18273,1,,,
SHP00933,WH6,UPS,Chennai,Bangalore,9028,4,,,
SHP00934,WH5,DHL,Chennai,Bangalore,19060,7,,,
SHP00935,WH4,UPS,Mumbai,Delhi,12248,9,,,
SHP00936,WH8,UPS,Pune,Hyderabad,2264,4,,,
SHP00937,WH6,BlueDart,Chennai,Bangalore,4831,7,,,
SHP00938,WH4,DHL,Mumbai,Delhi,15073,4,,,
SHP00939,WH7,FedEx,Pune,Hyderabad,1259,2,,,
SHP00940,WH6,DHL,Pune,Hyderabad,1842,2,,,
SHP00941,WH2,DHL,Pune,Hyderabad,13385,7,,,
SHP00942,WH7,DHL,Mumbai,Delhi,17040,4,,,
SHP00943,WH7,BlueDart,Chennai,Bangalore,9785,6,,,
SHP00944,WH5,FedEx,Pune,Hyderabad,16509,6,,,
SHP00945,WH8,FedEx,Pune,Hyderabad,7921,2,,,
SHP00946,WH3,UPS,Mumbai,Delhi,8938,9,,,
SHP00947,WH3,DHL,Mumbai,Delhi,10158,4,,,
SHP00948,WH7,UPS,Mumbai,Delhi,6319,1,,,
SHP00949,WH8,BlueDart,Mumbai,Delhi,1863,8,,,
SHP00950,WH1,DHL,Mumbai,Delhi,12563,4,,,
SHP00951,WH2,BlueDart,Mumbai,Delhi,9128,8,,,
SHP00952,WH3,DHL,Mumbai,Delhi,19328,1,,,
SHP00953,WH1,BlueDart,Mumbai,Delhi,6017,8,,,
SHP00954,WH4,DHL,Pune,Hyderabad,7050,6,,,
SHP00955,WH8,FedEx,Pune,Hyderabad,18994,3,,,
SHP00956,WH4,FedEx,Chennai,Bangalore,10461,3,,,
SHP00957,WH7,FedEx,Mumbai,Delhi,11354,7,,,
SHP00958,WH3,UPS,Pune,Hyderabad,6114,8,,,
SHP00959,WH8,DHL,Mumbai,Delhi,19328,9,,,
SHP00960,WH3,FedEx,Pune,Hyderabad,7138,2,,,
SHP00961,WH5,BlueDart,Pune,Hyderabad,15080,9,,,
SHP00962,WH6,BlueDart,Chennai,Bangalore,9359,8,,,
SHP00963,WH3,UPS,Chennai,Bangalore,19518,6,,,
SHP00964,WH3,DHL,Pune,Hyderabad,2552,5,,,
SHP00965,WH2,FedEx,Mumbai,Delhi,1441,2,,,
SHP00966,WH7,BlueDart,Mumbai,Delhi,9925,5,,,
SHP00967,WH1,DHL,Pune,Hyderabad,1606,4,,,
SHP00968,WH4,FedEx,Mumbai,Delhi,8964,6,,,
SHP00969,WH6,FedEx,Mumbai,Delhi,2579,1,,,
SHP00970,WH5,DHL,Chennai,Bangalore,15387,9,,,
SHP00971,WH8,BlueDart,Mumbai,Delhi,17926,1,,,
SHP00972,WH6,BlueDart,Mumbai,Delhi,13589,2,,,
SHP00973,WH7,UPS,Chennai,Bangalore,2715,6,,,
SHP00974,WH1,UPS,Pune,Hyderabad,1941,2,,,
SHP00975,WH5,UPS,Mumbai,Delhi,9421,4,,,
SHP00976,WH3,BlueDart,Mumbai,Delhi,1719,9,,,
SHP00977,WH4,UPS,Mumbai,Delhi,16812,6,,,
SHP00978,WH4,BlueDart,Mumbai,Delhi,16971,8,,,
SHP00979,WH7,DHL,Pune,Hyderabad,2851,2,,,
SHP00980,WH2,UPS,Chennai,Bangalore,11754,8,,,
SHP00981,WH1,FedEx,Chennai,Bangalore,13001,6,,,
SHP00982,WH4,UPS,Mumbai,Delhi,13871,1,,,
SHP00983,WH6,FedEx,Chennai,Bangalore,5132,8,,,
SHP00984,WH4,BlueDart,Mumbai,Delhi,6994,4,,,
SHP00985,WH4,BlueDart,Chennai,Bangalore,2746,8,,,
SHP00986,WH7,BlueDart,Pune,Hyderabad,12495,5,,,
SHP00987,WH4,DHL,Mumbai,Delhi,5963,2,,,
SHP00988,WH1,UPS,Pune,Hyderabad,6959,7,,,
SHP00989,WH1,DHL,Pune,Hyderabad,4900,2,,,
SHP00990,WH5,UPS,Chennai,Bangalore,6052,6,,,
SHP00991,WH4,FedEx,Mumbai,Delhi,3880,6,,,
SHP00992,WH1,FedEx,Chennai,Bangalore,9880,6,,,
SHP00993,WH5,BlueDart,Mumbai,Delhi,5095,9,,,
SHP00994,WH7,FedEx,Mumbai,Delhi,14188,5,,,
SHP00995,WH8,UPS,Chennai,Bangalore,16767,7,,,
SHP00996,WH7,BlueDart,Mumbai,Delhi,16173,7,,,
SHP00997,WH6,BlueDart,Pune,Hyderabad,8867,3,,,
SHP00998,WH3,BlueDart,Chennai,Bangalore,12386,2,,,
SHP00999,WH2,DHL,Pune,Hyderabad,13618,7,,,
SHP01000,WH3,FedEx,Pune,Hyderabad,3589,5,,,
SHP01001,WH6,UPS,Mumbai,Delhi,5238,5,,,
SHP01002,WH5,FedEx,Pune,Hyderabad,16495,2,,,
SHP01003,WH2,DHL,Mumbai,Delhi,12148,8,,,
SHP01004,WH1,UPS,Mumbai,Delhi,15107,4,,,
SHP01005,WH1,FedEx,Pune,Hyderabad,15896,6,,,
SHP01006,WH7,UPS,Chennai,Bangalore,1439,2,,,
SHP01007,WH2,BlueDart,Chennai,Bangalore,16144,3,,,
SHP01008,WH4,DHL,Chennai,Bangalore,1381,6,,,
SHP01009,WH5,DHL,Mumbai,Delhi,10238,8,,,
SHP01010,WH6,DHL,Mumbai,Delhi,17910,6,,,
SHP01011,WH7,BlueDart,Chennai,Bangalore,15299,9,,,
SHP01012,WH7,UPS,Mumbai,Delhi,15848,5,,,
SHP01013,WH4,BlueDart,Mumbai,Delhi,4579,8,,,
SHP01014,WH4,DHL,Chennai,Bangalore,9648,7,,,
SHP01015,WH8,UPS,Pune,Hyderabad,5657,9,,,
SHP01016,WH2,UPS,Mumbai,Delhi,11572,5,,,
SHP01017,WH2,UPS,Mumbai,Delhi,10229,3,,,
SHP01018,WH1,DHL,Mumbai,Delhi,15815,3,,,
SHP01019,WH1,FedEx,Pune,Hyderabad,5994,8,,,
SHP01020,WH7,BlueDart,Chennai,Bangalore,2310,4,,,
SHP01021,WH6,UPS,Mumbai,Delhi,2313,3,,,
SHP01022,WH3,FedEx,Chennai,Bangalore,4396,2,,,
SHP01023,WH8,UPS,Mumbai,Delhi,17254,6,,,
SHP01024,WH8,UPS,Pune,Hyderabad,18108,9,,,
SHP01025,WH4,BlueDart,Chennai,Bangalore,4821,1,,,
SHP01026,WH8,FedEx,Pune,Hyderabad,6658,8,,,
SHP01027,WH4,DHL,Pune,Hyderabad,10440,4,,,
SHP01028,WH3,UPS,Chennai,Bangalore,18282,4,,,
SHP01029,WH5,FedEx,Mumbai,Delhi,4282,8,,,
SHP01030,WH4,BlueDart,Mumbai,Delhi,12256,9,,,
SHP01031,WH4,UPS,Mumbai,Delhi,19668,4,,,
SHP01032,WH6,FedEx,Chennai,Bangalore,7467,6,,,
SHP01033,WH6,BlueDart,Mumbai,Delhi,14113,5,,,
SHP01034,WH6,DHL,Chennai,Bangalore,3266,7,,,
SHP01035,WH7,DHL,Pune,Hyderabad,7326,2,,,
SHP01036,WH3,FedEx,Mumbai,Delhi,9425,1,,,
SHP01037,WH7,DHL,Mumbai,Delhi,4158,4,,,
SHP01038,WH4,UPS,Chennai,Bangalore,1579,9,,,
SHP01039,WH7,FedEx,Pune,Hyderabad,1651,4,,,
SHP01040,WH5,FedEx,Pune,Hyderabad,19526,7,,,
SHP01041,WH6,DHL,Pune,Hyderabad,3764,2,,,
SHP01042,WH2,DHL,Mumbai,Delhi,1929,8,,,
SHP01043,WH6,BlueDart,Pune,Hyderabad,11997,4,,,
SHP01044,WH2,BlueDart,Pune,Hyderabad,3477,4,,,
SHP01045,WH8,BlueDart,Chennai,Bangalore,15493,6,,,
SHP01046,WH8,FedEx,Pune,Hyderabad,18326,1,,,
SHP01047,WH2,DHL,Pune,Hyderabad,14946,9,,,
SHP01048,WH3,DHL,Mumbai,Delhi,12181,1,,,
SHP01049,WH6,DHL,Mumbai,Delhi,15544,3,,,
SHP01050,WH2,DHL,Chennai,Bangalore,5616,6,,,
SHP01051,WH7,BlueDart,Pune,Hyderabad,5086,9,,,
SHP01052,WH2,FedEx,Chennai,Bangalore,9159,9,,,
SHP01053,WH8,UPS,Chennai,Bangalore,17641,5,,,
SHP01054,WH3,FedEx,Pune,Hyderabad,1778,9,,,
SHP01055,WH1,DHL,Chennai,Bangalore,5954,2,,,
SHP01056,WH7,FedEx,Mumbai,Delhi,2038,5,,,
SHP01057,WH6,DHL,Mumbai,Delhi,16063,8,,,
SHP01058,WH1,UPS,Mumbai,Delhi,8603,8,,,
SHP01059,WH4,UPS,Pune,Hyderabad,13955,5,,,
SHP01060,WH2,FedEx,Pune,Hyderabad,14243,8,,,
SHP01061,WH4,DHL,Pune,Hyderabad,17152,5,,,
SHP01062,WH3,UPS,Pune,Hyderabad,7394,5,,,
SHP01063,WH8,BlueDart,Pune,Hyderabad,15033,2,,,
SHP01064,WH4,DHL,Pune,Hyderabad,19602,8,,,
SHP01065,WH7,FedEx,Pune,Hyderabad,15846,3,,,
SHP01066,WH3,DHL,Pune,Hyderabad,8425,9,,,
SHP01067,WH8,BlueDart,Pune,Hyderabad,17504,9,,,
SHP01068,WH6,FedEx,Mumbai,Delhi,12492,3,,,
SHP01069,WH8,BlueDart,Mumbai,Delhi,10157,1,,,
SHP01070,WH7,BlueDart,Chennai,Bangalore,13630,1,,,
SHP01071,WH1,FedEx,Mumbai,Delhi,8986,5,,,
SHP01072,WH4,FedEx,Chennai,Bangalore,7807,1,,,
SHP01073,WH1,UPS,Chennai,Bangalore,14321,8,,,
SHP01074,WH4,FedEx,Chennai,Bangalore,16867,3,,,
SHP01075,WH8,UPS,Mumbai,Delhi,11705,3,,,
SHP01076,WH6,UPS,Chennai,Bangalore,15764,9,,,
SHP01077,WH3,BlueDart,Chennai,Bangalore,10873,5,,,
SHP01078,WH4,FedEx,Mumbai,Delhi,7764,5,,,
SHP01079,WH6,DHL,Chennai,Bangalore,15360,6,,,
SHP01080,WH8,DHL,Chennai,Bangalore,11686,8,,,
SHP01081,WH1,UPS,Pune,Hyderabad,10151,7,,,
SHP01082,WH6,UPS,Mumbai,Delhi,11274,2,,,
SHP01083,WH7,DHL,Chennai,Bangalore,2179,5,,,
SHP01084,WH5,UPS,Chennai,Bangalore,9159,8,,,
SHP01085,WH7,UPS,Pune,Hyderabad,14142,7,,,
SHP01086,WH6,DHL,Pune,Hyderabad,17075,4,,,
SHP01087,WH6,FedEx,Mumbai,Delhi,10471,1,,,
SHP01088,WH2,UPS,Mumbai,Delhi,11551,8,,,
SHP01089,WH2,DHL,Chennai,Bangalore,13168,1,,,
SHP01090,WH7,BlueDart,Chennai,Bangalore,3861,1,,,
SHP01091,WH4,UPS,Chennai,Bangalore,18262,2,,,
SHP01092,WH2,BlueDart,Mumbai,Delhi,5438,4,,,
SHP01093,WH2,UPS,Mumbai,Delhi,9766,2,,,
SHP01094,WH2,UPS,Mumbai,Delhi,1028,1,,,
SHP01095,WH4,UPS,Chennai,Bangalore,2600,4,,,
SHP01096,WH5,BlueDart,Mumbai,Delhi,4720,6,,,
SHP01097,WH7,FedEx,Chennai,Bangalore,6000,2,,,
SHP01098,WH4,BlueDart,Chennai,Bangalore,15615,6,,,
SHP01099,WH4,UPS,Pune,Hyderabad,14803,9,,,
SHP01100,WH2,DHL,Pune,Hyderabad,4547,9,,,
SHP01101,WH5,BlueDart,Mumbai,Delhi,17655,2,,,
SHP01102,WH4,FedEx,Pune,Hyderabad,7342,4,,,
SHP01103,WH2,DHL,Chennai,Bangalore,4600,5,,,
SHP01104,WH1,BlueDart,Pune,Hyderabad,4105,4,,,
SHP01105,WH5,DHL,Pune,Hyderabad,17658,4,,,
SHP01106,WH5,FedEx,Chennai,Bangalore,4855,9,,,
SHP01107,WH6,FedEx,Chennai,Bangalore,10276,9,,,
SHP01108,WH8,FedEx,Chennai,Bangalore,19382,9,,,
SHP01109,WH7,FedEx,Mumbai,Delhi,14080,3,,,
SHP01110,WH8,DHL,Chennai,Bangalore,4295,3,,,
SHP01111,WH6,BlueDart,Chennai,Bangalore,10531,4,,,
SHP01112,WH8,DHL,Chennai,Bangalore,6310,9,,,
SHP01113,WH3,FedEx,Chennai,Bangalore,11467,7,,,
SHP01114,WH3,BlueDart,Chennai,Bangalore,6939,1,,,
SHP01115,WH7,DHL,Chennai,Bangalore,11851,6,,,
SHP01116,WH2,UPS,Chennai,Bangalore,2144,5,,,
SHP01117,WH8,UPS,Pune,Hyderabad,8932,3,,,
SHP01118,WH5,UPS,Chennai,Bangalore,11343,9,,,
SHP01119,WH3,BlueDart,Mumbai,Delhi,19565,6,,,
SHP01120,WH7,BlueDart,Chennai,Bangalore,19957,8,,,
SHP01121,WH1,DHL,Pune,Hyderabad,5824,2,,,
SHP01122,WH2,FedEx,Chennai,Bangalore,6483,8,,,
SHP01123,WH2,UPS,Chennai,Bangalore,17731,1,,,
SHP01124,WH2,FedEx,Chennai,Bangalore,8423,4,,,
SHP01125,WH1,BlueDart,Chennai,Bangalore,16268,4,,,
SHP01126,WH6,FedEx,Chennai,Bangalore,13013,8,,,
SHP01127,WH2,DHL,Pune,Hyderabad,10094,2,,,
SHP01128,WH8,UPS,Chennai,Bangalore,13362,9,,,
SHP01129,WH2,DHL,Mumbai,Delhi,19187,1,,,
SHP01130,WH3,FedEx,Mumbai,Delhi,7152,4,,,
SHP01131,WH7,FedEx,Pune,Hyderabad,17772,4,,,
SHP01132,WH3,FedEx,Chennai,Bangalore,2945,8,,,
SHP01133,WH2,BlueDart,Mumbai,Delhi,17638,8,,,
SHP01134,WH6,UPS,Pune,Hyderabad,7120,9,,,
SHP01135,WH1,UPS,Mumbai,Delhi,15441,3,,,
SHP01136,WH5,UPS,Pune,Hyderabad,18454,4,,,
SHP01137,WH8,UPS,Mumbai,Delhi,9231,4,,,
SHP01138,WH4,BlueDart,Chennai,Bangalore,10467,7,,,
SHP01139,WH1,UPS,Mumbai,Delhi,11224,4,,,
SHP01140,WH8,DHL,Pune,Hyderabad,14756,9,,,
SHP01141,WH2,DHL,Chennai,Bangalore,2351,5,,,
SHP01142,WH5,BlueDart,Chennai,Bangalore,18833,7,,,
SHP01143,WH5,UPS,Pune,Hyderabad,6061,1,,,
SHP01144,WH8,UPS,Pune,Hyderabad,13063,6,,,
SHP01145,WH3,DHL,Pune,Hyderabad,11285,2,,,
SHP01146,WH3,BlueDart,Chennai,Bangalore,15718,4,,,
SHP01147,WH5,BlueDart,Pune,Hyderabad,13692,6,,,
SHP01148,WH1,BlueDart,Mumbai,Delhi,6102,7,,,
SHP01149,WH7,UPS,Pune,Hyderabad,3012,9,,,
SHP01150,WH8,BlueDart,Pune,Hyderabad,11125,7,,,
SHP01151,WH2,DHL,Mumbai,Delhi,17356,5,,,
SHP01152,WH2,DHL,Pune,Hyderabad,9872,1,,,
SHP01153,WH5,UPS,Pune,Hyderabad,18455,3,,,
SHP01154,WH7,FedEx,Pune,Hyderabad,8541,7,,,
SHP01155,WH7,BlueDart,Pune,Hyderabad,11842,7,,,
SHP01156,WH2,BlueDart,Mumbai,Delhi,5806,7,,,
SHP01157,WH8,UPS,Chennai,Bangalore,18828,6,,,
SHP01158,WH3,FedEx,Chennai,Bangalore,7415,9,,,
SHP01159,WH6,FedEx,Pune,Hyderabad,11132,9,,,
SHP01160,WH5,FedEx,Pune,Hyderabad,11677,6,,,
SHP01161,WH2,FedEx,Chennai,Bangalore,2281,9,,,
SHP01162,WH3,BlueDart,Pune,Hyderabad,10999,8,,,
SHP01163,WH8,UPS,Mumbai,Delhi,13046,3,,,
SHP01164,WH2,DHL,Chennai,Bangalore,8903,7,,,
SHP01165,WH3,DHL,Chennai,Bangalore,4651,2,,,
SHP01166,WH3,DHL,Chennai,Bangalore,19004,5,,,
SHP01167,WH2,FedEx,Pune,Hyderabad,7938,7,,,
SHP01168,WH5,BlueDart,Pune,Hyderabad,17581,6,,,
SHP01169,WH2,DHL,Mumbai,Delhi,15245,6,,,
SHP01170,WH7,BlueDart,Chennai,Bangalore,6546,2,,,
SHP01171,WH8,BlueDart,Chennai,Bangalore,2233,8,,,
SHP01172,WH7,UPS,Pune,Hyderabad,9468,3,,,
SHP01173,WH4,DHL,Chennai,Bangalore,18358,2,,,
SHP01174,WH1,UPS,Pune,Hyderabad,17541,1,,,
SHP01175,WH8,BlueDart,Chennai,Bangalore,7184,5,,,
SHP01176,WH7,UPS,Pune,Hyderabad,15073,1,,,
SHP01177,WH6,FedEx,Pune,Hyderabad,18399,4,,,
SHP01178,WH3,BlueDart,Pune,Hyderabad,4333,8,,,
SHP01179,WH7,FedEx,Mumbai,Delhi,13221,9,,,
SHP01180,WH7,BlueDart,Mumbai,Delhi,17804,6,,,
SHP01181,WH3,DHL,Mumbai,Delhi,14326,3,,,
SHP01182,WH8,FedEx,Chennai,Bangalore,15353,4,,,
SHP01183,WH1,UPS,Mumbai,Delhi,5674,9,,,
SHP01184,WH2,UPS,Chennai,Bangalore,2370,9,,,
SHP01185,WH8,BlueDart,Mumbai,Delhi,18149,2,,,
SHP01186,WH5,BlueDart,Mumbai,Delhi,16421,1,,,
SHP01187,WH2,DHL,Pune,Hyderabad,2373,7,,,
SHP01188,WH5,DHL,Chennai,Bangalore,1384,5,,,
SHP01189,WH2,FedEx,Mumbai,Delhi,2354,9,,,
SHP01190,WH2,UPS,Mumbai,Delhi,18835,6,,,
SHP01191,WH6,BlueDart,Chennai,Bangalore,17039,8,,,
SHP01192,WH5,UPS,Mumbai,Delhi,2335,7,,,
SHP01193,WH1,BlueDart,Mumbai,Delhi,3053,1,,,
SHP01194,WH5,UPS,Pune,Hyderabad,13492,7,,,
SHP01195,WH8,BlueDart,Mumbai,Delhi,5882,3,,,
SHP01196,WH1,DHL,Chennai,Bangalore,19363,8,,,
SHP01197,WH2,FedEx,Chennai,Bangalore,3332,6,,,
SHP01198,WH7,DHL,Pune,Hyderabad,4935,5,,,
SHP01199,WH2,FedEx,Mumbai,Delhi,4201,2,,,
SHP01200,WH8,DHL,Chennai,Bangalore,5653,3,,,
SHP01201,WH8,FedEx,Pune,Hyderabad,6372,1,,,
SHP01202,WH1,UPS,Pune,Hyderabad,12741,5,,,
SHP01203,WH5,UPS,Chennai,Bangalore,17209,4,,,
SHP01204,WH8,UPS,Pune,Hyderabad,10987,5,,,
SHP01205,WH6,BlueDart,Chennai,Bangalore,8695,8,,,
SHP01206,WH3,DHL,Mumbai,Delhi,15588,2,,,
SHP01207,WH5,BlueDart,Chennai,Bangalore,19550,7,,,
SHP01208,WH5,BlueDart,Pune,Hyderabad,18447,8,,,
SHP01209,WH6,DHL,Pune,Hyderabad,14599,7,,,
SHP01210,WH5,DHL,Chennai,Bangalore,10301,7,,,
SHP01211,WH6,FedEx,Chennai,Bangalore,2054,1,,,
SHP01212,WH5,BlueDart,Mumbai,Delhi,17718,4,,,
SHP01213,WH1,DHL,Mumbai,Delhi,7679,8,,,
SHP01214,WH2,UPS,Mumbai,Delhi,9161,4,,,
SHP01215,WH2,DHL,Pune,Hyderabad,6697,1,,,
SHP01216,WH2,UPS,Mumbai,Delhi,8006,7,,,
SHP01217,WH1,UPS,Chennai,Bangalore,8066,9,,,
SHP01218,WH4,DHL,Mumbai,Delhi,7015,6,,,
SHP01219,WH1,UPS,Pune,Hyderabad,9805,9,,,
SHP01220,WH6,UPS,Pune,Hyderabad,4928,6,,,
SHP01221,WH5,BlueDart,Pune,Hyderabad,14962,2,,,
SHP01222,WH7,DHL,Chennai,Bangalore,5474,4,,,
SHP01223,WH8,DHL,Mumbai,Delhi,15172,9,,,
SHP01224,WH4,UPS,Mumbai,Delhi,11914,2,,,
SHP01225,WH1,FedEx,Chennai,Bangalore,16025,6,,,
SHP01226,WH4,UPS,Mumbai,Delhi,9539,3,,,
SHP01227,WH1,FedEx,Mumbai,Delhi,14088,5,,,
SHP01228,WH6,UPS,Chennai,Bangalore,2037,8,,,
SHP01229,WH1,UPS,Pune,Hyderabad,4290,2,,,
SHP01230,WH8,BlueDart,Mumbai,Delhi,11019,9,,,
SHP01231,WH8,UPS,Chennai,Bangalore,11220,6,,,
SHP01232,WH8,BlueDart,Mumbai,Delhi,14662,9,,,
SHP01233,WH1,DHL,Chennai,Bangalore,4754,3,,,
SHP01234,WH1,UPS,Chennai,Bangalore,5702,2,,,
SHP01235,WH4,DHL,Pune,Hyderabad,18975,1,,,
SHP01236,WH4,UPS,Mumbai,Delhi,18819,9,,,
SHP01237,WH7,BlueDart,Mumbai,Delhi,10633,7,,,
SHP01238,WH2,UPS,Pune,Hyderabad,18055,2,,,
SHP01239,WH8,BlueDart,Mumbai,Delhi,1976,2,,,
SHP01240,WH2,FedEx,Chennai,Bangalore,3898,2,,,
SHP01241,WH6,DHL,Pune,Hyderabad,16972,1,,,
SHP01242,WH5,DHL,Mumbai,Delhi,14595,4,,,
SHP01243,WH2,UPS,Mumbai,Delhi,14727,5,,,
SHP01244,WH7,UPS,Pune,Hyderabad,9642,6,,,
SHP01245,WH2,UPS,Pune,Hyderabad,6282,2,,,
SHP01246,WH1,FedEx,Chennai,Bangalore,4225,6,,,
SHP01247,WH4,DHL,Chennai,Bangalore,11477,3,,,
SHP01248,WH8,FedEx,Chennai,Bangalore,7949,1,,,
SHP01249,WH6,FedEx,Mumbai,Delhi,12345,8,,,
SHP01250,WH3,BlueDart,Pune,Hyderabad,4097,5,,,
SHP01251,WH8,BlueDart,Chennai,Bangalore,14303,5,,,
SHP01252,WH7,UPS,Mumbai,Delhi,19566,7,,,
SHP01253,WH4,BlueDart,Chennai,Bangalore,6042,1,,,
SHP01254,WH2,BlueDart,Pune,Hyderabad,8184,7,,,
SHP01255,WH3,FedEx,Mumbai,Delhi,12785,5,,,
SHP01256,WH3,BlueDart,Chennai,Bangalore,18673,7,,,
SHP01257,WH7,DHL,Pune,Hyderabad,17847,6,,,
SHP01258,WH4,BlueDart,Chennai,Bangalore,1325,1,,,
SHP01259,WH3,DHL,Mumbai,Delhi,3523,3,,,
SHP01260,WH8,UPS,Pune,Hyderabad,14604,9,,,
SHP01261,WH8,UPS,Pune,Hyderabad,17490,2,,,
SHP01262,WH5,DHL,Mumbai,Delhi,5217,7,,,
SHP01263,WH4,FedEx,Mumbai,Delhi,8576,6,,,
SHP01264,WH3,FedEx,Mumbai,Delhi,17363,6,,,
SHP01265,WH4,BlueDart,Chennai,Bangalore,16384,3,,,
SHP01266,WH1,BlueDart,Chennai,Bangalore,10967,6,,,
SHP01267,WH1,DHL,Pune,Hyderabad,12698,5,,,
SHP01268,WH2,BlueDart,Mumbai,Delhi,19852,7,,,
SHP01269,WH6,DHL,Pune,Hyderabad,18674,1,,,
SHP01270,WH5,FedEx,Pune,Hyderabad,13637,1,,,
SHP01271,WH7,DHL,Chennai,Bangalore,17768,9,,,
SHP01272,WH1,BlueDart,Mumbai,Delhi,16673,4,,,
SHP01273,WH4,UPS,Mumbai,Delhi,10564,1,,,
SHP01274,WH5,DHL,Chennai,Bangalore,10116,9,,,
SHP01275,WH7,FedEx,Mumbai,Delhi,7386,3,,,
SHP01276,WH2,DHL,Pune,Hyderabad,12090,7,,,
SHP01277,WH5,BlueDart,Mumbai,Delhi,7293,7,,,
SHP01278,WH1,FedEx,Mumbai,Delhi,9719,6,,,
SHP01279,WH6,FedEx,Mumbai,Delhi,9571,4,,,
SHP01280,WH6,BlueDart,Mumbai,Delhi,16701,7,,,
SHP01281,WH4,BlueDart,Pune,Hyderabad,2915,6,,,
SHP01282,WH2,BlueDart,Chennai,Bangalore,14667,1,,,
SHP01283,WH7,BlueDart,Pune,Hyderabad,17428,8,,,
SHP01284,WH8,DHL,Pune,Hyderabad,9851,1,,,
SHP01285,WH1,FedEx,Mumbai,Delhi,4524,9,,,
SHP01286,WH4,DHL,Mumbai,Delhi,15426,4,,,
SHP01287,WH7,DHL,Mumbai,Delhi,2807,7,,,
SHP01288,WH8,BlueDart,Chennai,Bangalore,12988,8,,,
SHP01289,WH4,BlueDart,Pune,Hyderabad,17990,7,,,
SHP01290,WH2,DHL,Chennai,Bangalore,10179,7,,,
SHP01291,WH6,DHL,Pune,Hyderabad,14288,6,,,
SHP01292,WH5,BlueDart,Chennai,Bangalore,13137,8,,,
SHP01293,WH1,UPS,Chennai,Bangalore,1544,6,,,
SHP01294,WH4,UPS,Chennai,Bangalore,11668,9,,,
SHP01295,WH6,FedEx,Mumbai,Delhi,4314,1,,,
SHP01296,WH8,DHL,Mumbai,Delhi,19822,5,,,
SHP01297,WH3,FedEx,Mumbai,Delhi,16161,9,,,
SHP01298,WH6,FedEx,Mumbai,Delhi,1003,5,,,
SHP01299,WH1,FedEx,Pune,Hyderabad,6816,7,,,
SHP01300,WH6,UPS,Pune,Hyderabad,12148,7,,,
SHP01301,WH8,DHL,Mumbai,Delhi,15132,4,,,
SHP01302,WH5,FedEx,Mumbai,Delhi,19196,3,,,
SHP01303,WH5,BlueDart,Pune,Hyderabad,2255,9,,,
SHP01304,WH5,DHL,Chennai,Bangalore,9757,5,,,
SHP01305,WH2,UPS,Chennai,Bangalore,7838,5,,,
SHP01306,WH1,FedEx,Chennai,Bangalore,12302,5,,,
SHP01307,WH4,DHL,Mumbai,Delhi,17664,1,,,
SHP01308,WH3,UPS,Mumbai,Delhi,11043,8,,,
SHP01309,WH2,UPS,Mumbai,Delhi,16021,7,,,
SHP01310,WH2,BlueDart,Chennai,Bangalore,16562,2,,,
SHP01311,WH4,DHL,Chennai,Bangalore,15486,5,,,
SHP01312,WH1,BlueDart,Mumbai,Delhi,6884,2,,,
SHP01313,WH2,DHL,Mumbai,Delhi,10112,3,,,
SHP01314,WH5,DHL,Pune,Hyderabad,14043,8,,,
SHP01315,WH8,DHL,Mumbai,Delhi,19031,6,,,
SHP01316,WH1,BlueDart,Pune,Hyderabad,16244,4,,,
SHP01317,WH2,DHL,Chennai,Bangalore,2989,6,,,
SHP01318,WH8,FedEx,Mumbai,Delhi,1902,4,,,
SHP01319,WH1,DHL,Chennai,Bangalore,18171,1,,,
SHP01320,WH6,DHL,Chennai,Bangalore,11117,2,,,
SHP01321,WH4,DHL,Mumbai,Delhi,1134,5,,,
SHP01322,WH3,BlueDart,Pune,Hyderabad,12360,3,,,
SHP01323,WH3,FedEx,Pune,Hyderabad,5710,4,,,
SHP01324,WH8,FedEx,Chennai,Bangalore,11428,9,,,
SHP01325,WH2,DHL,Chennai,Bangalore,17937,4,,,
SHP01326,WH7,FedEx,Chennai,Bangalore,5740,9,,,
SHP01327,WH8,FedEx,Mumbai,Delhi,17930,7,,,
SHP01328,WH6,DHL,Pune,Hyderabad,16160,1,,,
SHP01329,WH2,FedEx,Mumbai,Delhi,7395,7,,,
SHP01330,WH3,UPS,Pune,Hyderabad,2524,8,,,
SHP01331,WH8,BlueDart,Pune,Hyderabad,11232,6,,,
SHP01332,WH1,FedEx,Pune,Hyderabad,19873,7,,,
SHP01333,WH4,DHL,Chennai,Bangalore,13090,1,,,
SHP01334,WH4,DHL,Chennai,Bangalore,7343,7,,,
SHP01335,WH2,FedEx,Pune,Hyderabad,4120,6,,,
SHP01336,WH4,DHL,Chennai,Bangalore,11085,9,,,
SHP01337,WH4,BlueDart,Mumbai,Delhi,4092,8,,,
SHP01338,WH2,FedEx,Chennai,Bangalore,8075,1,,,
SHP01339,WH6,BlueDart,Mumbai,Delhi,2634,7,,,
SHP01340,WH4,UPS,Pune,Hyderabad,3220,8,,,
SHP01341,WH7,UPS,Mumbai,Delhi,7885,6,,,
SHP01342,WH7,FedEx,Mumbai,Delhi,4194,2,,,
SHP01343,WH7,FedEx,Chennai,Bangalore,16250,4,,,
SHP01344,WH1,DHL,Chennai,Bangalore,8545,6,,,
SHP01345,WH1,DHL,Mumbai,Delhi,12902,3,,,
SHP01346,WH5,DHL,Pune,Hyderabad,14677,8,,,
SHP01347,WH7,DHL,Pune,Hyderabad,15082,6,,,
SHP01348,WH1,FedEx,Chennai,Bangalore,12698,1,,,
SHP01349,WH3,BlueDart,Pune,Hyderabad,6813,2,,,
SHP01350,WH3,BlueDart,Chennai,Bangalore,2569,5,,,
SHP01351,WH5,BlueDart,Pune,Hyderabad,18081,9,,,
SHP01352,WH4,BlueDart,Pune,Hyderabad,5330,1,,,
SHP01353,WH6,DHL,Chennai,Bangalore,19004,3,,,
SHP01354,WH3,DHL,Mumbai,Delhi,7658,2,,,
SHP01355,WH2,DHL,Chennai,Bangalore,15500,8,,,
SHP01356,WH4,FedEx,Chennai,Bangalore,3064,3,,,
SHP01357,WH3,UPS,Pune,Hyderabad,8061,4,,,
SHP01358,WH8,FedEx,Mumbai,Delhi,5658,2,,,
SHP01359,WH8,BlueDart,Chennai,Bangalore,7791,6,,,
SHP01360,WH7,DHL,Pune,Hyderabad,1113,7,,,
SHP01361,WH4,BlueDart,Chennai,Bangalore,19123,9,,,
SHP01362,WH2,DHL,Mumbai,Delhi,3573,1,,,
SHP01363,WH6,DHL,Pune,Hyderabad,12000,2,,,
SHP01364,WH8,DHL,Pune,Hyderabad,3397,2,,,
SHP01365,WH3,DHL,Chennai,Bangalore,2195,5,,,
SHP01366,WH5,FedEx,Mumbai,Delhi,14580,3,,,
SHP01367,WH4,BlueDart,Chennai,Bangalore,7661,6,,,
SHP01368,WH1,FedEx,Chennai,Bangalore,8544,7,,,
SHP01369,WH5,DHL,Mumbai,Delhi,4788,4,,,
SHP01370,WH8,UPS,Chennai,Bangalore,18652,6,,,
SHP01371,WH4,FedEx,Pune,Hyderabad,9861,4,,,
SHP01372,WH5,DHL,Chennai,Bangalore,10445,9,,,
SHP01373,WH8,BlueDart,Mumbai,Delhi,8876,7,,,
SHP01374,WH3,DHL,Mumbai,Delhi,10071,7,,,
SHP01375,WH4,BlueDart,Pune,Hyderabad,1522,1,,,
SHP01376,WH6,BlueDart,Pune,Hyderabad,2789,4,,,
SHP01377,WH8,BlueDart,Chennai,Bangalore,7102,6,,,
SHP01378,WH6,UPS,Chennai,Bangalore,5368,8,,,
SHP01379,WH8,FedEx,Pune,Hyderabad,13136,9,,,
SHP01380,WH3,BlueDart,Pune,Hyderabad,4859,3,,,
SHP01381,WH1,BlueDart,Chennai,Bangalore,3508,4,,,
SHP01382,WH8,DHL,Chennai,Bangalore,13370,1,,,
SHP01383,WH7,FedEx,Chennai,Bangalore,16646,8,,,
SHP01384,WH7,FedEx,Pune,Hyderabad,14548,1,,,
SHP01385,WH7,DHL,Pune,Hyderabad,5167,5,,,
SHP01386,WH4,UPS,Chennai,Bangalore,2547,9,,,
SHP01387,WH2,FedEx,Chennai,Bangalore,4471,5,,,
SHP01388,WH8,UPS,Mumbai,Delhi,5088,7,,,
SHP01389,WH3,BlueDart,Chennai,Bangalore,1648,7,,,
SHP01390,WH3,DHL,Pune,Hyderabad,3993,5,,,
SHP01391,WH8,DHL,Pune,Hyderabad,18160,3,,,
SHP01392,WH2,DHL,Mumbai,Delhi,2868,9,,,
SHP01393,WH8,BlueDart,Chennai,Bangalore,13461,3,,,
SHP01394,WH8,DHL,Pune,Hyderabad,10536,7,,,
SHP01395,WH7,UPS,Chennai,Bangalore,18186,8,,,
SHP01396,WH1,BlueDart,Mumbai,Delhi,17932,6,,,
SHP01397,WH7,UPS,Chennai,Bangalore,1410,7,,,
SHP01398,WH4,BlueDart,Pune,Hyderabad,17703,9,,,
SHP01399,WH2,UPS,Pune,Hyderabad,18633,2,,,
SHP01400,WH5,DHL,Chennai,Bangalore,8700,7,,,
SHP01401,WH5,FedEx,Chennai,Bangalore,17400,3,,,
SHP01402,WH6,DHL,Chennai,Bangalore,11667,3,,,
SHP01403,WH5,UPS,Mumbai,Delhi,5107,1,,,
SHP01404,WH7,UPS,Mumbai,Delhi,4293,4,,,
SHP01405,WH7,UPS,Mumbai,Delhi,5062,5,,,
SHP01406,WH7,DHL,Pune,Hyderabad,14170,9,,,
SHP01407,WH1,FedEx,Chennai,Bangalore,14673,3,,,
SHP01408,WH5,FedEx,Mumbai,Delhi,7923,5,,,
SHP01409,WH1,BlueDart,Chennai,Bangalore,15357,7,,,
SHP01410,WH8,FedEx,Mumbai,Delhi,5304,6,,,
SHP01411,WH5,FedEx,Mumbai,Delhi,14763,1,,,
SHP01412,WH3,FedEx,Pune,Hyderabad,1600,1,,,
SHP01413,WH6,DHL,Mumbai,Delhi,9759,7,,,
SHP01414,WH7,BlueDart,Mumbai,Delhi,19830,5,,,
SHP01415,WH3,FedEx,Pune,Hyderabad,7504,1,,,
SHP01416,WH1,BlueDart,Pune,Hyderabad,2362,3,,,
SHP01417,WH6,BlueDart,Chennai,Bangalore,14135,4,,,
SHP01418,WH4,UPS,Pune,Hyderabad,11909,6,,,
SHP01419,WH6,UPS,Chennai,Bangalore,3376,6,,,
SHP01420,WH7,BlueDart,Pune,Hyderabad,17085,6,,,
SHP01421,WH6,DHL,Pune,Hyderabad,5512,8,,,
SHP01422,WH5,DHL,Chennai,Bangalore,1482,2,,,
SHP01423,WH4,BlueDart,Pune,Hyderabad,16270,4,,,
SHP01424,WH1,UPS,Mumbai,Delhi,5709,3,,,
SHP01425,WH6,DHL,Mumbai,Delhi,7568,1,,,
SHP01426,WH1,BlueDart,Pune,Hyderabad,14839,6,,,
SHP01427,WH5,FedEx,Pune,Hyderabad,4000,2,,,
SHP01428,WH4,FedEx,Pune,Hyderabad,15158,6,,,
SHP01429,WH4,FedEx,Chennai,Bangalore,9568,3,,,
SHP01430,WH7,DHL,Chennai,Bangalore,2444,9,,,
SHP01431,WH8,BlueDart,Mumbai,Delhi,14486,5,,,
SHP01432,WH5,UPS,Pune,Hyderabad,19423,5,,,
SHP01433,WH1,DHL,Pune,Hyderabad,3760,9,,,
SHP01434,WH3,BlueDart,Chennai,Bangalore,10115,8,,,
SHP01435,WH4,UPS,Mumbai,Delhi,15717,6,,,
SHP01436,WH8,BlueDart,Chennai,Bangalore,6166,6,,,
SHP01437,WH5,DHL,Chennai,Bangalore,14139,6,,,
SHP01438,WH3,FedEx,Mumbai,Delhi,8643,9,,,
SHP01439,WH5,DHL,Pune,Hyderabad,16723,2,,,
SHP01440,WH2,DHL,Mumbai,Delhi,13923,2,,,
SHP01441,WH2,DHL,Chennai,Bangalore,17081,2,,,
SHP01442,WH8,FedEx,Mumbai,Delhi,10569,3,,,
SHP01443,WH8,DHL,Chennai,Bangalore,19441,5,,,
SHP01444,WH7,FedEx,Chennai,Bangalore,13701,1,,,
SHP01445,WH3,FedEx,Pune,Hyderabad,1991,7,,,
SHP01446,WH2,UPS,Chennai,Bangalore,3652,7,,,
SHP01447,WH8,FedEx,Pune,Hyderabad,8116,6,,,
SHP01448,WH4,FedEx,Mumbai,Delhi,7322,4,,,
SHP01449,WH4,FedEx,Mumbai,Delhi,9307,5,,,
SHP01450,WH4,FedEx,Pune,Hyderabad,18989,2,,,
SHP01451,WH7,DHL,Chennai,Bangalore,19067,4,,,
SHP01452,WH6,FedEx,Pune,Hyderabad,17698,5,,,
SHP01453,WH6,FedEx,Chennai,Bangalore,3784,5,,,
SHP01454,WH2,UPS,Pune,Hyderabad,2363,7,,,
SHP01455,WH1,UPS,Pune,Hyderabad,15039,1,,,
SHP01456,WH1,DHL,Mumbai,Delhi,18601,9,,,
SHP01457,WH4,BlueDart,Mumbai,Delhi,6962,2,,,
SHP01458,WH5,FedEx,Chennai,Bangalore,10703,1,,,
SHP01459,WH8,BlueDart,Chennai,Bangalore,4091,7,,,
SHP01460,WH5,FedEx,Pune,Hyderabad,6286,8,,,
SHP01461,WH6,UPS,Mumbai,Delhi,4538,6,,,
SHP01462,WH1,DHL,Pune,Hyderabad,13300,2,,,
SHP01463,WH6,DHL,Mumbai,Delhi,14068,4,,,
SHP01464,WH5,BlueDart,Chennai,Bangalore,5607,8,,,
SHP01465,WH3,UPS,Chennai,Bangalore,17644,4,,,
SHP01466,WH4,FedEx,Chennai,Bangalore,3721,4,,,
SHP01467,WH4,DHL,Pune,Hyderabad,4379,1,,,
SHP01468,WH3,UPS,Mumbai,Delhi,14403,2,,,
SHP01469,WH7,UPS,Chennai,Bangalore,1970,3,,,
SHP01470,WH3,DHL,Pune,Hyderabad,7454,6,,,
SHP01471,WH1,DHL,Chennai,Bangalore,9049,5,,,
SHP01472,WH7,UPS,Pune,Hyderabad,2518,3,,,
SHP01473,WH7,BlueDart,Pune,Hyderabad,1078,3,,,
SHP01474,WH8,DHL,Mumbai,Delhi,4425,3,,,
SHP01475,WH7,UPS,Mumbai,Delhi,16505,8,,,
SHP01476,WH7,BlueDart,Chennai,Bangalore,18614,9,,,
SHP01477,WH8,DHL,Mumbai,Delhi,4305,1,,,
SHP01478,WH7,DHL,Pune,Hyderabad,4234,1,,,
SHP01479,WH5,FedEx,Chennai,Bangalore,12627,5,,,
SHP01480,WH6,UPS,Mumbai,Delhi,4465,5,,,
SHP01481,WH3,DHL,Mumbai,Delhi,7009,3,,,
SHP01482,WH7,UPS,Pune,Hyderabad,15598,9,,,
SHP01483,WH5,DHL,Chennai,Bangalore,1567,9,,,
SHP01484,WH1,UPS,Chennai,Bangalore,18376,7,,,
SHP01485,WH4,BlueDart,Pune,Hyderabad,11112,8,,,
SHP01486,WH6,UPS,Pune,Hyderabad,7032,7,,,
SHP01487,WH8,FedEx,Pune,Hyderabad,18685,2,,,
SHP01488,WH6,FedEx,Mumbai,Delhi,6502,4,,,
SHP01489,WH4,FedEx,Mumbai,Delhi,18013,3,,,
SHP01490,WH7,DHL,Mumbai,Delhi,15554,4,,,
SHP01491,WH4,FedEx,Chennai,Bangalore,13226,8,,,
SHP01492,WH5,UPS,Pune,Hyderabad,12500,9,,,
SHP01493,WH8,DHL,Pune,Hyderabad,3130,7,,,
SHP01494,WH1,FedEx,Chennai,Bangalore,15902,9,,,
SHP01495,WH1,BlueDart,Pune,Hyderabad,16611,2,,,
SHP01496,WH7,UPS,Pune,Hyderabad,5145,1,,,
SHP01497,WH3,DHL,Mumbai,Delhi,7139,4,,,
SHP01498,WH2,DHL,Chennai,Bangalore,12281,4,,,
SHP01499,WH7,BlueDart,Pune,Hyderabad,14594,9,,,
SHP01500,WH6,FedEx,Chennai,Bangalore,1628,1,,,
SHP01501,WH8,FedEx,Mumbai,Delhi,6794,4,,,
SHP01502,WH5,UPS,Chennai,Bangalore,15302,2,,,
SHP01503,WH5,UPS,Chennai,Bangalore,1672,4,,,
SHP01504,WH7,BlueDart,Pune,Hyderabad,12731,7,,,
SHP01505,WH5,BlueDart,Pune,Hyderabad,2048,2,,,
SHP01506,WH8,BlueDart,Pune,Hyderabad,10599,6,,,
SHP01507,WH5,FedEx,Mumbai,Delhi,6836,2,,,
SHP01508,WH8,FedEx,Chennai,Bangalore,1854,3,,,
SHP01509,WH7,DHL,Mumbai,Delhi,15811,5,,,
SHP01510,WH8,UPS,Chennai,Bangalore,16123,4,,,
SHP01511,WH2,BlueDart,Chennai,Bangalore,1510,4,,,
SHP01512,WH6,DHL,Mumbai,Delhi,17695,9,,,
SHP01513,WH3,DHL,Pune,Hyderabad,9386,6,,,
SHP01514,WH5,DHL,Mumbai,Delhi,13629,2,,,
SHP01515,WH1,DHL,Pune,Hyderabad,11165,9,,,
SHP01516,WH4,DHL,Pune,Hyderabad,10993,8,,,
SHP01517,WH7,DHL,Mumbai,Delhi,2680,9,,,
SHP01518,WH5,BlueDart,Pune,Hyderabad,4154,5,,,
SHP01519,WH8,FedEx,Mumbai,Delhi,17059,7,,,
SHP01520,WH1,DHL,Chennai,Bangalore,4140,6,,,
SHP01521,WH6,UPS,Pune,Hyderabad,17033,5,,,
SHP01522,WH1,FedEx,Chennai,Bangalore,11030,7,,,
SHP01523,WH7,DHL,Pune,Hyderabad,10120,8,,,
SHP01524,WH6,FedEx,Pune,Hyderabad,18134,2,,,
SHP01525,WH6,FedEx,Pune,Hyderabad,1385,4,,,
SHP01526,WH5,DHL,Pune,Hyderabad,1823,7,,,
SHP01527,WH5,FedEx,Pune,Hyderabad,3723,7,,,
SHP01528,WH6,BlueDart,Chennai,Bangalore,2381,5,,,
SHP01529,WH8,DHL,Pune,Hyderabad,4612,1,,,
SHP01530,WH4,DHL,Mumbai,Delhi,18656,6,,,
SHP01531,WH5,DHL,Pune,Hyderabad,14410,1,,,
SHP01532,WH7,FedEx,Chennai,Bangalore,18448,6,,,
SHP01533,WH6,DHL,Chennai,Bangalore,10704,3,,,
SHP01534,WH1,BlueDart,Mumbai,Delhi,1289,6,,,
SHP01535,WH3,FedEx,Mumbai,Delhi,13146,2,,,
SHP01536,WH7,BlueDart,Pune,Hyderabad,6541,2,,,
SHP01537,WH8,FedEx,Mumbai,Delhi,15220,6,,,
SHP01538,WH6,FedEx,Chennai,Bangalore,17806,7,,,
SHP01539,WH4,DHL,Chennai,Bangalore,6813,4,,,
SHP01540,WH8,FedEx,Chennai,Bangalore,4555,1,,,
SHP01541,WH7,UPS,Chennai,Bangalore,7779,4,,,
SHP01542,WH2,UPS,Pune,Hyderabad,19740,5,,,
SHP01543,WH5,DHL,Mumbai,Delhi,9626,1,,,
SHP01544,WH8,UPS,Chennai,Bangalore,6660,7,,,
SHP01545,WH1,UPS,Pune,Hyderabad,18734,8,,,
SHP01546,WH5,UPS,Pune,Hyderabad,5740,9,,,
SHP01547,WH7,DHL,Mumbai,Delhi,6426,4,,,
SHP01548,WH8,UPS,Pune,Hyderabad,3364,8,,,
SHP01549,WH1,BlueDart,Chennai,Bangalore,19469,7,,,
SHP01550,WH1,UPS,Mumbai,Delhi,1649,1,,,
SHP01551,WH5,BlueDart,Mumbai,Delhi,10726,4,,,
SHP01552,WH2,FedEx,Pune,Hyderabad,15784,5,,,
SHP01553,WH6,BlueDart,Mumbai,Delhi,9455,3,,,
SHP01554,WH1,UPS,Pune,Hyderabad,5466,2,,,
SHP01555,WH2,DHL,Chennai,Bangalore,8289,8,,,
SHP01556,WH2,FedEx,Chennai,Bangalore,4711,3,,,
SHP01557,WH8,DHL,Chennai,Bangalore,12086,8,,,
SHP01558,WH5,BlueDart,Chennai,Bangalore,4558,6,,,
SHP01559,WH5,BlueDart,Pune,Hyderabad,15405,7,,,
SHP01560,WH4,FedEx,Pune,Hyderabad,1116,9,,,
SHP01561,WH1,UPS,Mumbai,Delhi,7502,8,,,
SHP01562,WH6,DHL,Chennai,Bangalore,12117,7,,,
SHP01563,WH7,UPS,Mumbai,Delhi,9769,4,,,
SHP01564,WH6,FedEx,Mumbai,Delhi,9517,5,,,
SHP01565,WH5,DHL,Chennai,Bangalore,5995,8,,,
SHP01566,WH7,UPS,Pune,Hyderabad,13469,9,,,
SHP01567,WH6,UPS,Mumbai,Delhi,6262,1,,,
SHP01568,WH7,DHL,Pune,Hyderabad,10252,6,,,
SHP01569,WH2,DHL,Chennai,Bangalore,8537,1,,,
SHP01570,WH4,UPS,Pune,Hyderabad,14984,3,,,
SHP01571,WH8,UPS,Mumbai,Delhi,19717,4,,,
SHP01572,WH8,UPS,Pune,Hyderabad,14498,7,,,
SHP01573,WH6,BlueDart,Mumbai,Delhi,13520,9,,,
SHP01574,WH2,UPS,Chennai,Bangalore,15865,4,,,
SHP01575,WH5,UPS,Chennai,Bangalore,8018,5,,,
SHP01576,WH2,BlueDart,Chennai,Bangalore,16858,1,,,
SHP01577,WH7,DHL,Mumbai,Delhi,1739,4,,,
SHP01578,WH6,DHL,Mumbai,Delhi,1239,4,,,
SHP01579,WH8,UPS,Chennai,Bangalore,8636,9,,,
SHP01580,WH4,BlueDart,Chennai,Bangalore,17036,1,,,
SHP01581,WH3,BlueDart,Chennai,Bangalore,5123,3,,,
SHP01582,WH3,FedEx,Chennai,Bangalore,4600,6,,,
SHP01583,WH2,BlueDart,Chennai,Bangalore,8906,1,,,
SHP01584,WH2,BlueDart,Chennai,Bangalore,9465,3,,,
SHP01585,WH7,DHL,Chennai,Bangalore,14209,6,,,
SHP01586,WH4,UPS,Mumbai,Delhi,9060,4,,,
SHP01587,WH6,FedEx,Mumbai,Delhi,3114,2,,,
SHP01588,WH6,BlueDart,Pune,Hyderabad,2887,2,,,
SHP01589,WH5,BlueDart,Chennai,Bangalore,16788,5,,,
SHP01590,WH3,FedEx,Pune,Hyderabad,16870,3,,,
SHP01591,WH6,BlueDart,Mumbai,Delhi,18678,4,,,
SHP01592,WH7,BlueDart,Chennai,Bangalore,5728,2,,,
SHP01593,WH2,DHL,Chennai,Bangalore,5080,2,,,
SHP01594,WH3,DHL,Chennai,Bangalore,15887,6,,,
SHP01595,WH5,UPS,Mumbai,Delhi,7317,2,,,
SHP01596,WH7,BlueDart,Pune,Hyderabad,15636,1,,,
SHP01597,WH3,FedEx,Chennai,Bangalore,17120,9,,,
SHP01598,WH2,UPS,Pune,Hyderabad,18876,1,,,
SHP01599,WH8,DHL,Pune,Hyderabad,5168,4,,,
SHP01600,WH6,FedEx,Chennai,Bangalore,5188,3,,,
SHP01601,WH4,FedEx,Pune,Hyderabad,18018,7,,,
SHP01602,WH2,UPS,Pune,Hyderabad,6476,1,,,
SHP01603,WH2,BlueDart,Mumbai,Delhi,17517,4,,,
SHP01604,WH7,UPS,Mumbai,Delhi,9210,6,,,
SHP01605,WH4,FedEx,Pune,Hyderabad,18583,9,,,
SHP01606,WH4,BlueDart,Mumbai,Delhi,2764,7,,,
SHP01607,WH7,DHL,Pune,Hyderabad,5612,2,,,
SHP01608,WH5,UPS,Mumbai,Delhi,8478,9,,,
SHP01609,WH7,FedEx,Mumbai,Delhi,15876,9,,,
SHP01610,WH3,BlueDart,Mumbai,Delhi,9647,3,,,
SHP01611,WH6,DHL,Mumbai,Delhi,8814,3,,,
SHP01612,WH4,UPS,Mumbai,Delhi,4596,2,,,
SHP01613,WH3,DHL,Pune,Hyderabad,4513,3,,,
SHP01614,WH3,FedEx,Chennai,Bangalore,4369,6,,,
SHP01615,WH5,UPS,Pune,Hyderabad,19273,9,,,
SHP01616,WH4,UPS,Pune,Hyderabad,2870,5,,,
SHP01617,WH7,UPS,Chennai,Bangalore,14060,1,,,
SHP01618,WH2,DHL,Pune,Hyderabad,6124,9,,,
SHP01619,WH8,BlueDart,Pune,Hyderabad,3552,9,,,
SHP01620,WH4,BlueDart,Chennai,Bangalore,2914,1,,,
SHP01621,WH2,DHL,Chennai,Bangalore,7053,3,,,
SHP01622,WH8,FedEx,Pune,Hyderabad,3238,4,,,
SHP01623,WH2,DHL,Chennai,Bangalore,12708,8,,,
SHP01624,WH5,UPS,Chennai,Bangalore,17764,3,,,
SHP01625,WH4,FedEx,Chennai,Bangalore,8977,6,,,
SHP01626,WH2,FedEx,Pune,Hyderabad,11545,7,,,
SHP01627,WH6,FedEx,Pune,Hyderabad,13288,2,,,
SHP01628,WH6,FedEx,Chennai,Bangalore,15560,5,,,
SHP01629,WH8,UPS,Mumbai,Delhi,19435,4,,,
SHP01630,WH3,BlueDart,Chennai,Bangalore,19560,4,,,
SHP01631,WH8,UPS,Pune,Hyderabad,8394,1,,,
SHP01632,WH5,FedEx,Mumbai,Delhi,14311,5,,,
SHP01633,WH4,UPS,Pune,Hyderabad,3583,7,,,
SHP01634,WH6,UPS,Mumbai,Delhi,15612,8,,,
SHP01635,WH3,FedEx,Chennai,Bangalore,15492,8,,,
SHP01636,WH8,UPS,Pune,Hyderabad,11625,7,,,
SHP01637,WH2,DHL,Pune,Hyderabad,19864,9,,,
SHP01638,WH8,FedEx,Mumbai,Delhi,5951,4,,,
SHP01639,WH6,UPS,Chennai,Bangalore,11693,4,,,
SHP01640,WH5,UPS,Mumbai,Delhi,3216,7,,,
SHP01641,WH2,DHL,Chennai,Bangalore,11669,2,,,
SHP01642,WH7,FedEx,Pune,Hyderabad,17534,9,,,
SHP01643,WH7,DHL,Pune,Hyderabad,7438,5,,,
SHP01644,WH5,DHL,Mumbai,Delhi,4817,5,,,
SHP01645,WH7,FedEx,Chennai,Bangalore,14097,6,,,
SHP01646,WH8,FedEx,Pune,Hyderabad,4539,4,,,
SHP01647,WH7,FedEx,Mumbai,Delhi,6852,1,,,
SHP01648,WH8,UPS,Pune,Hyderabad,7815,5,,,
SHP01649,WH7,FedEx,Mumbai,Delhi,14459,7,,,
SHP01650,WH1,UPS,Chennai,Bangalore,12197,4,,,
SHP01651,WH5,BlueDart,Mumbai,Delhi,7790,3,,,
SHP01652,WH2,FedEx,Chennai,Bangalore,11649,8,,,
SHP01653,WH5,UPS,Pune,Hyderabad,5590,9,,,
SHP01654,WH4,UPS,Pune,Hyderabad,13456,2,,,
SHP01655,WH6,FedEx,Chennai,Bangalore,10398,2,,,
SHP01656,WH6,FedEx,Pune,Hyderabad,2483,6,,,
SHP01657,WH8,UPS,Pune,Hyderabad,10265,6,,,
SHP01658,WH2,FedEx,Mumbai,Delhi,8048,5,,,
SHP01659,WH2,BlueDart,Chennai,Bangalore,9200,1,,,
SHP01660,WH7,BlueDart,Pune,Hyderabad,4125,6,,,
SHP01661,WH4,BlueDart,Pune,Hyderabad,2597,2,,,
SHP01662,WH1,FedEx,Mumbai,Delhi,12903,5,,,
SHP01663,WH5,DHL,Chennai,Bangalore,8311,9,,,
SHP01664,WH2,DHL,Mumbai,Delhi,2121,2,,,
SHP01665,WH3,UPS,Mumbai,Delhi,12643,5,,,
SHP01666,WH6,FedEx,Pune,Hyderabad,2518,2,,,
SHP01667,WH8,BlueDart,Chennai,Bangalore,17723,6,,,
SHP01668,WH8,FedEx,Pune,Hyderabad,18073,9,,,
SHP01669,WH8,DHL,Chennai,Bangalore,19812,2,,,
SHP01670,WH8,DHL,Pune,Hyderabad,19971,6,,,
SHP01671,WH4,FedEx,Pune,Hyderabad,2879,7,,,
SHP01672,WH2,UPS,Chennai,Bangalore,15603,2,,,
SHP01673,WH6,UPS,Chennai,Bangalore,10915,4,,,
SHP01674,WH6,DHL,Mumbai,Delhi,7979,2,,,
SHP01675,WH8,BlueDart,Mumbai,Delhi,18327,4,,,
SHP01676,WH6,FedEx,Mumbai,Delhi,12465,9,,,
SHP01677,WH1,DHL,Chennai,Bangalore,4931,9,,,
SHP01678,WH6,FedEx,Pune,Hyderabad,6862,3,,,
SHP01679,WH3,FedEx,Chennai,Bangalore,1841,8,,,
SHP01680,WH8,BlueDart,Mumbai,Delhi,19957,1,,,
SHP01681,WH5,UPS,Mumbai,Delhi,8871,6,,,
SHP01682,WH7,DHL,Mumbai,Delhi,5359,9,,,
SHP01683,WH8,DHL,Mumbai,Delhi,17086,4,,,
SHP01684,WH4,BlueDart,Pune,Hyderabad,18531,8,,,
SHP01685,WH3,FedEx,Pune,Hyderabad,18009,1,,,
SHP01686,WH3,BlueDart,Mumbai,Delhi,19856,2,,,
SHP01687,WH8,BlueDart,Chennai,Bangalore,11796,8,,,
SHP01688,WH3,DHL,Mumbai,Delhi,8957,9,,,
SHP01689,WH5,FedEx,Mumbai,Delhi,12482,5,,,
SHP01690,WH3,UPS,Mumbai,Delhi,16255,6,,,
SHP01691,WH1,FedEx,Pune,Hyderabad,12402,3,,,
SHP01692,WH6,BlueDart,Chennai,Bangalore,5943,8,,,
SHP01693,WH7,DHL,Pune,Hyderabad,19671,4,,,
SHP01694,WH7,BlueDart,Mumbai,Delhi,19868,6,,,
SHP01695,WH4,DHL,Mumbai,Delhi,9714,7,,,
SHP01696,WH4,BlueDart,Mumbai,Delhi,6299,6,,,
SHP01697,WH8,BlueDart,Chennai,Bangalore,5435,6,,,
SHP01698,WH3,UPS,Pune,Hyderabad,15880,6,,,
SHP01699,WH2,UPS,Pune,Hyderabad,4846,2,,,
SHP01700,WH7,BlueDart,Chennai,Bangalore,12132,9,,,
SHP01701,WH7,BlueDart,Pune,Hyderabad,10702,7,,,
SHP01702,WH2,UPS,Mumbai,Delhi,9148,2,,,
SHP01703,WH4,UPS,Chennai,Bangalore,1175,1,,,
SHP01704,WH1,BlueDart,Chennai,Bangalore,14033,6,,,
SHP01705,WH7,FedEx,Chennai,Bangalore,16348,2,,,
SHP01706,WH8,UPS,Mumbai,Delhi,8680,5,,,
SHP01707,WH2,DHL,Pune,Hyderabad,13451,6,,,
SHP01708,WH8,FedEx,Pune,Hyderabad,3924,8,,,
SHP01709,WH4,BlueDart,Mumbai,Delhi,1806,4,,,
SHP01710,WH4,BlueDart,Mumbai,Delhi,15543,3,,,
SHP01711,WH3,UPS,Chennai,Bangalore,18386,4,,,
SHP01712,WH4,FedEx,Chennai,Bangalore,16843,7,,,
SHP01713,WH2,DHL,Pune,Hyderabad,4574,4,,,
SHP01714,WH6,FedEx,Chennai,Bangalore,18284,8,,,
SHP01715,WH4,BlueDart,Chennai,Bangalore,5416,3,,,
SHP01716,WH6,BlueDart,Chennai,Bangalore,6481,7,,,
SHP01717,WH3,DHL,Chennai,Bangalore,17276,6,,,
SHP01718,WH7,BlueDart,Pune,Hyderabad,18031,1,,,
SHP01719,WH8,DHL,Mumbai,Delhi,7803,9,,,
SHP01720,WH2,DHL,Pune,Hyderabad,12042,5,,,
SHP01721,WH1,BlueDart,Mumbai,Delhi,8473,5,,,
SHP01722,WH2,DHL,Chennai,Bangalore,13718,3,,,
SHP01723,WH3,BlueDart,Chennai,Bangalore,8835,8,,,
SHP01724,WH7,FedEx,Chennai,Bangalore,18690,6,,,
SHP01725,WH5,BlueDart,Pune,Hyderabad,19269,4,,,
SHP01726,WH5,DHL,Chennai,Bangalore,1437,2,,,
SHP01727,WH5,BlueDart,Mumbai,Delhi,12812,4,,,
SHP01728,WH7,DHL,Pune,Hyderabad,13434,1,,,
SHP01729,WH8,BlueDart,Pune,Hyderabad,15270,1,,,
SHP01730,WH8,BlueDart,Pune,Hyderabad,17820,8,,,
SHP01731,WH6,DHL,Mumbai,Delhi,11173,4,,,
SHP01732,WH6,UPS,Mumbai,Delhi,13389,9,,,
SHP01733,WH3,BlueDart,Pune,Hyderabad,4203,6,,,
SHP01734,WH4,DHL,Pune,Hyderabad,12714,4,,,
SHP01735,WH1,UPS,Mumbai,Delhi,5470,9,,,
SHP01736,WH3,UPS,Pune,Hyderabad,4146,1,,,
SHP01737,WH1,FedEx,Pune,Hyderabad,11284,4,,,
SHP01738,WH6,FedEx,Chennai,Bangalore,5507,7,,,
SHP01739,WH4,BlueDart,Mumbai,Delhi,1487,3,,,
SHP01740,WH5,DHL,Mumbai,Delhi,15659,6,,,
SHP01741,WH2,BlueDart,Mumbai,Delhi,10137,4,,,
SHP01742,WH8,DHL,Pune,Hyderabad,1166,9,,,
SHP01743,WH7,FedEx,Mumbai,Delhi,8380,4,,,
SHP01744,WH1,UPS,Chennai,Bangalore,3584,4,,,
SHP01745,WH2,DHL,Chennai,Bangalore,7956,9,,,
SHP01746,WH6,BlueDart,Chennai,Bangalore,7210,2,,,
SHP01747,WH3,UPS,Pune,Hyderabad,2533,2,,,
SHP01748,WH4,UPS,Chennai,Bangalore,11836,4,,,
SHP01749,WH6,BlueDart,Mumbai,Delhi,9182,2,,,
SHP01750,WH4,BlueDart,Chennai,Bangalore,9952,2,,,
SHP01751,WH8,DHL,Mumbai,Delhi,3833,6,,,
SHP01752,WH2,BlueDart,Chennai,Bangalore,18717,4,,,
SHP01753,WH2,DHL,Chennai,Bangalore,4856,3,,,
SHP01754,WH4,BlueDart,Pune,Hyderabad,11316,4,,,
SHP01755,WH5,BlueDart,Chennai,Bangalore,3431,7,,,
SHP01756,WH6,UPS,Pune,Hyderabad,17954,7,,,
SHP01757,WH6,UPS,Pune,Hyderabad,13074,3,,,
SHP01758,WH2,FedEx,Chennai,Bangalore,9372,9,,,
SHP01759,WH6,UPS,Chennai,Bangalore,17274,2,,,
SHP01760,WH7,UPS,Mumbai,Delhi,5939,2,,,
SHP01761,WH2,BlueDart,Pune,Hyderabad,12928,3,,,
SHP01762,WH7,UPS,Chennai,Bangalore,11605,6,,,
SHP01763,WH2,UPS,Mumbai,Delhi,12702,6,,,
SHP01764,WH4,DHL,Mumbai,Delhi,10910,7,,,
SHP01765,WH3,DHL,Pune,Hyderabad,19764,7,,,
SHP01766,WH3,FedEx,Pune,Hyderabad,8489,1,,,
SHP01767,WH1,UPS,Mumbai,Delhi,12952,7,,,
SHP01768,WH1,DHL,Chennai,Bangalore,2133,1,,,
SHP01769,WH2,FedEx,Mumbai,Delhi,1353,3,,,
SHP01770,WH7,FedEx,Pune,Hyderabad,1161,4,,,
SHP01771,WH6,UPS,Chennai,Bangalore,12903,6,,,
SHP01772,WH6,UPS,Pune,Hyderabad,11644,4,,,
SHP01773,WH4,UPS,Mumbai,Delhi,19888,4,,,
SHP01774,WH3,DHL,Chennai,Bangalore,1786,6,,,
SHP01775,WH7,FedEx,Pune,Hyderabad,2161,4,,,
SHP01776,WH5,FedEx,Pune,Hyderabad,15369,6,,,
SHP01777,WH6,FedEx,Pune,Hyderabad,18613,3,,,
SHP01778,WH5,UPS,Mumbai,Delhi,3029,8,,,
SHP01779,WH2,FedEx,Chennai,Bangalore,18855,6,,,
SHP01780,WH2,DHL,Pune,Hyderabad,11503,9,,,
SHP01781,WH5,BlueDart,Chennai,Bangalore,6217,2,,,
SHP01782,WH7,FedEx,Chennai,Bangalore,14670,5,,,
SHP01783,WH6,DHL,Chennai,Bangalore,8590,9,,,
SHP01784,WH6,UPS,Pune,Hyderabad,3784,6,,,
SHP01785,WH8,UPS,Mumbai,Delhi,12779,6,,,
SHP01786,WH5,BlueDart,Pune,Hyderabad,8268,7,,,
SHP01787,WH2,BlueDart,Pune,Hyderabad,17970,7,,,
SHP01788,WH4,UPS,Mumbai,Delhi,14194,5,,,
SHP01789,WH1,UPS,Chennai,Bangalore,17973,8,,,
SHP01790,WH4,UPS,Pune,Hyderabad,8334,6,,,
SHP01791,WH6,BlueDart,Pune,Hyderabad,3433,4,,,
SHP01792,WH2,UPS,Mumbai,Delhi,15689,1,,,
SHP01793,WH2,UPS,Pune,Hyderabad,19442,1,,,
SHP01794,WH4,BlueDart,Pune,Hyderabad,17620,6,,,
SHP01795,WH8,DHL,Chennai,Bangalore,12570,5,,,
SHP01796,WH3,UPS,Pune,Hyderabad,15545,3,,,
SHP01797,WH7,UPS,Mumbai,Delhi,18375,6,,,
SHP01798,WH2,BlueDart,Mumbai,Delhi,7978,8,,,
SHP01799,WH5,DHL,Pune,Hyderabad,1951,5,,,
SHP01800,WH8,FedEx,Mumbai,Delhi,7257,4,,,
SHP01801,WH8,DHL,Mumbai,Delhi,12941,8,,,
SHP01802,WH8,FedEx,Pune,Hyderabad,18431,4,,,
SHP01803,WH8,FedEx,Pune,Hyderabad,18303,8,,,
SHP01804,WH6,FedEx,Chennai,Bangalore,3598,6,,,
SHP01805,WH1,BlueDart,Pune,Hyderabad,8298,5,,,
SHP01806,WH3,DHL,Mumbai,Delhi,13131,1,,,
SHP01807,WH4,FedEx,Mumbai,Delhi,9293,2,,,
SHP01808,WH5,BlueDart,Chennai,Bangalore,19670,7,,,
SHP01809,WH4,FedEx,Mumbai,Delhi,13174,2,,,
SHP01810,WH6,BlueDart,Mumbai,Delhi,16192,3,,,
SHP01811,WH3,BlueDart,Mumbai,Delhi,4030,7,,,
SHP01812,WH8,UPS,Chennai,Bangalore,14683,3,,,
SHP01813,WH1,FedEx,Pune,Hyderabad,5680,9,,,
SHP01814,WH8,DHL,Chennai,Bangalore,19024,9,,,
SHP01815,WH6,UPS,Mumbai,Delhi,2205,7,,,
SHP01816,WH2,BlueDart,Mumbai,Delhi,4971,5,,,
SHP01817,WH8,UPS,Chennai,Bangalore,7741,2,,,
SHP01818,WH7,BlueDart,Chennai,Bangalore,6815,5,,,
SHP01819,WH8,BlueDart,Pune,Hyderabad,14926,5,,,
SHP01820,WH3,FedEx,Mumbai,Delhi,9732,2,,,
SHP01821,WH8,BlueDart,Mumbai,Delhi,5017,9,,,
SHP01822,WH6,UPS,Mumbai,Delhi,2916,5,,,
SHP01823,WH5,BlueDart,Pune,Hyderabad,4646,9,,,
SHP01824,WH7,DHL,Pune,Hyderabad,10867,8,,,
SHP01825,WH1,DHL,Mumbai,Delhi,8341,9,,,
SHP01826,WH3,FedEx,Chennai,Bangalore,4805,6,,,
SHP01827,WH7,BlueDart,Pune,Hyderabad,3534,8,,,
SHP01828,WH7,DHL,Pune,Hyderabad,4357,3,,,
SHP01829,WH8,DHL,Mumbai,Delhi,14484,3,,,
SHP01830,WH6,BlueDart,Pune,Hyderabad,12156,9,,,
SHP01831,WH1,DHL,Mumbai,Delhi,10327,1,,,
SHP01832,WH5,DHL,Chennai,Bangalore,16512,5,,,
SHP01833,WH4,FedEx,Chennai,Bangalore,10516,3,,,
SHP01834,WH2,FedEx,Pune,Hyderabad,13572,5,,,
SHP01835,WH1,DHL,Chennai,Bangalore,3182,5,,,
SHP01836,WH3,FedEx,Mumbai,Delhi,9476,6,,,
SHP01837,WH1,BlueDart,Pune,Hyderabad,14938,8,,,
SHP01838,WH7,FedEx,Chennai,Bangalore,3824,1,,,
SHP01839,WH2,BlueDart,Mumbai,Delhi,8888,8,,,
SHP01840,WH2,FedEx,Mumbai,Delhi,11033,5,,,
SHP01841,WH7,FedEx,Pune,Hyderabad,11260,8,,,
SHP01842,WH1,BlueDart,Chennai,Bangalore,9980,2,,,
SHP01843,WH5,BlueDart,Chennai,Bangalore,6421,5,,,
SHP01844,WH8,DHL,Chennai,Bangalore,13432,5,,,
SHP01845,WH4,DHL,Pune,Hyderabad,14202,2,,,
SHP01846,WH8,UPS,Chennai,Bangalore,13632,7,,,
SHP01847,WH4,FedEx,Mumbai,Delhi,3037,1,,,
SHP01848,WH4,UPS,Pune,Hyderabad,15688,7,,,
SHP01849,WH1,DHL,Mumbai,Delhi,6660,3,,,
SHP01850,WH7,UPS,Mumbai,Delhi,11712,3,,,
SHP01851,WH5,UPS,Chennai,Bangalore,18076,5,,,
SHP01852,WH2,DHL,Mumbai,Delhi,10135,9,,,
SHP01853,WH3,FedEx,Chennai,Bangalore,10053,3,,,
SHP01854,WH5,FedEx,Mumbai,Delhi,4078,4,,,
SHP01855,WH7,BlueDart,Pune,Hyderabad,18149,8,,,
SHP01856,WH3,BlueDart,Chennai,Bangalore,9440,6,,,
SHP01857,WH6,BlueDart,Mumbai,Delhi,11376,6,,,
SHP01858,WH6,DHL,Chennai,Bangalore,17944,7,,,
SHP01859,WH7,DHL,Mumbai,Delhi,9288,7,,,
SHP01860,WH7,UPS,Pune,Hyderabad,9420,6,,,
SHP01861,WH3,UPS,Mumbai,Delhi,7833,9,,,
SHP01862,WH5,UPS,Pune,Hyderabad,17548,3,,,
SHP01863,WH5,BlueDart,Chennai,Bangalore,4744,6,,,
SHP01864,WH4,BlueDart,Mumbai,Delhi,17654,2,,,
SHP01865,WH2,UPS,Mumbai,Delhi,14888,9,,,
SHP01866,WH8,FedEx,Mumbai,Delhi,13595,9,,,
SHP01867,WH1,UPS,Pune,Hyderabad,17417,4,,,
SHP01868,WH2,UPS,Chennai,Bangalore,15025,9,,,
SHP01869,WH2,BlueDart,Mumbai,Delhi,3832,7,,,
SHP01870,WH4,BlueDart,Mumbai,Delhi,3099,8,,,
SHP01871,WH4,DHL,Chennai,Bangalore,19927,3,,,
SHP01872,WH3,DHL,Pune,Hyderabad,13907,5,,,
SHP01873,WH1,UPS,Mumbai,Delhi,3875,4,,,
SHP01874,WH4,BlueDart,Chennai,Bangalore,13856,6,,,
SHP01875,WH2,BlueDart,Chennai,Bangalore,17177,3,,,
SHP01876,WH6,BlueDart,Mumbai,Delhi,9118,3,,,
SHP01877,WH1,FedEx,Chennai,Bangalore,3259,1,,,
SHP01878,WH5,BlueDart,Chennai,Bangalore,17948,3,,,
SHP01879,WH2,FedEx,Chennai,Bangalore,8794,5,,,
SHP01880,WH3,DHL,Mumbai,Delhi,12258,4,,,
SHP01881,WH3,BlueDart,Mumbai,Delhi,15058,4,,,
SHP01882,WH2,BlueDart,Mumbai,Delhi,1791,7,,,
SHP01883,WH4,DHL,Mumbai,Delhi,17713,7,,,
SHP01884,WH5,UPS,Pune,Hyderabad,6220,5,,,
SHP01885,WH7,DHL,Pune,Hyderabad,4962,6,,,
SHP01886,WH2,UPS,Pune,Hyderabad,1378,1,,,
SHP01887,WH8,FedEx,Mumbai,Delhi,12981,6,,,
SHP01888,WH5,DHL,Mumbai,Delhi,11482,1,,,
SHP01889,WH8,UPS,Pune,Hyderabad,9712,9,,,
SHP01890,WH7,DHL,Mumbai,Delhi,11462,6,,,
SHP01891,WH8,FedEx,Pune,Hyderabad,3903,8,,,
SHP01892,WH2,UPS,Mumbai,Delhi,10316,2,,,
SHP01893,WH4,DHL,Chennai,Bangalore,2033,6,,,
SHP01894,WH4,BlueDart,Chennai,Bangalore,7722,8,,,
SHP01895,WH5,DHL,Chennai,Bangalore,16213,4,,,
SHP01896,WH6,BlueDart,Chennai,Bangalore,7017,5,,,
SHP01897,WH5,BlueDart,Pune,Hyderabad,11777,5,,,
SHP01898,WH1,DHL,Mumbai,Delhi,11353,2,,,
SHP01899,WH5,BlueDart,Chennai,Bangalore,14108,7,,,
SHP01900,WH6,UPS,Mumbai,Delhi,15590,5,,,
SHP01901,WH8,UPS,Chennai,Bangalore,4524,1,,,
SHP01902,WH1,UPS,Mumbai,Delhi,19022,3,,,
SHP01903,WH7,DHL,Chennai,Bangalore,18038,9,,,
SHP01904,WH1,DHL,Pune,Hyderabad,12595,6,,,
SHP01905,WH3,FedEx,Mumbai,Delhi,16174,1,,,
SHP01906,WH6,BlueDart,Chennai,Bangalore,17913,8,,,
SHP01907,WH3,DHL,Pune,Hyderabad,10977,9,,,
SHP01908,WH6,DHL,Mumbai,Delhi,7822,6,,,
SHP01909,WH1,BlueDart,Pune,Hyderabad,2077,5,,,
SHP01910,WH3,UPS,Mumbai,Delhi,15392,6,,,
SHP01911,WH6,UPS,Pune,Hyderabad,9396,5,,,
SHP01912,WH3,DHL,Pune,Hyderabad,16300,2,,,
SHP01913,WH4,BlueDart,Chennai,Bangalore,15077,8,,,
SHP01914,WH2,FedEx,Chennai,Bangalore,12506,2,,,
SHP01915,WH3,FedEx,Pune,Hyderabad,15230,4,,,
SHP01916,WH6,FedEx,Mumbai,Delhi,11520,7,,,
SHP01917,WH4,UPS,Chennai,Bangalore,12853,5,,,
SHP01918,WH1,BlueDart,Chennai,Bangalore,18627,7,,,
SHP01919,WH2,BlueDart,Pune,Hyderabad,15802,5,,,
SHP01920,WH1,BlueDart,Pune,Hyderabad,8565,4,,,
SHP01921,WH6,DHL,Pune,Hyderabad,5851,9,,,
SHP01922,WH2,DHL,Chennai,Bangalore,6357,9,,,
SHP01923,WH8,DHL,Mumbai,Delhi,15324,7,,,
SHP01924,WH5,DHL,Mumbai,Delhi,3830,2,,,
SHP01925,WH2,DHL,Pune,Hyderabad,3623,1,,,
SHP01926,WH3,BlueDart,Chennai,Bangalore,19547,5,,,
SHP01927,WH1,FedEx,Pune,Hyderabad,8513,3,,,
SHP01928,WH1,FedEx,Mumbai,Delhi,10652,7,,,
SHP01929,WH6,DHL,Chennai,Bangalore,11083,2,,,
SHP01930,WH4,FedEx,Pune,Hyderabad,19279,9,,,
SHP01931,WH4,UPS,Mumbai,Delhi,6596,7,,,
SHP01932,WH2,DHL,Mumbai,Delhi,17210,3,,,
SHP01933,WH5,FedEx,Mumbai,Delhi,4041,9,,,
SHP01934,WH8,FedEx,Pune,Hyderabad,11677,3,,,
SHP01935,WH3,FedEx,Mumbai,Delhi,7077,7,,,
SHP01936,WH7,DHL,Pune,Hyderabad,14496,9,,,
SHP01937,WH7,BlueDart,Mumbai,Delhi,4931,5,,,
SHP01938,WH8,UPS,Chennai,Bangalore,14123,2,,,
SHP01939,WH2,FedEx,Mumbai,Delhi,12745,4,,,
SHP01940,WH7,BlueDart,Chennai,Bangalore,8808,3,,,
SHP01941,WH7,UPS,Pune,Hyderabad,11979,1,,,
SHP01942,WH2,BlueDart,Chennai,Bangalore,8183,4,,,
SHP01943,WH7,DHL,Chennai,Bangalore,17223,1,,,
SHP01944,WH8,DHL,Mumbai,Delhi,2796,1,,,
SHP01945,WH4,BlueDart,Pune,Hyderabad,3552,4,,,
SHP01946,WH4,DHL,Chennai,Bangalore,19660,7,,,
SHP01947,WH5,UPS,Chennai,Bangalore,11207,5,,,
SHP01948,WH1,FedEx,Chennai,Bangalore,12292,8,,,
SHP01949,WH6,DHL,Pune,Hyderabad,13610,7,,,
SHP01950,WH4,DHL,Mumbai,Delhi,12689,7,,,
SHP01951,WH5,FedEx,Mumbai,Delhi,17019,2,,,
SHP01952,WH3,DHL,Mumbai,Delhi,15260,4,,,
SHP01953,WH1,BlueDart,Chennai,Bangalore,8336,7,,,
SHP01954,WH1,BlueDart,Chennai,Bangalore,19250,3,,,
SHP01955,WH2,BlueDart,Mumbai,Delhi,18657,3,,,
SHP01956,WH1,FedEx,Mumbai,Delhi,13773,2,,,
SHP01957,WH2,BlueDart,Chennai,Bangalore,12416,7,,,
SHP01958,WH7,FedEx,Mumbai,Delhi,2296,3,,,
SHP01959,WH4,BlueDart,Mumbai,Delhi,13962,2,,,
SHP01960,WH6,DHL,Chennai,Bangalore,2560,6,,,
SHP01961,WH3,UPS,Chennai,Bangalore,16425,6,,,
SHP01962,WH6,DHL,Mumbai,Delhi,6844,3,,,
SHP01963,WH6,DHL,Mumbai,Delhi,4523,7,,,
SHP01964,WH6,FedEx,Mumbai,Delhi,17146,9,,,
SHP01965,WH8,BlueDart,Pune,Hyderabad,15571,7,,,
SHP01966,WH8,UPS,Chennai,Bangalore,12895,2,,,
SHP01967,WH5,UPS,Chennai,Bangalore,15940,3,,,
SHP01968,WH5,BlueDart,Mumbai,Delhi,11761,2,,,
SHP01969,WH2,DHL,Mumbai,Delhi,14823,8,,,
SHP01970,WH4,FedEx,Mumbai,Delhi,11759,6,,,
SHP01971,WH6,BlueDart,Pune,Hyderabad,6423,5,,,
SHP01972,WH1,FedEx,Mumbai,Delhi,11337,2,,,
SHP01973,WH1,BlueDart,Mumbai,Delhi,14767,2,,,
SHP01974,WH3,BlueDart,Pune,Hyderabad,7435,6,,,
SHP01975,WH3,FedEx,Pune,Hyderabad,1341,5,,,
SHP01976,WH7,UPS,Mumbai,Delhi,10625,2,,,
SHP01977,WH1,DHL,Pune,Hyderabad,10741,1,,,
SHP01978,WH5,BlueDart,Chennai,Bangalore,12182,3,,,
SHP01979,WH5,FedEx,Chennai,Bangalore,4547,9,,,
SHP01980,WH6,DHL,Pune,Hyderabad,6152,8,,,
SHP01981,WH5,UPS,Chennai,Bangalore,6717,6,,,
SHP01982,WH3,FedEx,Chennai,Bangalore,12725,4,,,
SHP01983,WH5,UPS,Mumbai,Delhi,16624,8,,,
SHP01984,WH5,FedEx,Pune,Hyderabad,16903,2,,,
SHP01985,WH2,FedEx,Chennai,Bangalore,17037,7,,,
SHP01986,WH3,FedEx,Chennai,Bangalore,7631,5,,,
SHP01987,WH5,BlueDart,Mumbai,Delhi,9965,9,,,
SHP01988,WH6,DHL,Mumbai,Delhi,16889,4,,,
SHP01989,WH8,FedEx,Pune,Hyderabad,2214,3,,,
SHP01990,WH3,BlueDart,Chennai,Bangalore,6309,9,,,
SHP01991,WH2,BlueDart,Chennai,Bangalore,2735,9,,,
SHP01992,WH7,DHL,Chennai,Bangalore,6601,7,,,
SHP01993,WH5,UPS,Mumbai,Delhi,2573,2,,,
SHP01994,WH5,FedEx,Mumbai,Delhi,18663,9,,,
SHP01995,WH2,FedEx,Chennai,Bangalore,2304,5,,,
SHP01996,WH2,DHL,Chennai,Bangalore,14962,6,,,
SHP01997,WH2,DHL,Pune,Hyderabad,12676,9,,,
SHP01998,WH8,BlueDart,Pune,Hyderabad,14210,7,,,
SHP01999,WH8,BlueDart,Pune,Hyderabad,14700,9,,,
SHP02000,WH2,DHL,Pune,Hyderabad,3531,3,,,
SHP02001,WH5,DHL,Chennai,Bangalore,3275,9,,,
SHP02002,WH5,UPS,Chennai,Bangalore,7906,7,,,
SHP02003,WH2,BlueDart,Pune,Hyderabad,4962,6,,,
SHP02004,WH4,UPS,Pune,Hyderabad,7183,7,,,
SHP02005,WH3,FedEx,Chennai,Bangalore,2236,4,,,
SHP02006,WH7,DHL,Mumbai,Delhi,5011,8,,,
SHP02007,WH7,DHL,Chennai,Bangalore,14960,8,,,
SHP02008,WH4,UPS,Chennai,Bangalore,17513,4,,,
SHP02009,WH1,UPS,Pune,Hyderabad,12352,8,,,
SHP02010,WH5,FedEx,Pune,Hyderabad,9256,2,,,
SHP02011,WH4,UPS,Chennai,Bangalore,8879,1,,,
SHP02012,WH8,UPS,Mumbai,Delhi,11975,9,,,
SHP02013,WH1,UPS,Mumbai,Delhi,13564,8,,,
SHP02014,WH5,UPS,Pune,Hyderabad,9213,8,,,
SHP02015,WH4,UPS,Mumbai,Delhi,2834,7,,,
SHP02016,WH6,FedEx,Pune,Hyderabad,16497,4,,,
SHP02017,WH2,FedEx,Chennai,Bangalore,11540,7,,,
SHP02018,WH2,UPS,Pune,Hyderabad,5139,6,,,
SHP02019,WH3,FedEx,Chennai,Bangalore,17054,4,,,
SHP02020,WH7,DHL,Pune,Hyderabad,7153,4,,,
SHP02021,WH4,BlueDart,Mumbai,Delhi,18526,5,,,
SHP02022,WH1,FedEx,Mumbai,Delhi,12768,5,,,
SHP02023,WH5,BlueDart,Mumbai,Delhi,13983,9,,,
SHP02024,WH6,FedEx,Chennai,Bangalore,9729,5,,,
SHP02025,WH7,FedEx,Pune,Hyderabad,1638,4,,,
SHP02026,WH7,DHL,Mumbai,Delhi,8349,8,,,
SHP02027,WH3,BlueDart,Pune,Hyderabad,5222,9,,,
SHP02028,WH8,UPS,Chennai,Bangalore,5370,5,,,
SHP02029,WH4,BlueDart,Chennai,Bangalore,7151,6,,,
SHP02030,WH1,UPS,Pune,Hyderabad,10612,9,,,
SHP02031,WH8,UPS,Pune,Hyderabad,15189,1,,,
SHP02032,WH2,DHL,Chennai,Bangalore,8826,6,,,
SHP02033,WH2,DHL,Mumbai,Delhi,3271,8,,,
SHP02034,WH7,UPS,Chennai,Bangalore,11056,2,,,
SHP02035,WH7,FedEx,Mumbai,Delhi,2133,1,,,
SHP02036,WH7,BlueDart,Pune,Hyderabad,8024,4,,,
SHP02037,WH1,FedEx,Pune,Hyderabad,1633,3,,,
SHP02038,WH6,DHL,Chennai,Bangalore,2133,2,,,
SHP02039,WH7,FedEx,Mumbai,Delhi,5971,8,,,
SHP02040,WH5,FedEx,Chennai,Bangalore,8270,6,,,
SHP02041,WH6,BlueDart,Mumbai,Delhi,1912,8,,,
SHP02042,WH7,UPS,Pune,Hyderabad,9558,9,,,
SHP02043,WH2,DHL,Mumbai,Delhi,12104,4,,,
SHP02044,WH7,BlueDart,Mumbai,Delhi,14774,6,,,
SHP02045,WH5,DHL,Chennai,Bangalore,4394,8,,,
SHP02046,WH5,BlueDart,Pune,Hyderabad,18559,9,,,
SHP02047,WH7,UPS,Chennai,Bangalore,7160,7,,,
SHP02048,WH8,DHL,Pune,Hyderabad,13453,7,,,
SHP02049,WH6,FedEx,Mumbai,Delhi,12256,1,,,
SHP02050,WH6,FedEx,Chennai,Bangalore,3969,2,,,
SHP02051,WH8,DHL,Chennai,Bangalore,15092,5,,,
SHP02052,WH6,UPS,Mumbai,Delhi,1952,7,,,
SHP02053,WH3,BlueDart,Chennai,Bangalore,11130,9,,,
SHP02054,WH5,UPS,Mumbai,Delhi,1018,7,,,
SHP02055,WH6,FedEx,Mumbai,Delhi,5422,9,,,
SHP02056,WH2,UPS,Mumbai,Delhi,14708,1,,,
SHP02057,WH7,UPS,Chennai,Bangalore,19692,6,,,
SHP02058,WH8,DHL,Chennai,Bangalore,8667,8,,,
SHP02059,WH1,FedEx,Pune,Hyderabad,10296,2,,,
SHP02060,WH6,UPS,Chennai,Bangalore,9117,9,,,
SHP02061,WH8,UPS,Pune,Hyderabad,9778,2,,,
SHP02062,WH3,FedEx,Mumbai,Delhi,9098,1,,,
SHP02063,WH4,FedEx,Chennai,Bangalore,14062,6,,,
SHP02064,WH5,DHL,Mumbai,Delhi,8559,5,,,
SHP02065,WH4,UPS,Pune,Hyderabad,7235,4,,,
SHP02066,WH7,FedEx,Mumbai,Delhi,13021,2,,,
SHP02067,WH8,FedEx,Chennai,Bangalore,7485,6,,,
SHP02068,WH6,BlueDart,Chennai,Bangalore,12671,2,,,
SHP02069,WH7,DHL,Chennai,Bangalore,3147,5,,,
SHP02070,WH6,BlueDart,Pune,Hyderabad,8463,9,,,
SHP02071,WH5,BlueDart,Chennai,Bangalore,14512,1,,,
SHP02072,WH5,BlueDart,Mumbai,Delhi,10363,7,,,
SHP02073,WH6,UPS,Chennai,Bangalore,9140,2,,,
SHP02074,WH1,DHL,Mumbai,Delhi,8492,3,,,
SHP02075,WH1,DHL,Mumbai,Delhi,3226,1,,,
SHP02076,WH1,BlueDart,Pune,Hyderabad,15283,8,,,
SHP02077,WH6,DHL,Chennai,Bangalore,5687,3,,,
SHP02078,WH5,BlueDart,Chennai,Bangalore,6186,3,,,
SHP02079,WH1,UPS,Pune,Hyderabad,2298,9,,,
SHP02080,WH2,BlueDart,Pune,Hyderabad,6466,5,,,
SHP02081,WH2,BlueDart,Chennai,Bangalore,16254,6,,,
SHP02082,WH3,DHL,Chennai,Bangalore,8475,8,,,
SHP02083,WH7,BlueDart,Chennai,Bangalore,7330,8,,,
SHP02084,WH6,FedEx,Mumbai,Delhi,3861,6,,,
SHP02085,WH8,UPS,Chennai,Bangalore,5719,7,,,
SHP02086,WH2,BlueDart,Chennai,Bangalore,3334,1,,,
SHP02087,WH8,FedEx,Pune,Hyderabad,2725,4,,,
SHP02088,WH7,FedEx,Chennai,Bangalore,7779,6,,,
SHP02089,WH2,DHL,Mumbai,Delhi,19560,8,,,
SHP02090,WH2,UPS,Pune,Hyderabad,6349,7,,,
SHP02091,WH2,BlueDart,Mumbai,Delhi,6076,6,,,
SHP02092,WH8,UPS,Mumbai,Delhi,14337,5,,,
SHP02093,WH5,UPS,Mumbai,Delhi,19674,5,,,
SHP02094,WH5,BlueDart,Chennai,Bangalore,10508,5,,,
SHP02095,WH5,UPS,Pune,Hyderabad,8625,5,,,
SHP02096,WH4,UPS,Pune,Hyderabad,4804,6,,,
SHP02097,WH3,DHL,Chennai,Bangalore,16709,5,,,
SHP02098,WH7,BlueDart,Pune,Hyderabad,7594,5,,,
SHP02099,WH3,BlueDart,Mumbai,Delhi,9128,1,,,
SHP02100,WH3,BlueDart,Mumbai,Delhi,14204,3,,,
SHP02101,WH1,UPS,Pune,Hyderabad,19560,1,,,
SHP02102,WH3,UPS,Chennai,Bangalore,11611,3,,,
SHP02103,WH1,FedEx,Pune,Hyderabad,14145,1,,,
SHP02104,WH2,DHL,Pune,Hyderabad,17979,6,,,
SHP02105,WH1,DHL,Pune,Hyderabad,1077,6,,,
SHP02106,WH6,BlueDart,Pune,Hyderabad,18679,6,,,
SHP02107,WH8,BlueDart,Pune,Hyderabad,7168,7,,,
SHP02108,WH4,BlueDart,Pune,Hyderabad,4384,1,,,
SHP02109,WH1,DHL,Pune,Hyderabad,9477,8,,,
SHP02110,WH8,DHL,Mumbai,Delhi,5112,4,,,
SHP02111,WH8,DHL,Pune,Hyderabad,13629,9,,,
SHP02112,WH4,BlueDart,Mumbai,Delhi,2835,2,,,
SHP02113,WH4,DHL,Pune,Hyderabad,2988,2,,,
SHP02114,WH8,FedEx,Pune,Hyderabad,18207,8,,,
SHP02115,WH1,BlueDart,Chennai,Bangalore,9829,1,,,
SHP02116,WH6,DHL,Mumbai,Delhi,11492,4,,,
SHP02117,WH5,DHL,Mumbai,Delhi,8986,7,,,
SHP02118,WH2,BlueDart,Chennai,Bangalore,13128,4,,,
SHP02119,WH2,UPS,Mumbai,Delhi,18809,9,,,
SHP02120,WH7,UPS,Pune,Hyderabad,16660,3,,,
SHP02121,WH2,BlueDart,Mumbai,Delhi,18737,5,,,
SHP02122,WH6,FedEx,Chennai,Bangalore,1991,3,,,
SHP02123,WH4,UPS,Mumbai,Delhi,16566,3,,,
SHP02124,WH2,FedEx,Mumbai,Delhi,13049,6,,,
SHP02125,WH8,BlueDart,Pune,Hyderabad,12006,6,,,
SHP02126,WH7,BlueDart,Chennai,Bangalore,9981,2,,,
SHP02127,WH6,UPS,Chennai,Bangalore,11103,5,,,
SHP02128,WH7,FedEx,Chennai,Bangalore,18959,7,,,
SHP02129,WH7,DHL,Chennai,Bangalore,2760,1,,,
SHP02130,WH1,UPS,Chennai,Bangalore,9798,3,,,
SHP02131,WH2,FedEx,Mumbai,Delhi,2343,3,,,
SHP02132,WH6,BlueDart,Mumbai,Delhi,15718,7,,,
SHP02133,WH1,BlueDart,Mumbai,Delhi,15979,5,,,
SHP02134,WH1,BlueDart,Chennai,Bangalore,13790,1,,,
SHP02135,WH7,UPS,Pune,Hyderabad,19938,6,,,
SHP02136,WH8,BlueDart,Mumbai,Delhi,14309,7,,,
SHP02137,WH4,BlueDart,Chennai,Bangalore,18681,6,,,
SHP02138,WH4,FedEx,Pune,Hyderabad,12356,1,,,
SHP02139,WH5,UPS,Chennai,Bangalore,12592,6,,,
SHP02140,WH7,DHL,Chennai,Bangalore,13155,7,,,
SHP02141,WH2,FedEx,Mumbai,Delhi,4474,7,,,
SHP02142,WH8,FedEx,Chennai,Bangalore,9529,4,,,
SHP02143,WH3,BlueDart,Chennai,Bangalore,14705,1,,,
SHP02144,WH8,BlueDart,Pune,Hyderabad,16499,4,,,
SHP02145,WH4,UPS,Pune,Hyderabad,10247,2,,,
SHP02146,WH8,BlueDart,Pune,Hyderabad,19541,3,,,
SHP02147,WH7,BlueDart,Chennai,Bangalore,2255,8,,,
SHP02148,WH5,DHL,Chennai,Bangalore,16900,5,,,
SHP02149,WH3,FedEx,Chennai,Bangalore,6701,3,,,
SHP02150,WH3,DHL,Pune,Hyderabad,8424,1,,,
SHP02151,WH6,DHL,Chennai,Bangalore,14675,3,,,
SHP02152,WH6,DHL,Pune,Hyderabad,12627,6,,,
SHP02153,WH3,DHL,Mumbai,Delhi,12472,2,,,
SHP02154,WH8,UPS,Chennai,Bangalore,7592,6,,,
SHP02155,WH4,UPS,Chennai,Bangalore,10334,1,,,
SHP02156,WH5,DHL,Mumbai,Delhi,18293,6,,,
SHP02157,WH6,BlueDart,Chennai,Bangalore,8713,2,,,
SHP02158,WH7,DHL,Pune,Hyderabad,12344,2,,,
SHP02159,WH4,DHL,Mumbai,Delhi,17246,3,,,
SHP02160,WH3,FedEx,Mumbai,Delhi,17180,7,,,
SHP02161,WH8,DHL,Mumbai,Delhi,10288,8,,,
SHP02162,WH7,UPS,Chennai,Bangalore,13164,7,,,
SHP02163,WH6,UPS,Chennai,Bangalore,16368,1,,,
SHP02164,WH1,DHL,Mumbai,Delhi,3669,8,,,
SHP02165,WH3,FedEx,Mumbai,Delhi,15749,6,,,
SHP02166,WH1,FedEx,Mumbai,Delhi,15818,7,,,
SHP02167,WH2,UPS,Chennai,Bangalore,19705,6,,,
SHP02168,WH2,FedEx,Pune,Hyderabad,18835,2,,,
SHP02169,WH3,UPS,Chennai,Bangalore,13500,9,,,
SHP02170,WH4,BlueDart,Pune,Hyderabad,14197,3,,,
SHP02171,WH5,BlueDart,Mumbai,Delhi,18802,5,,,
SHP02172,WH2,UPS,Chennai,Bangalore,14860,6,,,
SHP02173,WH5,BlueDart,Chennai,Bangalore,12813,8,,,
SHP02174,WH7,UPS,Chennai,Bangalore,12263,3,,,
SHP02175,WH4,DHL,Mumbai,Delhi,4871,8,,,
SHP02176,WH1,DHL,Mumbai,Delhi,8299,2,,,
SHP02177,WH1,UPS,Mumbai,Delhi,6299,3,,,
SHP02178,WH3,FedEx,Pune,Hyderabad,8986,4,,,
SHP02179,WH7,FedEx,Pune,Hyderabad,9137,2,,,
SHP02180,WH4,UPS,Pune,Hyderabad,19719,2,,,
SHP02181,WH7,FedEx,Chennai,Bangalore,11166,1,,,
SHP02182,WH7,UPS,Chennai,Bangalore,13211,1,,,
SHP02183,WH5,FedEx,Pune,Hyderabad,11178,9,,,
SHP02184,WH1,UPS,Mumbai,Delhi,17180,3,,,
SHP02185,WH1,UPS,Chennai,Bangalore,8070,1,,,
SHP02186,WH5,FedEx,Pune,Hyderabad,8894,8,,,
SHP02187,WH6,DHL,Chennai,Bangalore,12940,9,,,
SHP02188,WH8,FedEx,Chennai,Bangalore,14424,2,,,
SHP02189,WH8,BlueDart,Pune,Hyderabad,18453,4,,,
SHP02190,WH7,BlueDart,Pune,Hyderabad,5219,9,,,
SHP02191,WH1,BlueDart,Mumbai,Delhi,6596,3,,,
SHP02192,WH5,UPS,Mumbai,Delhi,13731,7,,,
SHP02193,WH6,DHL,Chennai,Bangalore,11543,7,,,
SHP02194,WH8,BlueDart,Mumbai,Delhi,10853,5,,,
SHP02195,WH4,BlueDart,Pune,Hyderabad,2752,5,,,
SHP02196,WH1,UPS,Pune,Hyderabad,4247,6,,,
SHP02197,WH8,DHL,Chennai,Bangalore,12137,1,,,
SHP02198,WH6,FedEx,Mumbai,Delhi,5484,9,,,
SHP02199,WH7,BlueDart,Pune,Hyderabad,10190,2,,,
SHP02200,WH5,UPS,Mumbai,Delhi,12636,4,,,
SHP02201,WH8,FedEx,Chennai,Bangalore,7225,4,,,
SHP02202,WH2,DHL,Chennai,Bangalore,14304,2,,,
SHP02203,WH2,UPS,Pune,Hyderabad,3426,1,,,
SHP02204,WH1,BlueDart,Chennai,Bangalore,11251,2,,,
SHP02205,WH3,FedEx,Mumbai,Delhi,6939,4,,,
SHP02206,WH8,DHL,Mumbai,Delhi,5303,4,,,
SHP02207,WH5,BlueDart,Mumbai,Delhi,19321,8,,,
SHP02208,WH1,UPS,Pune,Hyderabad,13706,1,,,
SHP02209,WH1,FedEx,Mumbai,Delhi,18463,1,,,
SHP02210,WH3,DHL,Pune,Hyderabad,17159,4,,,
SHP02211,WH8,BlueDart,Mumbai,Delhi,1073,3,,,
SHP02212,WH3,BlueDart,Chennai,Bangalore,14984,7,,,
SHP02213,WH8,DHL,Pune,Hyderabad,19575,3,,,
SHP02214,WH1,DHL,Pune,Hyderabad,7813,8,,,
SHP02215,WH4,BlueDart,Pune,Hyderabad,17711,1,,,
SHP02216,WH3,BlueDart,Pune,Hyderabad,13352,3,,,
SHP02217,WH7,DHL,Mumbai,Delhi,1864,3,,,
SHP02218,WH1,UPS,Chennai,Bangalore,18667,9,,,
SHP02219,WH4,UPS,Pune,Hyderabad,3025,8,,,
SHP02220,WH7,FedEx,Chennai,Bangalore,12378,7,,,
SHP02221,WH2,BlueDart,Chennai,Bangalore,2286,8,,,
SHP02222,WH7,BlueDart,Pune,Hyderabad,11333,7,,,
SHP02223,WH5,UPS,Pune,Hyderabad,5930,5,,,
SHP02224,WH7,DHL,Pune,Hyderabad,14493,1,,,
SHP02225,WH7,UPS,Chennai,Bangalore,13135,7,,,
SHP02226,WH6,FedEx,Pune,Hyderabad,10623,6,,,
SHP02227,WH4,FedEx,Chennai,Bangalore,1207,4,,,
SHP02228,WH3,UPS,Pune,Hyderabad,1497,6,,,
SHP02229,WH2,DHL,Mumbai,Delhi,1317,8,,,
SHP02230,WH3,FedEx,Chennai,Bangalore,14470,4,,,
SHP02231,WH1,DHL,Pune,Hyderabad,2620,8,,,
SHP02232,WH7,DHL,Pune,Hyderabad,6898,8,,,
SHP02233,WH4,BlueDart,Mumbai,Delhi,17925,9,,,
SHP02234,WH6,UPS,Mumbai,Delhi,11738,4,,,
SHP02235,WH8,UPS,Pune,Hyderabad,12254,3,,,
SHP02236,WH7,UPS,Pune,Hyderabad,10907,2,,,
SHP02237,WH4,UPS,Chennai,Bangalore,16947,5,,,
SHP02238,WH7,DHL,Chennai,Bangalore,1985,1,,,
SHP02239,WH3,UPS,Mumbai,Delhi,8785,8,,,
SHP02240,WH2,UPS,Mumbai,Delhi,19621,8,,,
SHP02241,WH7,UPS,Chennai,Bangalore,2806,7,,,
SHP02242,WH6,BlueDart,Pune,Hyderabad,6023,6,,,
SHP02243,WH5,BlueDart,Pune,Hyderabad,16864,4,,,
SHP02244,WH3,UPS,Chennai,Bangalore,17248,4,,,
SHP02245,WH8,DHL,Pune,Hyderabad,17174,4,,,
SHP02246,WH4,BlueDart,Chennai,Bangalore,11169,3,,,
SHP02247,WH7,DHL,Mumbai,Delhi,2372,2,,,
SHP02248,WH3,BlueDart,Chennai,Bangalore,9344,3,,,
SHP02249,WH4,BlueDart,Pune,Hyderabad,7500,6,,,
SHP02250,WH7,DHL,Mumbai,Delhi,19476,3,,,
SHP02251,WH1,DHL,Pune,Hyderabad,14141,4,,,
SHP02252,WH7,FedEx,Mumbai,Delhi,2733,6,,,
SHP02253,WH5,UPS,Chennai,Bangalore,19604,8,,,
SHP02254,WH4,BlueDart,Mumbai,Delhi,19148,4,,,
SHP02255,WH2,UPS,Chennai,Bangalore,5912,2,,,
SHP02256,WH3,DHL,Mumbai,Delhi,15533,1,,,
SHP02257,WH3,BlueDart,Pune,Hyderabad,14042,8,,,
SHP02258,WH5,FedEx,Pune,Hyderabad,18137,8,,,
SHP02259,WH3,UPS,Chennai,Bangalore,2106,1,,,
SHP02260,WH8,FedEx,Mumbai,Delhi,13768,6,,,
SHP02261,WH1,BlueDart,Chennai,Bangalore,15176,1,,,
SHP02262,WH1,DHL,Chennai,Bangalore,19836,7,,,
SHP02263,WH1,BlueDart,Chennai,Bangalore,17974,3,,,
SHP02264,WH1,FedEx,Mumbai,Delhi,1666,8,,,
SHP02265,WH2,DHL,Chennai,Bangalore,9196,8,,,
SHP02266,WH7,BlueDart,Mumbai,Delhi,19093,2,,,
SHP02267,WH3,DHL,Pune,Hyderabad,6416,7,,,
SHP02268,WH5,BlueDart,Chennai,Bangalore,9660,1,,,
SHP02269,WH1,FedEx,Chennai,Bangalore,18040,2,,,
SHP02270,WH2,BlueDart,Mumbai,Delhi,6673,1,,,
SHP02271,WH7,UPS,Mumbai,Delhi,18859,4,,,
SHP02272,WH1,BlueDart,Chennai,Bangalore,17041,6,,,
SHP02273,WH1,DHL,Mumbai,Delhi,19649,1,,,
SHP02274,WH5,DHL,Mumbai,Delhi,19629,1,,,
SHP02275,WH8,DHL,Pune,Hyderabad,12538,4,,,
SHP02276,WH5,DHL,Mumbai,Delhi,5715,2,,,
SHP02277,WH2,DHL,Chennai,Bangalore,7565,6,,,
SHP02278,WH5,FedEx,Mumbai,Delhi,12756,4,,,
SHP02279,WH2,FedEx,Pune,Hyderabad,13054,2,,,
SHP02280,WH2,UPS,Mumbai,Delhi,6769,8,,,
SHP02281,WH7,BlueDart,Pune,Hyderabad,1557,7,,,
SHP02282,WH6,DHL,Mumbai,Delhi,2724,3,,,
SHP02283,WH1,FedEx,Chennai,Bangalore,11488,1,,,
SHP02284,WH6,UPS,Mumbai,Delhi,19140,7,,,
SHP02285,WH6,UPS,Chennai,Bangalore,18288,5,,,
SHP02286,WH1,BlueDart,Pune,Hyderabad,10237,7,,,
SHP02287,WH7,BlueDart,Mumbai,Delhi,2880,3,,,
SHP02288,WH3,DHL,Mumbai,Delhi,8790,1,,,
SHP02289,WH8,DHL,Mumbai,Delhi,16632,4,,,
SHP02290,WH1,FedEx,Pune,Hyderabad,19097,4,,,
SHP02291,WH7,UPS,Chennai,Bangalore,16393,9,,,
SHP02292,WH5,UPS,Mumbai,Delhi,12716,1,,,
SHP02293,WH2,DHL,Mumbai,Delhi,13112,3,,,
SHP02294,WH2,BlueDart,Pune,Hyderabad,4438,9,,,
SHP02295,WH8,FedEx,Pune,Hyderabad,9172,8,,,
SHP02296,WH7,FedEx,Chennai,Bangalore,16861,2,,,
SHP02297,WH1,DHL,Pune,Hyderabad,11853,9,,,
SHP02298,WH7,FedEx,Pune,Hyderabad,5933,1,,,
SHP02299,WH2,BlueDart,Pune,Hyderabad,13419,4,,,
SHP02300,WH1,UPS,Mumbai,Delhi,15443,2,,,
SHP02301,WH1,BlueDart,Mumbai,Delhi,19146,4,,,
SHP02302,WH6,DHL,Chennai,Bangalore,5867,7,,,
SHP02303,WH8,FedEx,Mumbai,Delhi,13004,2,,,
SHP02304,WH6,DHL,Pune,Hyderabad,2725,9,,,
SHP02305,WH6,DHL,Chennai,Bangalore,17506,4,,,
SHP02306,WH4,BlueDart,Mumbai,Delhi,16439,1,,,
SHP02307,WH8,BlueDart,Chennai,Bangalore,17406,4,,,
SHP02308,WH2,DHL,Chennai,Bangalore,18812,7,,,
SHP02309,WH8,UPS,Chennai,Bangalore,4673,3,,,
SHP02310,WH1,BlueDart,Mumbai,Delhi,14978,4,,,
SHP02311,WH2,FedEx,Pune,Hyderabad,5067,3,,,
SHP02312,WH1,FedEx,Chennai,Bangalore,5498,9,,,
SHP02313,WH3,DHL,Pune,Hyderabad,7773,6,,,
SHP02314,WH5,DHL,Pune,Hyderabad,13433,6,,,
SHP02315,WH3,DHL,Chennai,Bangalore,12013,8,,,
SHP02316,WH4,FedEx,Chennai,Bangalore,6902,4,,,
SHP02317,WH5,BlueDart,Chennai,Bangalore,18125,9,,,
SHP02318,WH7,DHL,Pune,Hyderabad,18855,3,,,
SHP02319,WH3,DHL,Chennai,Bangalore,3208,7,,,
SHP02320,WH6,BlueDart,Chennai,Bangalore,8066,8,,,
SHP02321,WH5,FedEx,Pune,Hyderabad,4002,1,,,
SHP02322,WH8,FedEx,Mumbai,Delhi,14032,7,,,
SHP02323,WH3,DHL,Mumbai,Delhi,11128,2,,,
SHP02324,WH8,DHL,Mumbai,Delhi,12636,3,,,
SHP02325,WH4,DHL,Mumbai,Delhi,6999,2,,,
SHP02326,WH6,FedEx,Chennai,Bangalore,12613,8,,,
SHP02327,WH5,BlueDart,Pune,Hyderabad,6543,5,,,
SHP02328,WH1,DHL,Chennai,Bangalore,11511,5,,,
SHP02329,WH7,DHL,Pune,Hyderabad,7420,3,,,
SHP02330,WH7,UPS,Mumbai,Delhi,7186,4,,,
SHP02331,WH5,FedEx,Pune,Hyderabad,19613,9,,,
SHP02332,WH4,BlueDart,Mumbai,Delhi,15920,6,,,
SHP02333,WH6,BlueDart,Pune,Hyderabad,17108,9,,,
SHP02334,WH3,BlueDart,Chennai,Bangalore,12973,4,,,
SHP02335,WH2,UPS,Chennai,Bangalore,13637,5,,,
SHP02336,WH4,BlueDart,Pune,Hyderabad,9663,9,,,
SHP02337,WH4,UPS,Mumbai,Delhi,13553,2,,,
SHP02338,WH1,DHL,Mumbai,Delhi,16029,7,,,
SHP02339,WH1,FedEx,Pune,Hyderabad,8037,6,,,
SHP02340,WH2,FedEx,Pune,Hyderabad,8455,3,,,
SHP02341,WH6,BlueDart,Chennai,Bangalore,6081,5,,,
SHP02342,WH6,DHL,Mumbai,Delhi,14444,9,,,
SHP02343,WH3,DHL,Chennai,Bangalore,15581,6,,,
SHP02344,WH1,FedEx,Pune,Hyderabad,3013,7,,,
SHP02345,WH2,BlueDart,Mumbai,Delhi,11264,1,,,
SHP02346,WH1,UPS,Chennai,Bangalore,14729,1,,,
SHP02347,WH5,FedEx,Chennai,Bangalore,8194,6,,,
SHP02348,WH7,FedEx,Chennai,Bangalore,13604,1,,,
SHP02349,WH7,UPS,Chennai,Bangalore,3872,2,,,
SHP02350,WH3,BlueDart,Mumbai,Delhi,19668,1,,,
SHP02351,WH2,BlueDart,Mumbai,Delhi,11247,4,,,
SHP02352,WH5,UPS,Pune,Hyderabad,13255,9,,,
SHP02353,WH7,UPS,Pune,Hyderabad,19663,4,,,
SHP02354,WH7,FedEx,Pune,Hyderabad,4052,3,,,
SHP02355,WH7,UPS,Chennai,Bangalore,9615,6,,,
SHP02356,WH8,BlueDart,Pune,Hyderabad,10111,1,,,
SHP02357,WH5,UPS,Chennai,Bangalore,10410,1,,,
SHP02358,WH5,UPS,Mumbai,Delhi,10241,2,,,
SHP02359,WH2,BlueDart,Mumbai,Delhi,12480,2,,,
SHP02360,WH5,BlueDart,Mumbai,Delhi,1886,6,,,
SHP02361,WH7,DHL,Pune,Hyderabad,5026,9,,,
SHP02362,WH7,BlueDart,Mumbai,Delhi,6178,2,,,
SHP02363,WH8,FedEx,Mumbai,Delhi,11151,5,,,
SHP02364,WH2,UPS,Mumbai,Delhi,6335,7,,,
SHP02365,WH4,FedEx,Mumbai,Delhi,7392,6,,,
SHP02366,WH8,DHL,Chennai,Bangalore,17266,8,,,
SHP02367,WH1,FedEx,Mumbai,Delhi,17765,3,,,
SHP02368,WH6,UPS,Mumbai,Delhi,9832,5,,,
SHP02369,WH1,UPS,Chennai,Bangalore,8148,9,,,
SHP02370,WH7,FedEx,Mumbai,Delhi,13193,1,,,
SHP02371,WH6,BlueDart,Pune,Hyderabad,14824,7,,,
SHP02372,WH6,FedEx,Pune,Hyderabad,4496,9,,,
SHP02373,WH6,FedEx,Pune,Hyderabad,8220,6,,,
SHP02374,WH8,BlueDart,Chennai,Bangalore,12410,5,,,
SHP02375,WH3,DHL,Mumbai,Delhi,12720,7,,,
SHP02376,WH4,DHL,Mumbai,Delhi,9760,1,,,
SHP02377,WH7,UPS,Pune,Hyderabad,17711,4,,,
SHP02378,WH4,BlueDart,Chennai,Bangalore,7486,1,,,
SHP02379,WH4,BlueDart,Pune,Hyderabad,1828,1,,,
SHP02380,WH6,UPS,Chennai,Bangalore,14135,9,,,
SHP02381,WH2,DHL,Mumbai,Delhi,8996,5,,,
SHP02382,WH1,DHL,Chennai,Bangalore,13895,2,,,
SHP02383,WH8,DHL,Pune,Hyderabad,6381,5,,,
SHP02384,WH5,DHL,Chennai,Bangalore,16293,7,,,
SHP02385,WH8,DHL,Pune,Hyderabad,9023,1,,,
SHP02386,WH5,DHL,Pune,Hyderabad,11762,1,,,
SHP02387,WH4,DHL,Mumbai,Delhi,7267,9,,,
SHP02388,WH1,DHL,Mumbai,Delhi,1989,5,,,
SHP02389,WH4,UPS,Mumbai,Delhi,16056,2,,,
SHP02390,WH2,FedEx,Pune,Hyderabad,17661,8,,,
SHP02391,WH8,BlueDart,Mumbai,Delhi,19356,5,,,
SHP02392,WH6,FedEx,Mumbai,Delhi,17293,5,,,
SHP02393,WH5,DHL,Pune,Hyderabad,12694,5,,,
SHP02394,WH4,BlueDart,Pune,Hyderabad,7527,2,,,
SHP02395,WH7,BlueDart,Pune,Hyderabad,10906,1,,,
SHP02396,WH7,BlueDart,Chennai,Bangalore,9370,8,,,
SHP02397,WH2,FedEx,Chennai,Bangalore,3541,7,,,
SHP02398,WH2,BlueDart,Mumbai,Delhi,14951,3,,,
SHP02399,WH4,DHL,Chennai,Bangalore,5276,6,,,
SHP02400,WH4,BlueDart,Chennai,Bangalore,18045,1,,,
SHP02401,WH8,DHL,Pune,Hyderabad,12939,7,,,
SHP02402,WH7,FedEx,Mumbai,Delhi,8350,5,,,
SHP02403,WH8,DHL,Pune,Hyderabad,10391,3,,,
SHP02404,WH1,FedEx,Chennai,Bangalore,15420,7,,,
SHP02405,WH6,FedEx,Chennai,Bangalore,2493,2,,,
SHP02406,WH3,UPS,Mumbai,Delhi,13678,5,,,
SHP02407,WH8,FedEx,Pune,Hyderabad,16684,4,,,
SHP02408,WH7,DHL,Chennai,Bangalore,11071,6,,,
SHP02409,WH2,FedEx,Mumbai,Delhi,10089,5,,,
SHP02410,WH1,DHL,Chennai,Bangalore,8701,8,,,
SHP02411,WH5,BlueDart,Chennai,Bangalore,18221,4,,,
SHP02412,WH1,BlueDart,Pune,Hyderabad,9770,2,,,
SHP02413,WH2,UPS,Pune,Hyderabad,5867,5,,,
SHP02414,WH6,DHL,Chennai,Bangalore,16223,7,,,
SHP02415,WH5,BlueDart,Mumbai,Delhi,12887,2,,,
SHP02416,WH6,DHL,Pune,Hyderabad,14035,4,,,
SHP02417,WH2,BlueDart,Pune,Hyderabad,1317,9,,,
SHP02418,WH6,DHL,Mumbai,Delhi,10868,7,,,
SHP02419,WH6,DHL,Pune,Hyderabad,8908,5,,,
SHP02420,WH8,DHL,Pune,Hyderabad,2426,7,,,
SHP02421,WH1,FedEx,Mumbai,Delhi,19732,8,,,
SHP02422,WH2,UPS,Pune,Hyderabad,1560,2,,,
SHP02423,WH2,FedEx,Chennai,Bangalore,3603,4,,,
SHP02424,WH1,UPS,Chennai,Bangalore,8431,1,,,
SHP02425,WH5,BlueDart,Mumbai,Delhi,1786,2,,,
SHP02426,WH2,UPS,Mumbai,Delhi,12198,2,,,
SHP02427,WH1,UPS,Mumbai,Delhi,13529,3,,,
SHP02428,WH5,DHL,Pune,Hyderabad,7766,2,,,
SHP02429,WH5,BlueDart,Chennai,Bangalore,9428,4,,,
SHP02430,WH5,FedEx,Mumbai,Delhi,1885,6,,,
SHP02431,WH3,BlueDart,Mumbai,Delhi,4100,6,,,
SHP02432,WH4,UPS,Pune,Hyderabad,13830,8,,,
SHP02433,WH7,UPS,Mumbai,Delhi,4673,9,,,
SHP02434,WH8,FedEx,Mumbai,Delhi,8059,1,,,
SHP02435,WH3,FedEx,Chennai,Bangalore,1756,9,,,
SHP02436,WH6,FedEx,Chennai,Bangalore,8921,7,,,
SHP02437,WH8,FedEx,Mumbai,Delhi,9517,1,,,
SHP02438,WH5,DHL,Chennai,Bangalore,18647,6,,,
SHP02439,WH7,UPS,Pune,Hyderabad,1734,2,,,
SHP02440,WH2,BlueDart,Chennai,Bangalore,4699,2,,,
SHP02441,WH6,BlueDart,Chennai,Bangalore,16669,4,,,
SHP02442,WH1,BlueDart,Chennai,Bangalore,15714,4,,,
SHP02443,WH2,DHL,Pune,Hyderabad,11876,9,,,
SHP02444,WH6,FedEx,Mumbai,Delhi,13229,2,,,
SHP02445,WH4,BlueDart,Pune,Hyderabad,7713,5,,,
SHP02446,WH2,DHL,Pune,Hyderabad,4602,7,,,
SHP02447,WH3,FedEx,Pune,Hyderabad,6872,1,,,
SHP02448,WH5,FedEx,Mumbai,Delhi,4368,5,,,
SHP02449,WH5,FedEx,Mumbai,Delhi,8218,6,,,
SHP02450,WH7,BlueDart,Chennai,Bangalore,10313,5,,,
SHP02451,WH3,FedEx,Mumbai,Delhi,7137,4,,,
SHP02452,WH7,BlueDart,Pune,Hyderabad,3050,5,,,
SHP02453,WH8,FedEx,Chennai,Bangalore,5158,2,,,
SHP02454,WH4,UPS,Chennai,Bangalore,7565,2,,,
SHP02455,WH5,FedEx,Mumbai,Delhi,3425,8,,,
SHP02456,WH6,BlueDart,Mumbai,Delhi,11485,1,,,
SHP02457,WH3,UPS,Pune,Hyderabad,19681,4,,,
SHP02458,WH3,BlueDart,Mumbai,Delhi,8230,4,,,
SHP02459,WH5,FedEx,Mumbai,Delhi,5684,3,,,
SHP02460,WH1,BlueDart,Chennai,Bangalore,15275,1,,,
SHP02461,WH2,BlueDart,Mumbai,Delhi,14335,2,,,
SHP02462,WH3,BlueDart,Pune,Hyderabad,19103,2,,,
SHP02463,WH2,DHL,Mumbai,Delhi,19126,6,,,
SHP02464,WH1,DHL,Chennai,Bangalore,10398,7,,,
SHP02465,WH4,DHL,Mumbai,Delhi,15739,8,,,
SHP02466,WH6,DHL,Pune,Hyderabad,17222,4,,,
SHP02467,WH2,FedEx,Chennai,Bangalore,5255,3,,,
SHP02468,WH5,DHL,Chennai,Bangalore,9326,5,,,
SHP02469,WH4,BlueDart,Mumbai,Delhi,7947,9,,,
SHP02470,WH3,UPS,Pune,Hyderabad,6380,1,,,
SHP02471,WH6,DHL,Mumbai,Delhi,11623,1,,,
SHP02472,WH8,UPS,Pune,Hyderabad,13097,7,,,
SHP02473,WH3,DHL,Mumbai,Delhi,18032,4,,,
SHP02474,WH3,UPS,Mumbai,Delhi,1281,2,,,
SHP02475,WH5,FedEx,Mumbai,Delhi,11207,3,,,
SHP02476,WH5,BlueDart,Pune,Hyderabad,15621,3,,,
SHP02477,WH1,DHL,Pune,Hyderabad,5356,4,,,
SHP02478,WH3,BlueDart,Pune,Hyderabad,7314,8,,,
SHP02479,WH2,FedEx,Mumbai,Delhi,2777,8,,,
SHP02480,WH2,DHL,Chennai,Bangalore,7511,1,,,
SHP02481,WH3,UPS,Pune,Hyderabad,8391,6,,,
SHP02482,WH7,BlueDart,Mumbai,Delhi,13285,8,,,
SHP02483,WH3,BlueDart,Pune,Hyderabad,16547,8,,,
SHP02484,WH1,BlueDart,Pune,Hyderabad,3323,6,,,
SHP02485,WH2,FedEx,Mumbai,Delhi,3391,8,,,
SHP02486,WH2,UPS,Pune,Hyderabad,3785,8,,,
SHP02487,WH1,BlueDart,Pune,Hyderabad,1660,7,,,
SHP02488,WH6,UPS,Mumbai,Delhi,1499,4,,,
SHP02489,WH1,FedEx,Mumbai,Delhi,9950,5,,,
SHP02490,WH6,DHL,Mumbai,Delhi,16289,2,,,
SHP02491,WH8,BlueDart,Mumbai,Delhi,18493,5,,,
SHP02492,WH5,UPS,Chennai,Bangalore,11974,3,,,
SHP02493,WH7,FedEx,Chennai,Bangalore,19004,1,,,
SHP02494,WH6,DHL,Pune,Hyderabad,19091,6,,,
SHP02495,WH4,DHL,Chennai,Bangalore,4415,8,,,
SHP02496,WH8,FedEx,Chennai,Bangalore,2104,1,,,
SHP02497,WH2,FedEx,Chennai,Bangalore,12389,1,,,
SHP02498,WH4,DHL,Mumbai,Delhi,11628,1,,,
SHP02499,WH3,FedEx,Pune,Hyderabad,17778,9,,,
SHP02500,WH4,UPS,Pune,Hyderabad,9261,8,,,
SHP02501,WH5,DHL,Pune,Hyderabad,11872,7,,,
SHP02502,WH6,UPS,Pune,Hyderabad,14051,2,,,
SHP02503,WH2,BlueDart,Pune,Hyderabad,5518,3,,,
SHP02504,WH7,BlueDart,Mumbai,Delhi,19565,5,,,
SHP02505,WH3,FedEx,Pune,Hyderabad,5101,7,,,
SHP02506,WH7,FedEx,Pune,Hyderabad,7298,1,,,
SHP02507,WH2,FedEx,Pune,Hyderabad,7855,6,,,
SHP02508,WH7,FedEx,Pune,Hyderabad,14537,7,,,
SHP02509,WH4,BlueDart,Pune,Hyderabad,17450,3,,,
SHP02510,WH8,BlueDart,Pune,Hyderabad,1331,3,,,
SHP02511,WH8,DHL,Pune,Hyderabad,8004,2,,,
SHP02512,WH1,DHL,Mumbai,Delhi,16473,2,,,
SHP02513,WH4,UPS,Pune,Hyderabad,12272,4,,,
SHP02514,WH8,UPS,Mumbai,Delhi,15098,9,,,
SHP02515,WH3,BlueDart,Mumbai,Delhi,9536,9,,,
SHP02516,WH1,FedEx,Mumbai,Delhi,11682,3,,,
SHP02517,WH3,FedEx,Mumbai,Delhi,16894,6,,,
SHP02518,WH5,BlueDart,Mumbai,Delhi,16909,4,,,
SHP02519,WH2,UPS,Mumbai,Delhi,16826,1,,,
SHP02520,WH6,BlueDart,Pune,Hyderabad,1751,6,,,
SHP02521,WH5,FedEx,Mumbai,Delhi,7158,2,,,
SHP02522,WH4,UPS,Chennai,Bangalore,12890,3,,,
SHP02523,WH1,DHL,Chennai,Bangalore,7833,1,,,
SHP02524,WH7,UPS,Pune,Hyderabad,4657,4,,,
SHP02525,WH5,DHL,Chennai,Bangalore,12788,3,,,
SHP02526,WH8,DHL,Chennai,Bangalore,17556,6,,,
SHP02527,WH7,FedEx,Pune,Hyderabad,7095,5,,,
SHP02528,WH8,DHL,Mumbai,Delhi,8835,7,,,
SHP02529,WH2,FedEx,Pune,Hyderabad,19878,5,,,
SHP02530,WH3,UPS,Chennai,Bangalore,10928,7,,,
SHP02531,WH5,UPS,Pune,Hyderabad,14450,1,,,
SHP02532,WH5,UPS,Pune,Hyderabad,14348,3,,,
SHP02533,WH2,DHL,Pune,Hyderabad,7545,4,,,
SHP02534,WH2,BlueDart,Chennai,Bangalore,8730,9,,,
SHP02535,WH8,BlueDart,Mumbai,Delhi,7272,4,,,
SHP02536,WH3,DHL,Chennai,Bangalore,7308,1,,,
SHP02537,WH4,BlueDart,Pune,Hyderabad,19979,4,,,
SHP02538,WH2,BlueDart,Mumbai,Delhi,3204,9,,,
SHP02539,WH7,UPS,Chennai,Bangalore,14362,1,,,
SHP02540,WH6,BlueDart,Chennai,Bangalore,12451,7,,,
SHP02541,WH6,UPS,Mumbai,Delhi,11861,8,,,
SHP02542,WH2,BlueDart,Chennai,Bangalore,12335,8,,,
SHP02543,WH7,UPS,Pune,Hyderabad,8111,5,,,
SHP02544,WH6,DHL,Chennai,Bangalore,14558,9,,,
SHP02545,WH4,DHL,Pune,Hyderabad,7805,4,,,
SHP02546,WH5,DHL,Pune,Hyderabad,10240,7,,,
SHP02547,WH6,DHL,Chennai,Bangalore,7984,2,,,
SHP02548,WH8,UPS,Mumbai,Delhi,7358,4,,,
SHP02549,WH3,FedEx,Pune,Hyderabad,19711,7,,,
SHP02550,WH5,DHL,Mumbai,Delhi,18678,7,,,
SHP02551,WH8,UPS,Chennai,Bangalore,17100,2,,,
SHP02552,WH4,UPS,Mumbai,Delhi,15089,8,,,
SHP02553,WH3,UPS,Pune,Hyderabad,19622,8,,,
SHP02554,WH2,FedEx,Mumbai,Delhi,15604,3,,,
SHP02555,WH6,FedEx,Chennai,Bangalore,7042,6,,,
SHP02556,WH8,BlueDart,Chennai,Bangalore,9643,1,,,
SHP02557,WH5,FedEx,Pune,Hyderabad,8505,5,,,
SHP02558,WH7,FedEx,Pune,Hyderabad,5335,1,,,
SHP02559,WH7,FedEx,Pune,Hyderabad,9704,1,,,
SHP02560,WH7,UPS,Mumbai,Delhi,12050,8,,,
SHP02561,WH5,FedEx,Chennai,Bangalore,10151,5,,,
SHP02562,WH1,DHL,Chennai,Bangalore,4965,4,,,
SHP02563,WH5,UPS,Chennai,Bangalore,15176,8,,,
SHP02564,WH3,BlueDart,Mumbai,Delhi,10390,3,,,
SHP02565,WH2,UPS,Pune,Hyderabad,19538,6,,,
SHP02566,WH5,BlueDart,Mumbai,Delhi,5625,7,,,
SHP02567,WH3,DHL,Chennai,Bangalore,9463,2,,,
SHP02568,WH8,BlueDart,Pune,Hyderabad,9993,7,,,
SHP02569,WH7,UPS,Pune,Hyderabad,11188,1,,,
SHP02570,WH6,BlueDart,Pune,Hyderabad,15908,7,,,
SHP02571,WH1,UPS,Mumbai,Delhi,5018,1,,,
SHP02572,WH7,BlueDart,Mumbai,Delhi,16674,9,,,
SHP02573,WH4,FedEx,Mumbai,Delhi,18317,5,,,
SHP02574,WH1,BlueDart,Mumbai,Delhi,19523,8,,,
SHP02575,WH5,UPS,Mumbai,Delhi,1175,7,,,
SHP02576,WH8,DHL,Chennai,Bangalore,9824,5,,,
SHP02577,WH3,BlueDart,Chennai,Bangalore,3578,3,,,
SHP02578,WH1,UPS,Chennai,Bangalore,18108,3,,,
SHP02579,WH5,BlueDart,Pune,Hyderabad,19021,2,,,
SHP02580,WH7,DHL,Chennai,Bangalore,7174,6,,,
SHP02581,WH4,BlueDart,Mumbai,Delhi,14410,9,,,
SHP02582,WH1,UPS,Pune,Hyderabad,5807,8,,,
SHP02583,WH7,UPS,Chennai,Bangalore,2245,1,,,
SHP02584,WH2,DHL,Pune,Hyderabad,8995,8,,,
SHP02585,WH8,UPS,Chennai,Bangalore,1169,2,,,
SHP02586,WH5,UPS,Chennai,Bangalore,7066,6,,,
SHP02587,WH8,BlueDart,Pune,Hyderabad,10809,8,,,
SHP02588,WH5,BlueDart,Chennai,Bangalore,8160,5,,,
SHP02589,WH2,DHL,Pune,Hyderabad,4820,1,,,
SHP02590,WH7,BlueDart,Pune,Hyderabad,14229,2,,,
SHP02591,WH8,UPS,Mumbai,Delhi,13625,1,,,
SHP02592,WH7,FedEx,Pune,Hyderabad,3319,8,,,
SHP02593,WH4,FedEx,Pune,Hyderabad,8403,1,,,
SHP02594,WH5,UPS,Mumbai,Delhi,4131,1,,,
SHP02595,WH6,UPS,Chennai,Bangalore,18478,6,,,
SHP02596,WH5,BlueDart,Pune,Hyderabad,9334,6,,,
SHP02597,WH1,UPS,Mumbai,Delhi,14648,6,,,
SHP02598,WH6,DHL,Pune,Hyderabad,4058,3,,,
SHP02599,WH5,UPS,Mumbai,Delhi,4192,8,,,
SHP02600,WH7,FedEx,Chennai,Bangalore,3679,1,,,
SHP02601,WH8,UPS,Mumbai,Delhi,9905,4,,,
SHP02602,WH2,BlueDart,Chennai,Bangalore,13959,9,,,
SHP02603,WH1,FedEx,Mumbai,Delhi,16727,7,,,
SHP02604,WH2,UPS,Pune,Hyderabad,13049,3,,,
SHP02605,WH3,FedEx,Mumbai,Delhi,14780,9,,,
SHP02606,WH1,FedEx,Chennai,Bangalore,8501,6,,,
SHP02607,WH4,UPS,Pune,Hyderabad,12099,4,,,
SHP02608,WH1,BlueDart,Pune,Hyderabad,10276,5,,,
SHP02609,WH2,BlueDart,Chennai,Bangalore,3354,2,,,
SHP02610,WH2,FedEx,Mumbai,Delhi,5988,2,,,
SHP02611,WH6,BlueDart,Pune,Hyderabad,11158,6,,,
SHP02612,WH2,UPS,Mumbai,Delhi,9248,5,,,
SHP02613,WH6,FedEx,Pune,Hyderabad,18740,2,,,
SHP02614,WH5,BlueDart,Chennai,Bangalore,2053,5,,,
SHP02615,WH2,DHL,Pune,Hyderabad,1676,8,,,
SHP02616,WH2,DHL,Chennai,Bangalore,7993,2,,,
SHP02617,WH6,BlueDart,Mumbai,Delhi,8163,1,,,
SHP02618,WH7,UPS,Pune,Hyderabad,6785,7,,,
SHP02619,WH5,DHL,Pune,Hyderabad,1156,9,,,
SHP02620,WH2,BlueDart,Chennai,Bangalore,8179,4,,,
SHP02621,WH5,BlueDart,Mumbai,Delhi,7363,3,,,
SHP02622,WH5,UPS,Pune,Hyderabad,5113,1,,,
SHP02623,WH3,UPS,Pune,Hyderabad,3757,2,,,
SHP02624,WH6,BlueDart,Chennai,Bangalore,11433,9,,,
SHP02625,WH1,FedEx,Pune,Hyderabad,17523,7,,,
SHP02626,WH7,BlueDart,Mumbai,Delhi,10978,1,,,
SHP02627,WH7,UPS,Pune,Hyderabad,17240,7,,,
SHP02628,WH6,FedEx,Chennai,Bangalore,19881,4,,,
SHP02629,WH6,UPS,Mumbai,Delhi,12877,2,,,
SHP02630,WH2,BlueDart,Chennai,Bangalore,19992,6,,,
SHP02631,WH2,FedEx,Pune,Hyderabad,11826,6,,,
SHP02632,WH8,BlueDart,Mumbai,Delhi,17372,8,,,
SHP02633,WH3,DHL,Pune,Hyderabad,10658,5,,,
SHP02634,WH4,DHL,Pune,Hyderabad,19782,5,,,
SHP02635,WH3,FedEx,Mumbai,Delhi,11428,6,,,
SHP02636,WH2,BlueDart,Mumbai,Delhi,12285,9,,,
SHP02637,WH2,DHL,Chennai,Bangalore,10888,7,,,
SHP02638,WH5,BlueDart,Chennai,Bangalore,18982,3,,,
SHP02639,WH8,FedEx,Chennai,Bangalore,17776,9,,,
SHP02640,WH3,UPS,Mumbai,Delhi,16139,1,,,
SHP02641,WH6,DHL,Mumbai,Delhi,3838,9,,,
SHP02642,WH5,FedEx,Chennai,Bangalore,5308,6,,,
SHP02643,WH4,FedEx,Mumbai,Delhi,19242,2,,,
SHP02644,WH2,FedEx,Chennai,Bangalore,9714,1,,,
SHP02645,WH2,UPS,Pune,Hyderabad,17344,8,,,
SHP02646,WH3,FedEx,Pune,Hyderabad,12180,4,,,
SHP02647,WH4,FedEx,Pune,Hyderabad,3512,8,,,
SHP02648,WH5,FedEx,Mumbai,Delhi,10315,7,,,
SHP02649,WH8,DHL,Chennai,Bangalore,4824,5,,,
SHP02650,WH8,FedEx,Pune,Hyderabad,10638,4,,,
SHP02651,WH7,BlueDart,Pune,Hyderabad,13027,4,,,
SHP02652,WH8,BlueDart,Pune,Hyderabad,18281,7,,,
SHP02653,WH6,FedEx,Mumbai,Delhi,10418,8,,,
SHP02654,WH7,DHL,Mumbai,Delhi,5628,8,,,
SHP02655,WH1,DHL,Pune,Hyderabad,7437,7,,,
SHP02656,WH5,DHL,Pune,Hyderabad,12780,1,,,
SHP02657,WH2,FedEx,Chennai,Bangalore,1674,1,,,
SHP02658,WH6,BlueDart,Mumbai,Delhi,11363,1,,,
SHP02659,WH1,DHL,Chennai,Bangalore,12061,3,,,
SHP02660,WH6,DHL,Pune,Hyderabad,9488,3,,,
SHP02661,WH4,UPS,Mumbai,Delhi,12606,1,,,
SHP02662,WH5,BlueDart,Chennai,Bangalore,2120,5,,,
SHP02663,WH6,UPS,Chennai,Bangalore,2228,8,,,
SHP02664,WH2,DHL,Mumbai,Delhi,6656,2,,,
SHP02665,WH6,DHL,Pune,Hyderabad,6371,7,,,
SHP02666,WH3,FedEx,Mumbai,Delhi,4557,3,,,
SHP02667,WH4,FedEx,Mumbai,Delhi,7744,2,,,
SHP02668,WH1,FedEx,Mumbai,Delhi,13081,6,,,
SHP02669,WH2,DHL,Mumbai,Delhi,9255,5,,,
SHP02670,WH4,BlueDart,Mumbai,Delhi,4700,8,,,
SHP02671,WH6,BlueDart,Chennai,Bangalore,18547,7,,,
SHP02672,WH6,DHL,Chennai,Bangalore,1030,7,,,
SHP02673,WH5,FedEx,Pune,Hyderabad,9350,1,,,
SHP02674,WH3,BlueDart,Mumbai,Delhi,9993,6,,,
SHP02675,WH7,DHL,Pune,Hyderabad,6625,6,,,
SHP02676,WH3,BlueDart,Mumbai,Delhi,13506,5,,,
SHP02677,WH3,FedEx,Chennai,Bangalore,4118,5,,,
SHP02678,WH5,FedEx,Chennai,Bangalore,6524,2,,,
SHP02679,WH5,BlueDart,Pune,Hyderabad,1768,6,,,
SHP02680,WH2,DHL,Chennai,Bangalore,9654,9,,,
SHP02681,WH2,UPS,Pune,Hyderabad,8197,2,,,
SHP02682,WH2,UPS,Chennai,Bangalore,1196,1,,,
SHP02683,WH3,BlueDart,Chennai,Bangalore,17229,3,,,
SHP02684,WH7,FedEx,Pune,Hyderabad,19689,7,,,
SHP02685,WH4,FedEx,Pune,Hyderabad,13355,9,,,
SHP02686,WH2,DHL,Chennai,Bangalore,3617,7,,,
SHP02687,WH3,BlueDart,Mumbai,Delhi,8897,3,,,
SHP02688,WH1,UPS,Mumbai,Delhi,4744,5,,,
SHP02689,WH4,FedEx,Chennai,Bangalore,13507,3,,,
SHP02690,WH3,BlueDart,Pune,Hyderabad,2530,6,,,
SHP02691,WH8,UPS,Chennai,Bangalore,11184,6,,,
SHP02692,WH7,UPS,Mumbai,Delhi,14735,8,,,
SHP02693,WH7,DHL,Chennai,Bangalore,5816,7,,,
SHP02694,WH1,BlueDart,Mumbai,Delhi,10037,2,,,
SHP02695,WH6,BlueDart,Pune,Hyderabad,13604,1,,,
SHP02696,WH6,BlueDart,Pune,Hyderabad,5650,6,,,
SHP02697,WH7,DHL,Pune,Hyderabad,12970,4,,,
SHP02698,WH3,FedEx,Mumbai,Delhi,10593,9,,,
SHP02699,WH2,BlueDart,Pune,Hyderabad,16241,2,,,
SHP02700,WH6,DHL,Pune,Hyderabad,12767,6,,,
SHP02701,WH1,FedEx,Mumbai,Delhi,15989,1,,,
SHP02702,WH7,DHL,Mumbai,Delhi,16227,8,,,
SHP02703,WH2,BlueDart,Chennai,Bangalore,16008,1,,,
SHP02704,WH8,FedEx,Chennai,Bangalore,15880,9,,,
SHP02705,WH3,DHL,Mumbai,Delhi,9115,5,,,
SHP02706,WH1,DHL,Pune,Hyderabad,13742,7,,,
SHP02707,WH3,UPS,Mumbai,Delhi,16443,7,,,
SHP02708,WH2,DHL,Pune,Hyderabad,11027,9,,,
SHP02709,WH5,UPS,Pune,Hyderabad,10053,4,,,
SHP02710,WH1,DHL,Pune,Hyderabad,11683,9,,,
SHP02711,WH6,FedEx,Chennai,Bangalore,18305,8,,,
SHP02712,WH5,UPS,Mumbai,Delhi,9943,8,,,
SHP02713,WH3,BlueDart,Pune,Hyderabad,10382,1,,,
SHP02714,WH2,FedEx,Mumbai,Delhi,10146,8,,,
SHP02715,WH3,BlueDart,Chennai,Bangalore,2241,9,,,
SHP02716,WH4,BlueDart,Mumbai,Delhi,17806,1,,,
SHP02717,WH1,UPS,Mumbai,Delhi,17667,3,,,
SHP02718,WH7,FedEx,Pune,Hyderabad,9743,1,,,
SHP02719,WH7,DHL,Chennai,Bangalore,4726,4,,,
SHP02720,WH7,DHL,Chennai,Bangalore,10876,8,,,
SHP02721,WH4,BlueDart,Chennai,Bangalore,8502,5,,,
SHP02722,WH1,FedEx,Mumbai,Delhi,16597,7,,,
SHP02723,WH7,DHL,Chennai,Bangalore,14387,7,,,
SHP02724,WH3,UPS,Pune,Hyderabad,15914,2,,,
SHP02725,WH1,UPS,Chennai,Bangalore,4529,1,,,
SHP02726,WH1,BlueDart,Chennai,Bangalore,6921,7,,,
SHP02727,WH8,BlueDart,Pune,Hyderabad,4116,8,,,
SHP02728,WH7,DHL,Chennai,Bangalore,2717,8,,,
SHP02729,WH3,FedEx,Chennai,Bangalore,3857,5,,,
SHP02730,WH6,FedEx,Mumbai,Delhi,5401,1,,,
SHP02731,WH7,BlueDart,Chennai,Bangalore,9377,4,,,
SHP02732,WH5,DHL,Pune,Hyderabad,2568,7,,,
SHP02733,WH1,DHL,Pune,Hyderabad,3435,4,,,
SHP02734,WH5,FedEx,Pune,Hyderabad,8024,1,,,
SHP02735,WH1,DHL,Mumbai,Delhi,6589,7,,,
SHP02736,WH1,UPS,Mumbai,Delhi,9863,3,,,
SHP02737,WH4,BlueDart,Chennai,Bangalore,9960,3,,,
SHP02738,WH8,UPS,Mumbai,Delhi,5343,6,,,
SHP02739,WH1,DHL,Pune,Hyderabad,18834,8,,,
SHP02740,WH1,UPS,Chennai,Bangalore,11425,8,,,
SHP02741,WH1,UPS,Chennai,Bangalore,15563,5,,,
SHP02742,WH8,BlueDart,Pune,Hyderabad,5868,2,,,
SHP02743,WH4,DHL,Pune,Hyderabad,2014,4,,,
SHP02744,WH2,BlueDart,Pune,Hyderabad,2975,9,,,
SHP02745,WH7,DHL,Pune,Hyderabad,3717,1,,,
SHP02746,WH5,DHL,Pune,Hyderabad,3286,5,,,
SHP02747,WH2,BlueDart,Pune,Hyderabad,15141,2,,,
SHP02748,WH4,DHL,Pune,Hyderabad,3041,4,,,
SHP02749,WH5,BlueDart,Chennai,Bangalore,6518,4,,,
SHP02750,WH6,FedEx,Mumbai,Delhi,13865,5,,,
SHP02751,WH1,DHL,Pune,Hyderabad,5360,6,,,
SHP02752,WH6,UPS,Mumbai,Delhi,17546,6,,,
SHP02753,WH1,FedEx,Chennai,Bangalore,13232,8,,,
SHP02754,WH7,BlueDart,Pune,Hyderabad,6767,2,,,
SHP02755,WH2,UPS,Pune,Hyderabad,15274,3,,,
SHP02756,WH8,UPS,Pune,Hyderabad,5448,3,,,
SHP02757,WH1,DHL,Chennai,Bangalore,4067,9,,,
SHP02758,WH2,BlueDart,Pune,Hyderabad,12101,9,,,
SHP02759,WH3,DHL,Pune,Hyderabad,19617,1,,,
SHP02760,WH1,FedEx,Pune,Hyderabad,16303,7,,,
SHP02761,WH8,UPS,Chennai,Bangalore,19242,3,,,
SHP02762,WH5,UPS,Chennai,Bangalore,2628,4,,,
SHP02763,WH3,DHL,Chennai,Bangalore,17405,2,,,
SHP02764,WH7,UPS,Chennai,Bangalore,8274,1,,,
SHP02765,WH7,FedEx,Mumbai,Delhi,14417,2,,,
SHP02766,WH2,DHL,Pune,Hyderabad,7652,2,,,
SHP02767,WH7,FedEx,Chennai,Bangalore,6603,8,,,
SHP02768,WH1,UPS,Mumbai,Delhi,6132,9,,,
SHP02769,WH7,BlueDart,Mumbai,Delhi,14064,3,,,
SHP02770,WH3,UPS,Mumbai,Delhi,17797,3,,,
SHP02771,WH1,BlueDart,Mumbai,Delhi,14278,8,,,
SHP02772,WH8,BlueDart,Pune,Hyderabad,17651,9,,,
SHP02773,WH2,DHL,Chennai,Bangalore,8154,8,,,
SHP02774,WH2,DHL,Pune,Hyderabad,4811,8,,,
SHP02775,WH5,DHL,Mumbai,Delhi,3189,5,,,
SHP02776,WH6,DHL,Mumbai,Delhi,6575,2,,,
SHP02777,WH7,UPS,Pune,Hyderabad,15163,8,,,
SHP02778,WH1,BlueDart,Mumbai,Delhi,8833,7,,,
SHP02779,WH8,BlueDart,Pune,Hyderabad,19695,8,,,
SHP02780,WH1,BlueDart,Mumbai,Delhi,16685,3,,,
SHP02781,WH8,FedEx,Chennai,Bangalore,10861,5,,,
SHP02782,WH1,BlueDart,Chennai,Bangalore,10832,6,,,
SHP02783,WH3,FedEx,Mumbai,Delhi,13112,4,,,
SHP02784,WH4,FedEx,Chennai,Bangalore,5531,9,,,
SHP02785,WH5,DHL,Mumbai,Delhi,7004,9,,,
SHP02786,WH8,FedEx,Chennai,Bangalore,11012,5,,,
SHP02787,WH3,UPS,Pune,Hyderabad,12696,5,,,
SHP02788,WH1,DHL,Mumbai,Delhi,17532,6,,,
SHP02789,WH4,UPS,Mumbai,Delhi,11177,1,,,
SHP02790,WH5,FedEx,Chennai,Bangalore,2619,2,,,
SHP02791,WH7,BlueDart,Mumbai,Delhi,11814,6,,,
SHP02792,WH3,UPS,Mumbai,Delhi,4523,7,,,
SHP02793,WH8,FedEx,Mumbai,Delhi,7992,8,,,
SHP02794,WH2,DHL,Pune,Hyderabad,16859,4,,,
SHP02795,WH4,UPS,Pune,Hyderabad,15305,8,,,
SHP02796,WH2,FedEx,Pune,Hyderabad,18288,2,,,
SHP02797,WH8,UPS,Mumbai,Delhi,4071,7,,,
SHP02798,WH5,DHL,Mumbai,Delhi,19865,2,,,
SHP02799,WH3,UPS,Pune,Hyderabad,8462,7,,,
SHP02800,WH6,DHL,Pune,Hyderabad,11114,5,,,
SHP02801,WH8,BlueDart,Mumbai,Delhi,6632,4,,,
SHP02802,WH4,BlueDart,Chennai,Bangalore,6252,6,,,
SHP02803,WH4,FedEx,Chennai,Bangalore,12270,1,,,
SHP02804,WH1,FedEx,Pune,Hyderabad,14552,9,,,
SHP02805,WH4,UPS,Mumbai,Delhi,17942,3,,,
SHP02806,WH1,UPS,Mumbai,Delhi,6638,9,,,
SHP02807,WH5,UPS,Pune,Hyderabad,2649,1,,,
SHP02808,WH4,FedEx,Chennai,Bangalore,3816,1,,,
SHP02809,WH5,DHL,Mumbai,Delhi,19241,4,,,
SHP02810,WH3,BlueDart,Pune,Hyderabad,6533,9,,,
SHP02811,WH1,DHL,Pune,Hyderabad,5344,2,,,
SHP02812,WH3,BlueDart,Mumbai,Delhi,19584,8,,,
SHP02813,WH5,UPS,Chennai,Bangalore,10604,7,,,
SHP02814,WH8,UPS,Mumbai,Delhi,4067,7,,,
SHP02815,WH6,FedEx,Chennai,Bangalore,7148,2,,,
SHP02816,WH6,BlueDart,Pune,Hyderabad,9870,1,,,
SHP02817,WH8,FedEx,Chennai,Bangalore,18040,4,,,
SHP02818,WH8,BlueDart,Chennai,Bangalore,4152,4,,,
SHP02819,WH6,FedEx,Pune,Hyderabad,7013,2,,,
SHP02820,WH8,UPS,Pune,Hyderabad,7572,4,,,
SHP02821,WH1,BlueDart,Pune,Hyderabad,5079,3,,,
SHP02822,WH6,FedEx,Mumbai,Delhi,13954,4,,,
SHP02823,WH5,DHL,Chennai,Bangalore,2958,9,,,
SHP02824,WH5,FedEx,Mumbai,Delhi,15840,4,,,
SHP02825,WH4,FedEx,Pune,Hyderabad,15524,1,,,
SHP02826,WH1,BlueDart,Chennai,Bangalore,10978,1,,,
SHP02827,WH7,DHL,Mumbai,Delhi,1449,5,,,
SHP02828,WH6,UPS,Mumbai,Delhi,7384,7,,,
SHP02829,WH8,FedEx,Chennai,Bangalore,17606,3,,,
SHP02830,WH5,UPS,Mumbai,Delhi,12520,3,,,
SHP02831,WH3,BlueDart,Pune,Hyderabad,16823,5,,,
SHP02832,WH7,FedEx,Chennai,Bangalore,12552,6,,,
SHP02833,WH1,FedEx,Chennai,Bangalore,2681,6,,,
SHP02834,WH8,DHL,Chennai,Bangalore,19337,9,,,
SHP02835,WH7,BlueDart,Mumbai,Delhi,5847,1,,,
SHP02836,WH2,DHL,Mumbai,Delhi,4191,5,,,
SHP02837,WH5,FedEx,Pune,Hyderabad,8737,6,,,
SHP02838,WH5,BlueDart,Chennai,Bangalore,19528,8,,,
SHP02839,WH7,BlueDart,Mumbai,Delhi,5746,5,,,
SHP02840,WH2,DHL,Mumbai,Delhi,8921,5,,,
SHP02841,WH8,BlueDart,Chennai,Bangalore,13449,8,,,
SHP02842,WH4,FedEx,Mumbai,Delhi,14763,7,,,
SHP02843,WH5,FedEx,Chennai,Bangalore,2078,9,,,
SHP02844,WH3,FedEx,Chennai,Bangalore,14883,8,,,
SHP02845,WH7,UPS,Pune,Hyderabad,12278,4,,,
SHP02846,WH1,UPS,Chennai,Bangalore,8963,4,,,
SHP02847,WH5,FedEx,Pune,Hyderabad,4142,8,,,
SHP02848,WH3,BlueDart,Mumbai,Delhi,4812,1,,,
SHP02849,WH6,BlueDart,Chennai,Bangalore,2908,7,,,
SHP02850,WH4,UPS,Mumbai,Delhi,10076,2,,,
SHP02851,WH1,DHL,Chennai,Bangalore,5878,2,,,
SHP02852,WH6,UPS,Mumbai,Delhi,5945,6,,,
SHP02853,WH8,BlueDart,Pune,Hyderabad,16643,9,,,
SHP02854,WH2,UPS,Mumbai,Delhi,11891,2,,,
SHP02855,WH3,FedEx,Pune,Hyderabad,16079,5,,,
SHP02856,WH4,DHL,Chennai,Bangalore,17157,5,,,
SHP02857,WH1,BlueDart,Chennai,Bangalore,6794,3,,,
SHP02858,WH6,UPS,Chennai,Bangalore,9714,1,,,
SHP02859,WH7,DHL,Mumbai,Delhi,1553,4,,,
SHP02860,WH8,FedEx,Chennai,Bangalore,3768,4,,,
SHP02861,WH7,FedEx,Mumbai,Delhi,4136,5,,,
SHP02862,WH8,UPS,Mumbai,Delhi,10230,2,,,
SHP02863,WH2,DHL,Pune,Hyderabad,2616,2,,,
SHP02864,WH5,FedEx,Pune,Hyderabad,13983,7,,,
SHP02865,WH6,UPS,Mumbai,Delhi,13907,3,,,
SHP02866,WH7,BlueDart,Pune,Hyderabad,12600,2,,,
SHP02867,WH2,BlueDart,Mumbai,Delhi,7207,2,,,
SHP02868,WH6,BlueDart,Mumbai,Delhi,5163,6,,,
SHP02869,WH5,FedEx,Pune,Hyderabad,5626,9,,,
SHP02870,WH7,BlueDart,Mumbai,Delhi,13302,1,,,
SHP02871,WH2,BlueDart,Mumbai,Delhi,4837,4,,,
SHP02872,WH5,FedEx,Pune,Hyderabad,8403,7,,,
SHP02873,WH5,UPS,Mumbai,Delhi,6405,4,,,
SHP02874,WH1,FedEx,Mumbai,Delhi,18966,2,,,
SHP02875,WH8,BlueDart,Chennai,Bangalore,15422,3,,,
SHP02876,WH5,BlueDart,Chennai,Bangalore,11573,1,,,
SHP02877,WH8,DHL,Mumbai,Delhi,18740,3,,,
SHP02878,WH6,FedEx,Pune,Hyderabad,6110,4,,,
SHP02879,WH3,BlueDart,Chennai,Bangalore,6951,8,,,
SHP02880,WH2,UPS,Mumbai,Delhi,3840,2,,,
SHP02881,WH4,DHL,Mumbai,Delhi,16930,6,,,
SHP02882,WH3,BlueDart,Mumbai,Delhi,19193,7,,,
SHP02883,WH3,FedEx,Mumbai,Delhi,16857,5,,,
SHP02884,WH2,BlueDart,Mumbai,Delhi,13739,9,,,
SHP02885,WH6,FedEx,Mumbai,Delhi,6277,4,,,
SHP02886,WH1,FedEx,Chennai,Bangalore,15011,9,,,
SHP02887,WH5,DHL,Mumbai,Delhi,18435,9,,,
SHP02888,WH7,UPS,Pune,Hyderabad,14460,7,,,
SHP02889,WH5,UPS,Mumbai,Delhi,16667,9,,,
SHP02890,WH2,DHL,Chennai,Bangalore,11777,4,,,
SHP02891,WH5,BlueDart,Pune,Hyderabad,19261,5,,,
SHP02892,WH2,DHL,Chennai,Bangalore,8411,9,,,
SHP02893,WH3,UPS,Chennai,Bangalore,10275,7,,,
SHP02894,WH2,DHL,Pune,Hyderabad,3321,2,,,
SHP02895,WH7,BlueDart,Pune,Hyderabad,18328,8,,,
SHP02896,WH3,FedEx,Pune,Hyderabad,5526,6,,,
SHP02897,WH4,BlueDart,Chennai,Bangalore,19623,7,,,
SHP02898,WH2,FedEx,Chennai,Bangalore,6177,8,,,
SHP02899,WH3,BlueDart,Mumbai,Delhi,3004,5,,,
SHP02900,WH8,FedEx,Mumbai,Delhi,8772,2,,,
SHP02901,WH1,BlueDart,Chennai,Bangalore,18060,4,,,
SHP02902,WH6,DHL,Pune,Hyderabad,12958,8,,,
SHP02903,WH8,DHL,Chennai,Bangalore,18762,7,,,
SHP02904,WH5,DHL,Mumbai,Delhi,15035,6,,,
SHP02905,WH1,FedEx,Mumbai,Delhi,6312,6,,,
SHP02906,WH5,FedEx,Mumbai,Delhi,5319,4,,,
SHP02907,WH3,UPS,Pune,Hyderabad,4796,8,,,
SHP02908,WH4,FedEx,Mumbai,Delhi,2369,5,,,
SHP02909,WH8,FedEx,Mumbai,Delhi,18444,1,,,
SHP02910,WH2,UPS,Mumbai,Delhi,10179,7,,,
SHP02911,WH3,UPS,Mumbai,Delhi,13536,7,,,
SHP02912,WH3,BlueDart,Pune,Hyderabad,4355,4,,,
SHP02913,WH4,UPS,Chennai,Bangalore,13029,3,,,
SHP02914,WH6,UPS,Chennai,Bangalore,2805,2,,,
SHP02915,WH2,FedEx,Chennai,Bangalore,12743,3,,,
SHP02916,WH6,DHL,Chennai,Bangalore,11791,1,,,
SHP02917,WH5,FedEx,Chennai,Bangalore,8487,2,,,
SHP02918,WH3,FedEx,Mumbai,Delhi,5765,5,,,
SHP02919,WH4,BlueDart,Pune,Hyderabad,14277,6,,,
SHP02920,WH4,FedEx,Chennai,Bangalore,7533,3,,,
SHP02921,WH7,UPS,Chennai,Bangalore,15179,2,,,
SHP02922,WH6,UPS,Pune,Hyderabad,10986,9,,,
SHP02923,WH5,FedEx,Chennai,Bangalore,14964,7,,,
SHP02924,WH2,UPS,Mumbai,Delhi,1264,3,,,
SHP02925,WH2,DHL,Pune,Hyderabad,9789,7,,,
SHP02926,WH4,UPS,Mumbai,Delhi,4550,6,,,
SHP02927,WH8,UPS,Mumbai,Delhi,18374,5,,,
SHP02928,WH4,DHL,Pune,Hyderabad,10937,4,,,
SHP02929,WH8,DHL,Mumbai,Delhi,6666,6,,,
SHP02930,WH5,DHL,Pune,Hyderabad,5116,2,,,
SHP02931,WH2,BlueDart,Mumbai,Delhi,6168,8,,,
SHP02932,WH1,UPS,Mumbai,Delhi,11719,5,,,
SHP02933,WH3,UPS,Pune,Hyderabad,4436,8,,,
SHP02934,WH1,UPS,Pune,Hyderabad,13097,4,,,
SHP02935,WH7,DHL,Mumbai,Delhi,2109,6,,,
SHP02936,WH1,BlueDart,Mumbai,Delhi,9349,7,,,
SHP02937,WH8,UPS,Chennai,Bangalore,3153,7,,,
SHP02938,WH3,BlueDart,Chennai,Bangalore,3175,4,,,
SHP02939,WH3,FedEx,Mumbai,Delhi,1350,6,,,
SHP02940,WH7,BlueDart,Chennai,Bangalore,12114,5,,,
SHP02941,WH7,FedEx,Chennai,Bangalore,6692,7,,,
SHP02942,WH3,UPS,Chennai,Bangalore,1066,8,,,
SHP02943,WH3,DHL,Chennai,Bangalore,12949,7,,,
SHP02944,WH3,BlueDart,Mumbai,Delhi,6089,9,,,
SHP02945,WH5,UPS,Mumbai,Delhi,2682,7,,,
SHP02946,WH8,BlueDart,Mumbai,Delhi,1026,4,,,
SHP02947,WH3,FedEx,Pune,Hyderabad,11015,8,,,
SHP02948,WH6,UPS,Pune,Hyderabad,11159,1,,,
SHP02949,WH7,FedEx,Mumbai,Delhi,12036,1,,,
SHP02950,WH4,UPS,Chennai,Bangalore,8492,6,,,
SHP02951,WH8,BlueDart,Chennai,Bangalore,14139,2,,,
SHP02952,WH8,DHL,Mumbai,Delhi,5583,4,,,
SHP02953,WH8,DHL,Chennai,Bangalore,3304,8,,,
SHP02954,WH2,FedEx,Pune,Hyderabad,13157,2,,,
SHP02955,WH8,DHL,Mumbai,Delhi,16814,3,,,
SHP02956,WH1,FedEx,Mumbai,Delhi,7672,8,,,
SHP02957,WH3,FedEx,Mumbai,Delhi,7623,3,,,
SHP02958,WH8,UPS,Chennai,Bangalore,3955,8,,,
SHP02959,WH4,FedEx,Mumbai,Delhi,3535,3,,,
SHP02960,WH2,DHL,Chennai,Bangalore,16615,2,,,
SHP02961,WH2,DHL,Mumbai,Delhi,19536,9,,,
SHP02962,WH7,DHL,Pune,Hyderabad,19997,5,,,
SHP02963,WH6,FedEx,Mumbai,Delhi,2720,4,,,
SHP02964,WH3,DHL,Chennai,Bangalore,4884,4,,,
SHP02965,WH7,UPS,Mumbai,Delhi,8817,6,,,
SHP02966,WH4,DHL,Pune,Hyderabad,9478,8,,,
SHP02967,WH8,BlueDart,Pune,Hyderabad,2094,9,,,
SHP02968,WH1,UPS,Chennai,Bangalore,1197,7,,,
SHP02969,WH6,UPS,Pune,Hyderabad,19359,1,,,
SHP02970,WH6,UPS,Mumbai,Delhi,13039,8,,,
SHP02971,WH2,FedEx,Mumbai,Delhi,14420,9,,,
SHP02972,WH4,BlueDart,Mumbai,Delhi,14747,7,,,
SHP02973,WH6,FedEx,Mumbai,Delhi,5795,7,,,
SHP02974,WH1,UPS,Pune,Hyderabad,18705,5,,,
SHP02975,WH3,BlueDart,Mumbai,Delhi,16210,9,,,
SHP02976,WH7,UPS,Pune,Hyderabad,13930,3,,,
SHP02977,WH7,FedEx,Chennai,Bangalore,12168,8,,,
SHP02978,WH6,UPS,Chennai,Bangalore,11920,6,,,
SHP02979,WH7,DHL,Pune,Hyderabad,2511,2,,,
SHP02980,WH2,BlueDart,Pune,Hyderabad,16087,7,,,
SHP02981,WH2,FedEx,Mumbai,Delhi,10251,5,,,
SHP02982,WH5,UPS,Pune,Hyderabad,3082,2,,,
SHP02983,WH7,UPS,Mumbai,Delhi,17678,1,,,
SHP02984,WH5,FedEx,Chennai,Bangalore,4757,6,,,
SHP02985,WH2,UPS,Mumbai,Delhi,2755,1,,,
SHP02986,WH1,DHL,Pune,Hyderabad,12927,7,,,
SHP02987,WH8,FedEx,Chennai,Bangalore,5751,1,,,
SHP02988,WH3,FedEx,Chennai,Bangalore,3336,5,,,
SHP02989,WH2,UPS,Pune,Hyderabad,1147,1,,,
SHP02990,WH8,FedEx,Mumbai,Delhi,2848,6,,,
SHP02991,WH6,FedEx,Chennai,Bangalore,2093,8,,,
SHP02992,WH2,DHL,Chennai,Bangalore,14657,3,,,
SHP02993,WH4,DHL,Pune,Hyderabad,5319,9,,,
SHP02994,WH3,FedEx,Pune,Hyderabad,11461,4,,,
SHP02995,WH6,FedEx,Mumbai,Delhi,19418,8,,,
SHP02996,WH6,DHL,Mumbai,Delhi,10703,2,,,
SHP02997,WH6,UPS,Mumbai,Delhi,7670,1,,,
SHP02998,WH5,FedEx,Chennai,Bangalore,12142,6,,,
SHP02999,WH3,DHL,Chennai,Bangalore,19942,2,,,
SHP03000,WH4,DHL,Pune,Hyderabad,6789,5,,,
SHP03001,WH5,UPS,Pune,Hyderabad,4091,8,,,
SHP03002,WH5,BlueDart,Pune,Hyderabad,13806,3,,,
SHP03003,WH6,FedEx,Mumbai,Delhi,18601,8,,,
SHP03004,WH2,DHL,Chennai,Bangalore,15009,1,,,
SHP03005,WH6,UPS,Chennai,Bangalore,1392,5,,,
SHP03006,WH2,BlueDart,Pune,Hyderabad,17808,1,,,
SHP03007,WH8,DHL,Mumbai,Delhi,18255,4,,,
SHP03008,WH2,FedEx,Chennai,Bangalore,16538,8,,,
SHP03009,WH8,UPS,Mumbai,Delhi,3746,8,,,
SHP03010,WH2,FedEx,Mumbai,Delhi,11405,4,,,
SHP03011,WH1,BlueDart,Mumbai,Delhi,3404,1,,,
SHP03012,WH6,FedEx,Mumbai,Delhi,12909,7,,,
SHP03013,WH4,UPS,Chennai,Bangalore,4477,7,,,
SHP03014,WH7,BlueDart,Mumbai,Delhi,1241,5,,,
SHP03015,WH3,UPS,Pune,Hyderabad,18344,8,,,
SHP03016,WH3,BlueDart,Pune,Hyderabad,7840,5,,,
SHP03017,WH3,BlueDart,Chennai,Bangalore,18117,9,,,
SHP03018,WH6,FedEx,Mumbai,Delhi,17954,2,,,
SHP03019,WH7,DHL,Chennai,Bangalore,14914,7,,,
SHP03020,WH5,UPS,Mumbai,Delhi,13577,2,,,
SHP03021,WH8,UPS,Pune,Hyderabad,2178,2,,,
SHP03022,WH8,DHL,Chennai,Bangalore,13675,9,,,
SHP03023,WH1,UPS,Chennai,Bangalore,3518,4,,,
SHP03024,WH3,FedEx,Pune,Hyderabad,1921,2,,,
SHP03025,WH7,BlueDart,Chennai,Bangalore,7397,1,,,
SHP03026,WH1,UPS,Pune,Hyderabad,11354,1,,,
SHP03027,WH1,UPS,Mumbai,Delhi,13280,2,,,
SHP03028,WH3,UPS,Mumbai,Delhi,8656,4,,,
SHP03029,WH6,FedEx,Mumbai,Delhi,10066,6,,,
SHP03030,WH3,UPS,Mumbai,Delhi,3327,8,,,
SHP03031,WH4,FedEx,Pune,Hyderabad,9605,5,,,
SHP03032,WH6,BlueDart,Pune,Hyderabad,5170,7,,,
SHP03033,WH5,BlueDart,Chennai,Bangalore,6302,7,,,
SHP03034,WH8,FedEx,Mumbai,Delhi,5445,6,,,
SHP03035,WH1,BlueDart,Chennai,Bangalore,3539,9,,,
SHP03036,WH5,UPS,Mumbai,Delhi,6674,9,,,
SHP03037,WH1,FedEx,Mumbai,Delhi,4646,1,,,
SHP03038,WH2,DHL,Mumbai,Delhi,14160,4,,,
SHP03039,WH7,DHL,Mumbai,Delhi,7189,7,,,
SHP03040,WH2,BlueDart,Pune,Hyderabad,12853,7,,,
SHP03041,WH1,BlueDart,Mumbai,Delhi,13655,5,,,
SHP03042,WH7,DHL,Mumbai,Delhi,6479,1,,,
SHP03043,WH7,UPS,Mumbai,Delhi,5707,1,,,
SHP03044,WH8,BlueDart,Pune,Hyderabad,2606,9,,,
SHP03045,WH6,DHL,Chennai,Bangalore,2974,9,,,
SHP03046,WH5,BlueDart,Mumbai,Delhi,11672,2,,,
SHP03047,WH6,DHL,Mumbai,Delhi,16843,3,,,
SHP03048,WH6,DHL,Chennai,Bangalore,15510,1,,,
SHP03049,WH6,BlueDart,Chennai,Bangalore,12252,9,,,
SHP03050,WH6,FedEx,Chennai,Bangalore,19902,8,,,
SHP03051,WH1,DHL,Chennai,Bangalore,6443,9,,,
SHP03052,WH4,DHL,Mumbai,Delhi,5665,4,,,
SHP03053,WH3,UPS,Mumbai,Delhi,8638,9,,,
SHP03054,WH2,BlueDart,Mumbai,Delhi,15866,8,,,
SHP03055,WH3,BlueDart,Mumbai,Delhi,5861,3,,,
SHP03056,WH3,FedEx,Chennai,Bangalore,7555,3,,,
SHP03057,WH1,UPS,Mumbai,Delhi,11593,7,,,
SHP03058,WH2,DHL,Mumbai,Delhi,14718,9,,,
SHP03059,WH8,DHL,Pune,Hyderabad,11339,3,,,
SHP03060,WH8,UPS,Mumbai,Delhi,13907,4,,,
SHP03061,WH2,UPS,Chennai,Bangalore,12534,1,,,
SHP03062,WH8,FedEx,Chennai,Bangalore,3315,8,,,
SHP03063,WH6,DHL,Pune,Hyderabad,19174,8,,,
SHP03064,WH5,UPS,Mumbai,Delhi,1092,4,,,
SHP03065,WH4,DHL,Chennai,Bangalore,12635,7,,,
SHP03066,WH3,BlueDart,Mumbai,Delhi,18307,2,,,
SHP03067,WH3,UPS,Mumbai,Delhi,17567,6,,,
SHP03068,WH4,UPS,Chennai,Bangalore,17520,2,,,
SHP03069,WH8,DHL,Mumbai,Delhi,7759,2,,,
SHP03070,WH7,FedEx,Chennai,Bangalore,4599,5,,,
SHP03071,WH2,FedEx,Pune,Hyderabad,14027,8,,,
SHP03072,WH4,UPS,Mumbai,Delhi,5879,8,,,
SHP03073,WH8,UPS,Pune,Hyderabad,2942,8,,,
SHP03074,WH8,DHL,Pune,Hyderabad,2603,1,,,
SHP03075,WH3,FedEx,Pune,Hyderabad,10588,2,,,
SHP03076,WH5,BlueDart,Pune,Hyderabad,15660,6,,,
SHP03077,WH1,UPS,Chennai,Bangalore,11099,5,,,
SHP03078,WH3,FedEx,Pune,Hyderabad,18224,6,,,
SHP03079,WH8,UPS,Pune,Hyderabad,18327,9,,,
SHP03080,WH4,UPS,Mumbai,Delhi,17784,1,,,
SHP03081,WH1,BlueDart,Chennai,Bangalore,12373,7,,,
SHP03082,WH7,DHL,Chennai,Bangalore,16106,3,,,
SHP03083,WH7,UPS,Chennai,Bangalore,8498,9,,,
SHP03084,WH5,UPS,Chennai,Bangalore,12337,8,,,
SHP03085,WH6,DHL,Mumbai,Delhi,17729,4,,,
SHP03086,WH8,FedEx,Chennai,Bangalore,8370,6,,,
SHP03087,WH2,UPS,Pune,Hyderabad,1053,3,,,
SHP03088,WH7,FedEx,Mumbai,Delhi,17323,5,,,
SHP03089,WH6,FedEx,Chennai,Bangalore,9578,2,,,
SHP03090,WH6,DHL,Chennai,Bangalore,2960,6,,,
SHP03091,WH2,BlueDart,Chennai,Bangalore,5440,2,,,
SHP03092,WH6,FedEx,Mumbai,Delhi,7979,7,,,
SHP03093,WH6,BlueDart,Pune,Hyderabad,8952,3,,,
SHP03094,WH4,FedEx,Mumbai,Delhi,9322,7,,,
SHP03095,WH4,BlueDart,Chennai,Bangalore,3576,4,,,
SHP03096,WH4,BlueDart,Pune,Hyderabad,6166,1,,,
SHP03097,WH2,UPS,Chennai,Bangalore,12469,9,,,
SHP03098,WH6,FedEx,Pune,Hyderabad,18340,5,,,
SHP03099,WH5,DHL,Mumbai,Delhi,19800,4,,,
SHP03100,WH4,DHL,Pune,Hyderabad,9708,4,,,
SHP03101,WH5,DHL,Mumbai,Delhi,13530,7,,,
SHP03102,WH2,FedEx,Chennai,Bangalore,14847,2,,,
SHP03103,WH1,FedEx,Chennai,Bangalore,6561,9,,,
SHP03104,WH4,BlueDart,Pune,Hyderabad,14612,6,,,
SHP03105,WH4,FedEx,Chennai,Bangalore,17759,6,,,
SHP03106,WH5,BlueDart,Mumbai,Delhi,4132,2,,,
SHP03107,WH3,BlueDart,Chennai,Bangalore,6112,4,,,
SHP03108,WH6,UPS,Pune,Hyderabad,15132,2,,,
SHP03109,WH4,DHL,Pune,Hyderabad,17243,8,,,
SHP03110,WH8,BlueDart,Pune,Hyderabad,11261,8,,,
SHP03111,WH8,FedEx,Mumbai,Delhi,14602,4,,,
SHP03112,WH6,DHL,Mumbai,Delhi,14755,6,,,
SHP03113,WH6,FedEx,Chennai,Bangalore,1331,8,,,
SHP03114,WH3,FedEx,Pune,Hyderabad,14010,9,,,
SHP03115,WH8,DHL,Mumbai,Delhi,11376,5,,,
SHP03116,WH6,DHL,Mumbai,Delhi,1591,8,,,
SHP03117,WH2,FedEx,Mumbai,Delhi,15495,5,,,
SHP03118,WH8,FedEx,Pune,Hyderabad,3316,5,,,
SHP03119,WH1,FedEx,Pune,Hyderabad,5798,3,,,
SHP03120,WH8,FedEx,Pune,Hyderabad,4827,1,,,
SHP03121,WH7,BlueDart,Pune,Hyderabad,8045,5,,,
SHP03122,WH1,FedEx,Chennai,Bangalore,6970,6,,,
SHP03123,WH2,DHL,Pune,Hyderabad,6271,9,,,
SHP03124,WH4,DHL,Chennai,Bangalore,1546,7,,,
SHP03125,WH4,FedEx,Pune,Hyderabad,11669,9,,,
SHP03126,WH1,UPS,Chennai,Bangalore,2705,8,,,
SHP03127,WH6,DHL,Chennai,Bangalore,16051,8,,,
SHP03128,WH4,DHL,Mumbai,Delhi,3645,8,,,
SHP03129,WH6,BlueDart,Chennai,Bangalore,6329,3,,,
SHP03130,WH4,UPS,Chennai,Bangalore,19519,2,,,
SHP03131,WH3,UPS,Mumbai,Delhi,15731,6,,,
SHP03132,WH3,BlueDart,Pune,Hyderabad,11834,2,,,
SHP03133,WH8,UPS,Pune,Hyderabad,17621,3,,,
SHP03134,WH2,DHL,Mumbai,Delhi,19278,3,,,
SHP03135,WH5,DHL,Mumbai,Delhi,1631,5,,,
SHP03136,WH8,BlueDart,Chennai,Bangalore,8238,5,,,
SHP03137,WH8,DHL,Pune,Hyderabad,6783,2,,,
SHP03138,WH5,FedEx,Pune,Hyderabad,7012,6,,,
SHP03139,WH6,FedEx,Mumbai,Delhi,8814,5,,,
SHP03140,WH3,FedEx,Mumbai,Delhi,11482,6,,,
SHP03141,WH4,BlueDart,Pune,Hyderabad,2988,2,,,
SHP03142,WH1,DHL,Chennai,Bangalore,16224,6,,,
SHP03143,WH8,UPS,Pune,Hyderabad,12740,7,,,
SHP03144,WH2,DHL,Mumbai,Delhi,9036,8,,,
SHP03145,WH4,FedEx,Pune,Hyderabad,16039,8,,,
SHP03146,WH8,DHL,Pune,Hyderabad,9964,1,,,
SHP03147,WH5,FedEx,Pune,Hyderabad,16061,1,,,
SHP03148,WH4,FedEx,Chennai,Bangalore,17057,3,,,
SHP03149,WH3,FedEx,Chennai,Bangalore,6097,8,,,
SHP03150,WH5,DHL,Pune,Hyderabad,19867,6,,,
SHP03151,WH4,FedEx,Pune,Hyderabad,16744,2,,,
SHP03152,WH7,BlueDart,Mumbai,Delhi,9388,4,,,
SHP03153,WH5,BlueDart,Mumbai,Delhi,16110,3,,,
SHP03154,WH8,UPS,Mumbai,Delhi,19333,7,,,
SHP03155,WH6,BlueDart,Mumbai,Delhi,16753,3,,,
SHP03156,WH8,FedEx,Mumbai,Delhi,18026,5,,,
SHP03157,WH4,DHL,Mumbai,Delhi,19120,8,,,
SHP03158,WH3,DHL,Mumbai,Delhi,18346,1,,,
SHP03159,WH6,FedEx,Mumbai,Delhi,7102,9,,,
SHP03160,WH3,UPS,Chennai,Bangalore,7914,3,,,
SHP03161,WH4,FedEx,Mumbai,Delhi,1107,6,,,
SHP03162,WH4,UPS,Chennai,Bangalore,8836,3,,,
SHP03163,WH4,UPS,Pune,Hyderabad,9569,5,,,
SHP03164,WH5,FedEx,Chennai,Bangalore,6881,6,,,
SHP03165,WH1,DHL,Pune,Hyderabad,10556,5,,,
SHP03166,WH2,BlueDart,Chennai,Bangalore,4321,1,,,
SHP03167,WH1,BlueDart,Mumbai,Delhi,15077,9,,,
SHP03168,WH2,BlueDart,Chennai,Bangalore,8454,1,,,
SHP03169,WH4,FedEx,Mumbai,Delhi,3334,3,,,
SHP03170,WH7,UPS,Mumbai,Delhi,12437,7,,,
SHP03171,WH1,DHL,Chennai,Bangalore,18892,5,,,
SHP03172,WH4,DHL,Pune,Hyderabad,17514,5,,,
SHP03173,WH7,BlueDart,Pune,Hyderabad,5585,8,,,
SHP03174,WH5,BlueDart,Mumbai,Delhi,9243,9,,,
SHP03175,WH6,BlueDart,Chennai,Bangalore,15638,3,,,
SHP03176,WH5,BlueDart,Chennai,Bangalore,10110,4,,,
SHP03177,WH1,FedEx,Pune,Hyderabad,13008,3,,,
SHP03178,WH5,FedEx,Mumbai,Delhi,4750,8,,,
SHP03179,WH7,DHL,Pune,Hyderabad,14810,4,,,
SHP03180,WH3,UPS,Chennai,Bangalore,12729,4,,,
SHP03181,WH3,DHL,Pune,Hyderabad,9875,6,,,
SHP03182,WH6,DHL,Pune,Hyderabad,17864,4,,,
SHP03183,WH4,UPS,Mumbai,Delhi,18425,5,,,
SHP03184,WH2,UPS,Pune,Hyderabad,15198,9,,,
SHP03185,WH5,UPS,Pune,Hyderabad,11304,7,,,
SHP03186,WH5,DHL,Mumbai,Delhi,17607,9,,,
SHP03187,WH8,BlueDart,Pune,Hyderabad,15547,9,,,
SHP03188,WH5,FedEx,Chennai,Bangalore,12420,5,,,
SHP03189,WH3,BlueDart,Chennai,Bangalore,8256,4,,,
SHP03190,WH3,BlueDart,Mumbai,Delhi,16955,3,,,
SHP03191,WH1,DHL,Mumbai,Delhi,7835,3,,,
SHP03192,WH7,FedEx,Chennai,Bangalore,11141,9,,,
SHP03193,WH7,FedEx,Chennai,Bangalore,11554,7,,,
SHP03194,WH4,FedEx,Mumbai,Delhi,10129,4,,,
SHP03195,WH1,BlueDart,Chennai,Bangalore,14019,1,,,
SHP03196,WH7,UPS,Pune,Hyderabad,10623,8,,,
SHP03197,WH5,BlueDart,Pune,Hyderabad,11219,2,,,
SHP03198,WH7,DHL,Mumbai,Delhi,7303,8,,,
SHP03199,WH3,FedEx,Mumbai,Delhi,5676,8,,,
SHP03200,WH6,BlueDart,Mumbai,Delhi,10230,3,,,
SHP03201,WH6,FedEx,Mumbai,Delhi,4593,8,,,
SHP03202,WH3,UPS,Mumbai,Delhi,10383,6,,,
SHP03203,WH5,FedEx,Chennai,Bangalore,18942,5,,,
SHP03204,WH1,FedEx,Mumbai,Delhi,11469,5,,,
SHP03205,WH4,FedEx,Mumbai,Delhi,7003,1,,,
SHP03206,WH1,UPS,Chennai,Bangalore,2931,6,,,
SHP03207,WH7,BlueDart,Pune,Hyderabad,14341,4,,,
SHP03208,WH6,BlueDart,Mumbai,Delhi,12786,7,,,
SHP03209,WH3,BlueDart,Chennai,Bangalore,11025,4,,,
SHP03210,WH4,FedEx,Chennai,Bangalore,12237,5,,,
SHP03211,WH7,UPS,Mumbai,Delhi,12075,5,,,
SHP03212,WH5,FedEx,Mumbai,Delhi,19750,5,,,
SHP03213,WH6,BlueDart,Pune,Hyderabad,8310,1,,,
SHP03214,WH2,UPS,Pune,Hyderabad,7800,6,,,
SHP03215,WH7,BlueDart,Mumbai,Delhi,1787,6,,,
SHP03216,WH8,DHL,Chennai,Bangalore,2867,3,,,
SHP03217,WH8,FedEx,Pune,Hyderabad,5581,9,,,
SHP03218,WH6,UPS,Pune,Hyderabad,12001,2,,,
SHP03219,WH8,DHL,Pune,Hyderabad,6670,2,,,
SHP03220,WH6,UPS,Pune,Hyderabad,17164,3,,,
SHP03221,WH6,FedEx,Mumbai,Delhi,7773,9,,,
SHP03222,WH1,BlueDart,Chennai,Bangalore,7757,1,,,
SHP03223,WH4,BlueDart,Pune,Hyderabad,7615,1,,,
SHP03224,WH3,FedEx,Chennai,Bangalore,16952,3,,,
SHP03225,WH5,FedEx,Mumbai,Delhi,17514,3,,,
SHP03226,WH2,BlueDart,Mumbai,Delhi,9456,2,,,
SHP03227,WH3,UPS,Pune,Hyderabad,10006,3,,,
SHP03228,WH2,UPS,Chennai,Bangalore,19317,4,,,
SHP03229,WH7,FedEx,Chennai,Bangalore,17433,7,,,
SHP03230,WH1,UPS,Mumbai,Delhi,3758,3,,,
SHP03231,WH2,DHL,Pune,Hyderabad,1963,1,,,
SHP03232,WH7,FedEx,Mumbai,Delhi,7180,8,,,
SHP03233,WH6,DHL,Mumbai,Delhi,12548,9,,,
SHP03234,WH6,UPS,Chennai,Bangalore,6280,9,,,
SHP03235,WH1,DHL,Pune,Hyderabad,14423,2,,,
SHP03236,WH1,DHL,Chennai,Bangalore,3353,4,,,
SHP03237,WH7,BlueDart,Chennai,Bangalore,13754,4,,,
SHP03238,WH7,UPS,Chennai,Bangalore,6060,8,,,
SHP03239,WH4,UPS,Pune,Hyderabad,17557,4,,,
SHP03240,WH7,UPS,Chennai,Bangalore,13777,7,,,
SHP03241,WH5,UPS,Mumbai,Delhi,15268,8,,,
SHP03242,WH4,BlueDart,Mumbai,Delhi,1876,2,,,
SHP03243,WH2,BlueDart,Chennai,Bangalore,5219,5,,,
SHP03244,WH5,DHL,Chennai,Bangalore,6366,1,,,
SHP03245,WH2,DHL,Mumbai,Delhi,8726,5,,,
SHP03246,WH8,UPS,Chennai,Bangalore,3222,3,,,
SHP03247,WH8,BlueDart,Pune,Hyderabad,15841,1,,,
SHP03248,WH1,UPS,Pune,Hyderabad,2280,8,,,
SHP03249,WH3,FedEx,Chennai,Bangalore,16879,8,,,
SHP03250,WH1,UPS,Mumbai,Delhi,18764,2,,,
SHP03251,WH5,UPS,Pune,Hyderabad,11150,7,,,
SHP03252,WH1,UPS,Mumbai,Delhi,3532,2,,,
SHP03253,WH7,BlueDart,Pune,Hyderabad,15212,8,,,
SHP03254,WH6,UPS,Chennai,Bangalore,5633,3,,,
SHP03255,WH2,UPS,Chennai,Bangalore,13348,1,,,
SHP03256,WH3,DHL,Pune,Hyderabad,17725,5,,,
SHP03257,WH1,FedEx,Pune,Hyderabad,5825,9,,,
SHP03258,WH1,UPS,Pune,Hyderabad,18071,5,,,
SHP03259,WH6,BlueDart,Chennai,Bangalore,14000,8,,,
SHP03260,WH4,UPS,Mumbai,Delhi,12289,5,,,
SHP03261,WH4,UPS,Chennai,Bangalore,6928,5,,,
SHP03262,WH8,DHL,Mumbai,Delhi,2963,7,,,
SHP03263,WH3,FedEx,Mumbai,Delhi,12281,3,,,
SHP03264,WH4,DHL,Chennai,Bangalore,15359,8,,,
SHP03265,WH5,DHL,Pune,Hyderabad,9736,5,,,
SHP03266,WH7,BlueDart,Chennai,Bangalore,17759,4,,,
SHP03267,WH4,FedEx,Pune,Hyderabad,10039,9,,,
SHP03268,WH3,UPS,Mumbai,Delhi,13504,2,,,
SHP03269,WH4,UPS,Chennai,Bangalore,9342,3,,,
SHP03270,WH4,FedEx,Pune,Hyderabad,5061,4,,,
SHP03271,WH5,BlueDart,Pune,Hyderabad,6698,2,,,
SHP03272,WH2,BlueDart,Chennai,Bangalore,5537,1,,,
SHP03273,WH8,BlueDart,Pune,Hyderabad,5114,5,,,
SHP03274,WH1,DHL,Mumbai,Delhi,9733,8,,,
SHP03275,WH5,DHL,Pune,Hyderabad,8383,5,,,
SHP03276,WH7,FedEx,Mumbai,Delhi,16277,7,,,
SHP03277,WH2,FedEx,Pune,Hyderabad,13159,3,,,
SHP03278,WH7,FedEx,Chennai,Bangalore,3345,1,,,
SHP03279,WH3,BlueDart,Mumbai,Delhi,10180,1,,,
SHP03280,WH7,BlueDart,Chennai,Bangalore,6392,9,,,
SHP03281,WH2,UPS,Pune,Hyderabad,1421,9,,,
SHP03282,WH7,DHL,Pune,Hyderabad,16336,5,,,
SHP03283,WH8,UPS,Mumbai,Delhi,11136,7,,,
SHP03284,WH3,UPS,Pune,Hyderabad,16787,6,,,
SHP03285,WH2,FedEx,Mumbai,Delhi,7720,9,,,
SHP03286,WH4,FedEx,Mumbai,Delhi,16049,5,,,
SHP03287,WH5,UPS,Chennai,Bangalore,15579,3,,,
SHP03288,WH4,DHL,Mumbai,Delhi,12138,1,,,
SHP03289,WH7,BlueDart,Chennai,Bangalore,7236,2,,,
SHP03290,WH2,DHL,Mumbai,Delhi,1993,8,,,
SHP03291,WH6,BlueDart,Chennai,Bangalore,10283,2,,,
SHP03292,WH2,UPS,Pune,Hyderabad,2823,3,,,
SHP03293,WH4,UPS,Pune,Hyderabad,9702,8,,,
SHP03294,WH5,FedEx,Pune,Hyderabad,3434,2,,,
SHP03295,WH7,BlueDart,Mumbai,Delhi,11417,4,,,
SHP03296,WH4,DHL,Pune,Hyderabad,3321,7,,,
SHP03297,WH5,FedEx,Chennai,Bangalore,9825,5,,,
SHP03298,WH4,FedEx,Chennai,Bangalore,2109,4,,,
SHP03299,WH7,FedEx,Pune,Hyderabad,13655,4,,,
SHP03300,WH4,BlueDart,Mumbai,Delhi,1621,8,,,
SHP03301,WH5,UPS,Pune,Hyderabad,3500,1,,,
SHP03302,WH7,DHL,Chennai,Bangalore,15549,9,,,
SHP03303,WH1,DHL,Pune,Hyderabad,14960,2,,,
SHP03304,WH5,FedEx,Pune,Hyderabad,3325,9,,,
SHP03305,WH4,BlueDart,Chennai,Bangalore,1248,3,,,
SHP03306,WH4,BlueDart,Chennai,Bangalore,4308,9,,,
SHP03307,WH1,UPS,Mumbai,Delhi,14174,6,,,
SHP03308,WH3,DHL,Chennai,Bangalore,9780,6,,,
SHP03309,WH2,FedEx,Chennai,Bangalore,4987,4,,,
SHP03310,WH7,BlueDart,Mumbai,Delhi,8556,1,,,
SHP03311,WH2,BlueDart,Chennai,Bangalore,8315,8,,,
SHP03312,WH8,BlueDart,Chennai,Bangalore,2102,6,,,
SHP03313,WH7,BlueDart,Mumbai,Delhi,18627,1,,,
SHP03314,WH5,FedEx,Mumbai,Delhi,17388,3,,,
SHP03315,WH7,DHL,Mumbai,Delhi,18117,1,,,
SHP03316,WH2,UPS,Chennai,Bangalore,17845,8,,,
SHP03317,WH1,FedEx,Mumbai,Delhi,16040,5,,,
SHP03318,WH5,UPS,Mumbai,Delhi,14754,5,,,
SHP03319,WH7,DHL,Mumbai,Delhi,2322,5,,,
SHP03320,WH2,FedEx,Pune,Hyderabad,3886,6,,,
SHP03321,WH7,DHL,Chennai,Bangalore,19267,8,,,
SHP03322,WH8,BlueDart,Chennai,Bangalore,18628,9,,,
SHP03323,WH2,BlueDart,Mumbai,Delhi,7898,3,,,
SHP03324,WH8,FedEx,Mumbai,Delhi,9212,5,,,
SHP03325,WH7,DHL,Mumbai,Delhi,9933,1,,,
SHP03326,WH5,DHL,Pune,Hyderabad,1546,7,,,
SHP03327,WH1,FedEx,Mumbai,Delhi,12433,6,,,
SHP03328,WH4,BlueDart,Chennai,Bangalore,2267,6,,,
SHP03329,WH5,UPS,Pune,Hyderabad,14658,3,,,
SHP03330,WH5,FedEx,Mumbai,Delhi,10931,1,,,
SHP03331,WH2,DHL,Chennai,Bangalore,3997,2,,,
SHP03332,WH2,UPS,Mumbai,Delhi,11387,3,,,
SHP03333,WH3,BlueDart,Mumbai,Delhi,10510,9,,,
SHP03334,WH2,BlueDart,Mumbai,Delhi,11002,3,,,
SHP03335,WH6,BlueDart,Pune,Hyderabad,5866,5,,,
SHP03336,WH4,FedEx,Pune,Hyderabad,19657,4,,,
SHP03337,WH8,DHL,Pune,Hyderabad,1977,5,,,
SHP03338,WH8,BlueDart,Pune,Hyderabad,9996,8,,,
SHP03339,WH2,BlueDart,Chennai,Bangalore,19882,1,,,
SHP03340,WH8,UPS,Pune,Hyderabad,18189,1,,,
SHP03341,WH8,BlueDart,Chennai,Bangalore,13899,5,,,
SHP03342,WH6,BlueDart,Pune,Hyderabad,19448,6,,,
SHP03343,WH3,DHL,Mumbai,Delhi,16594,2,,,
SHP03344,WH2,DHL,Pune,Hyderabad,10689,2,,,
SHP03345,WH1,DHL,Chennai,Bangalore,4438,1,,,
SHP03346,WH7,UPS,Pune,Hyderabad,8185,6,,,
SHP03347,WH6,UPS,Pune,Hyderabad,13116,1,,,
SHP03348,WH7,DHL,Mumbai,Delhi,3840,7,,,
SHP03349,WH1,DHL,Pune,Hyderabad,17928,7,,,
SHP03350,WH6,BlueDart,Mumbai,Delhi,14063,9,,,
SHP03351,WH7,UPS,Pune,Hyderabad,18377,9,,,
SHP03352,WH3,FedEx,Pune,Hyderabad,19282,5,,,
SHP03353,WH5,FedEx,Pune,Hyderabad,6557,9,,,
SHP03354,WH8,UPS,Mumbai,Delhi,13797,2,,,
SHP03355,WH4,UPS,Chennai,Bangalore,13260,6,,,
SHP03356,WH4,FedEx,Mumbai,Delhi,13715,3,,,
SHP03357,WH4,DHL,Chennai,Bangalore,18834,1,,,
SHP03358,WH3,UPS,Chennai,Bangalore,7714,5,,,
SHP03359,WH7,UPS,Chennai,Bangalore,15873,3,,,
SHP03360,WH8,UPS,Chennai,Bangalore,5719,2,,,
SHP03361,WH7,FedEx,Chennai,Bangalore,19776,3,,,
SHP03362,WH8,BlueDart,Pune,Hyderabad,17668,5,,,
SHP03363,WH1,BlueDart,Mumbai,Delhi,1688,9,,,
SHP03364,WH8,UPS,Chennai,Bangalore,11263,6,,,
SHP03365,WH2,UPS,Pune,Hyderabad,4254,1,,,
SHP03366,WH7,FedEx,Pune,Hyderabad,17486,4,,,
SHP03367,WH5,FedEx,Chennai,Bangalore,2673,7,,,
SHP03368,WH1,FedEx,Pune,Hyderabad,19098,4,,,
SHP03369,WH1,DHL,Mumbai,Delhi,1109,3,,,
SHP03370,WH4,DHL,Pune,Hyderabad,7243,3,,,
SHP03371,WH6,UPS,Pune,Hyderabad,5952,4,,,
SHP03372,WH2,FedEx,Chennai,Bangalore,19058,8,,,
SHP03373,WH4,DHL,Pune,Hyderabad,7979,1,,,
SHP03374,WH4,BlueDart,Pune,Hyderabad,8823,3,,,
SHP03375,WH6,DHL,Chennai,Bangalore,5334,5,,,
SHP03376,WH5,DHL,Chennai,Bangalore,13263,1,,,
SHP03377,WH8,UPS,Mumbai,Delhi,5000,1,,,
SHP03378,WH1,UPS,Chennai,Bangalore,18487,8,,,
SHP03379,WH4,DHL,Mumbai,Delhi,1819,9,,,
SHP03380,WH6,DHL,Mumbai,Delhi,14070,8,,,
SHP03381,WH6,DHL,Chennai,Bangalore,6048,9,,,
SHP03382,WH1,UPS,Pune,Hyderabad,2123,2,,,
SHP03383,WH6,DHL,Pune,Hyderabad,8139,6,,,
SHP03384,WH6,FedEx,Chennai,Bangalore,12130,3,,,
SHP03385,WH6,DHL,Chennai,Bangalore,17533,4,,,
SHP03386,WH8,FedEx,Pune,Hyderabad,15574,4,,,
SHP03387,WH1,DHL,Mumbai,Delhi,5343,6,,,
SHP03388,WH7,FedEx,Mumbai,Delhi,14940,3,,,
SHP03389,WH4,BlueDart,Mumbai,Delhi,7913,2,,,
SHP03390,WH1,FedEx,Chennai,Bangalore,9712,4,,,
SHP03391,WH8,DHL,Pune,Hyderabad,13523,6,,,
SHP03392,WH5,FedEx,Mumbai,Delhi,6147,5,,,
SHP03393,WH7,FedEx,Mumbai,Delhi,7984,8,,,
SHP03394,WH3,UPS,Chennai,Bangalore,14729,7,,,
SHP03395,WH8,DHL,Pune,Hyderabad,16168,7,,,
SHP03396,WH5,BlueDart,Mumbai,Delhi,2277,1,,,
SHP03397,WH6,FedEx,Pune,Hyderabad,17554,4,,,
SHP03398,WH1,FedEx,Pune,Hyderabad,9009,3,,,
SHP03399,WH2,FedEx,Chennai,Bangalore,17492,7,,,
SHP03400,WH7,DHL,Mumbai,Delhi,4252,7,,,
SHP03401,WH2,FedEx,Pune,Hyderabad,16739,4,,,
SHP03402,WH4,DHL,Mumbai,Delhi,18040,1,,,
SHP03403,WH8,UPS,Pune,Hyderabad,9770,7,,,
SHP03404,WH5,UPS,Chennai,Bangalore,17443,1,,,
SHP03405,WH6,FedEx,Chennai,Bangalore,10297,8,,,
SHP03406,WH2,DHL,Pune,Hyderabad,7159,1,,,
SHP03407,WH2,DHL,Mumbai,Delhi,14167,3,,,
SHP03408,WH2,BlueDart,Pune,Hyderabad,7732,6,,,
SHP03409,WH7,FedEx,Chennai,Bangalore,2227,3,,,
SHP03410,WH6,BlueDart,Chennai,Bangalore,14887,5,,,
SHP03411,WH8,BlueDart,Pune,Hyderabad,5893,2,,,
SHP03412,WH3,DHL,Mumbai,Delhi,1609,8,,,
SHP03413,WH4,BlueDart,Mumbai,Delhi,14975,1,,,
SHP03414,WH6,DHL,Mumbai,Delhi,4104,6,,,
SHP03415,WH4,FedEx,Mumbai,Delhi,14929,9,,,
SHP03416,WH5,UPS,Pune,Hyderabad,3369,5,,,
SHP03417,WH2,BlueDart,Chennai,Bangalore,17112,4,,,
SHP03418,WH4,UPS,Pune,Hyderabad,7819,9,,,
SHP03419,WH6,BlueDart,Pune,Hyderabad,1820,1,,,
SHP03420,WH5,FedEx,Pune,Hyderabad,10889,5,,,
SHP03421,WH1,FedEx,Chennai,Bangalore,4993,4,,,
SHP03422,WH7,DHL,Pune,Hyderabad,6472,4,,,
SHP03423,WH3,UPS,Chennai,Bangalore,7992,9,,,
SHP03424,WH2,DHL,Chennai,Bangalore,19554,2,,,
SHP03425,WH8,FedEx,Chennai,Bangalore,7235,2,,,
SHP03426,WH3,BlueDart,Pune,Hyderabad,13857,3,,,
SHP03427,WH6,BlueDart,Pune,Hyderabad,17341,7,,,
SHP03428,WH6,BlueDart,Mumbai,Delhi,19152,8,,,
SHP03429,WH6,UPS,Pune,Hyderabad,15291,7,,,
SHP03430,WH3,BlueDart,Mumbai,Delhi,9850,1,,,
SHP03431,WH2,BlueDart,Mumbai,Delhi,4346,4,,,
SHP03432,WH4,FedEx,Mumbai,Delhi,7253,7,,,
SHP03433,WH2,UPS,Chennai,Bangalore,15250,9,,,
SHP03434,WH3,FedEx,Chennai,Bangalore,4590,2,,,
SHP03435,WH3,BlueDart,Mumbai,Delhi,4468,4,,,
SHP03436,WH1,DHL,Mumbai,Delhi,11699,3,,,
SHP03437,WH6,BlueDart,Chennai,Bangalore,12337,7,,,
SHP03438,WH2,BlueDart,Mumbai,Delhi,5592,7,,,
SHP03439,WH1,UPS,Pune,Hyderabad,6967,3,,,
SHP03440,WH1,DHL,Mumbai,Delhi,17462,2,,,
SHP03441,WH7,UPS,Mumbai,Delhi,17806,5,,,
SHP03442,WH8,FedEx,Mumbai,Delhi,16517,2,,,
SHP03443,WH4,BlueDart,Chennai,Bangalore,16208,6,,,
SHP03444,WH4,FedEx,Chennai,Bangalore,7432,3,,,
SHP03445,WH4,BlueDart,Mumbai,Delhi,5564,4,,,
SHP03446,WH5,DHL,Mumbai,Delhi,4773,4,,,
SHP03447,WH6,BlueDart,Mumbai,Delhi,2206,5,,,
SHP03448,WH8,BlueDart,Chennai,Bangalore,18121,1,,,
SHP03449,WH2,FedEx,Mumbai,Delhi,13865,2,,,
SHP03450,WH3,FedEx,Mumbai,Delhi,8314,7,,,
SHP03451,WH7,BlueDart,Chennai,Bangalore,8209,7,,,
SHP03452,WH2,BlueDart,Pune,Hyderabad,3749,8,,,
SHP03453,WH6,DHL,Mumbai,Delhi,13314,7,,,
SHP03454,WH2,BlueDart,Mumbai,Delhi,7592,8,,,
SHP03455,WH3,DHL,Pune,Hyderabad,16759,6,,,
SHP03456,WH1,FedEx,Pune,Hyderabad,1666,2,,,
SHP03457,WH4,DHL,Mumbai,Delhi,17432,6,,,
SHP03458,WH8,BlueDart,Mumbai,Delhi,8953,6,,,
SHP03459,WH3,FedEx,Mumbai,Delhi,9512,5,,,
SHP03460,WH4,DHL,Chennai,Bangalore,4000,4,,,
SHP03461,WH8,FedEx,Pune,Hyderabad,12391,7,,,
SHP03462,WH5,DHL,Pune,Hyderabad,7336,2,,,
SHP03463,WH5,BlueDart,Pune,Hyderabad,2995,2,,,
SHP03464,WH4,BlueDart,Pune,Hyderabad,10515,3,,,
SHP03465,WH7,DHL,Mumbai,Delhi,4013,8,,,
SHP03466,WH7,FedEx,Mumbai,Delhi,14226,3,,,
SHP03467,WH3,DHL,Pune,Hyderabad,13269,3,,,
SHP03468,WH7,UPS,Mumbai,Delhi,2738,6,,,
SHP03469,WH6,BlueDart,Chennai,Bangalore,7708,3,,,
SHP03470,WH3,FedEx,Mumbai,Delhi,3987,1,,,
SHP03471,WH6,DHL,Mumbai,Delhi,6865,4,,,
SHP03472,WH4,FedEx,Pune,Hyderabad,18203,3,,,
SHP03473,WH7,FedEx,Mumbai,Delhi,9286,8,,,
SHP03474,WH6,BlueDart,Pune,Hyderabad,16181,7,,,
SHP03475,WH8,FedEx,Pune,Hyderabad,3220,7,,,
SHP03476,WH8,BlueDart,Mumbai,Delhi,3678,6,,,
SHP03477,WH1,DHL,Pune,Hyderabad,18312,8,,,
SHP03478,WH8,UPS,Pune,Hyderabad,10208,7,,,
SHP03479,WH4,BlueDart,Pune,Hyderabad,1961,5,,,
SHP03480,WH6,FedEx,Chennai,Bangalore,18739,2,,,
SHP03481,WH3,BlueDart,Pune,Hyderabad,3567,1,,,
SHP03482,WH1,UPS,Mumbai,Delhi,8013,1,,,
SHP03483,WH2,FedEx,Chennai,Bangalore,4995,7,,,
SHP03484,WH5,DHL,Chennai,Bangalore,17514,5,,,
SHP03485,WH5,BlueDart,Chennai,Bangalore,1861,2,,,
SHP03486,WH5,FedEx,Pune,Hyderabad,5476,8,,,
SHP03487,WH6,UPS,Pune,Hyderabad,15391,6,,,
SHP03488,WH3,FedEx,Chennai,Bangalore,11186,1,,,
SHP03489,WH5,FedEx,Pune,Hyderabad,14535,7,,,
SHP03490,WH6,DHL,Pune,Hyderabad,17742,7,,,
SHP03491,WH5,FedEx,Mumbai,Delhi,18693,2,,,
SHP03492,WH5,FedEx,Chennai,Bangalore,8921,7,,,
SHP03493,WH3,BlueDart,Chennai,Bangalore,6025,7,,,
SHP03494,WH4,DHL,Pune,Hyderabad,7442,6,,,
SHP03495,WH4,UPS,Mumbai,Delhi,3093,6,,,
SHP03496,WH5,BlueDart,Pune,Hyderabad,19030,7,,,
SHP03497,WH5,DHL,Chennai,Bangalore,7876,6,,,
SHP03498,WH5,FedEx,Mumbai,Delhi,12011,3,,,
SHP03499,WH3,DHL,Pune,Hyderabad,10815,1,,,
SHP03500,WH6,DHL,Pune,Hyderabad,18564,3,,,
SHP03501,WH2,UPS,Chennai,Bangalore,12692,6,,,
SHP03502,WH5,FedEx,Pune,Hyderabad,3214,2,,,
SHP03503,WH4,UPS,Mumbai,Delhi,1656,3,,,
SHP03504,WH2,DHL,Mumbai,Delhi,17678,3,,,
SHP03505,WH3,UPS,Chennai,Bangalore,19740,7,,,
SHP03506,WH1,BlueDart,Chennai,Bangalore,4529,7,,,
SHP03507,WH4,FedEx,Chennai,Bangalore,13657,1,,,
SHP03508,WH4,DHL,Pune,Hyderabad,3201,5,,,
SHP03509,WH1,UPS,Chennai,Bangalore,6607,6,,,
SHP03510,WH5,BlueDart,Pune,Hyderabad,8246,5,,,
SHP03511,WH4,FedEx,Pune,Hyderabad,13043,8,,,
SHP03512,WH1,BlueDart,Mumbai,Delhi,19075,5,,,
SHP03513,WH6,BlueDart,Chennai,Bangalore,7481,6,,,
SHP03514,WH1,FedEx,Mumbai,Delhi,17793,4,,,
SHP03515,WH8,BlueDart,Chennai,Bangalore,15329,3,,,
SHP03516,WH5,UPS,Pune,Hyderabad,12888,8,,,
SHP03517,WH7,DHL,Mumbai,Delhi,17062,1,,,
SHP03518,WH4,FedEx,Chennai,Bangalore,8480,6,,,
SHP03519,WH7,FedEx,Chennai,Bangalore,3131,6,,,
SHP03520,WH1,UPS,Mumbai,Delhi,6266,8,,,
SHP03521,WH2,BlueDart,Pune,Hyderabad,16398,5,,,
SHP03522,WH5,BlueDart,Mumbai,Delhi,11473,5,,,
SHP03523,WH3,UPS,Mumbai,Delhi,11800,2,,,
SHP03524,WH7,UPS,Chennai,Bangalore,9166,8,,,
SHP03525,WH2,UPS,Mumbai,Delhi,17498,6,,,
SHP03526,WH8,UPS,Mumbai,Delhi,9932,3,,,
SHP03527,WH7,BlueDart,Mumbai,Delhi,3592,7,,,
SHP03528,WH8,BlueDart,Mumbai,Delhi,11688,6,,,
SHP03529,WH8,UPS,Mumbai,Delhi,2454,1,,,
SHP03530,WH3,UPS,Pune,Hyderabad,9376,2,,,
SHP03531,WH6,BlueDart,Mumbai,Delhi,7815,5,,,
SHP03532,WH8,FedEx,Mumbai,Delhi,9889,8,,,
SHP03533,WH6,BlueDart,Pune,Hyderabad,12949,8,,,
SHP03534,WH8,UPS,Chennai,Bangalore,16347,3,,,
SHP03535,WH7,DHL,Pune,Hyderabad,13901,2,,,
SHP03536,WH1,UPS,Mumbai,Delhi,5023,5,,,
SHP03537,WH5,FedEx,Mumbai,Delhi,14180,2,,,
SHP03538,WH8,BlueDart,Pune,Hyderabad,5786,3,,,
SHP03539,WH4,DHL,Chennai,Bangalore,14133,1,,,
SHP03540,WH8,FedEx,Chennai,Bangalore,14821,8,,,
SHP03541,WH7,UPS,Pune,Hyderabad,3533,9,,,
SHP03542,WH8,BlueDart,Mumbai,Delhi,8414,6,,,
SHP03543,WH7,FedEx,Mumbai,Delhi,10103,1,,,
SHP03544,WH4,BlueDart,Mumbai,Delhi,3617,1,,,
SHP03545,WH4,FedEx,Chennai,Bangalore,15433,1,,,
SHP03546,WH4,UPS,Pune,Hyderabad,16190,3,,,
SHP03547,WH7,DHL,Mumbai,Delhi,1628,5,,,
SHP03548,WH5,FedEx,Pune,Hyderabad,9721,6,,,
SHP03549,WH4,DHL,Pune,Hyderabad,9072,2,,,
SHP03550,WH8,UPS,Pune,Hyderabad,9210,7,,,
SHP03551,WH7,FedEx,Mumbai,Delhi,4786,8,,,
SHP03552,WH7,DHL,Mumbai,Delhi,14439,2,,,
SHP03553,WH1,BlueDart,Chennai,Bangalore,10347,3,,,
SHP03554,WH7,BlueDart,Pune,Hyderabad,2581,4,,,
SHP03555,WH6,UPS,Chennai,Bangalore,12291,2,,,
SHP03556,WH1,FedEx,Mumbai,Delhi,19971,4,,,
SHP03557,WH8,UPS,Mumbai,Delhi,7787,9,,,
SHP03558,WH3,UPS,Chennai,Bangalore,15283,7,,,
SHP03559,WH4,DHL,Chennai,Bangalore,14405,3,,,
SHP03560,WH2,UPS,Mumbai,Delhi,5851,7,,,
SHP03561,WH6,UPS,Mumbai,Delhi,11243,3,,,
SHP03562,WH1,UPS,Chennai,Bangalore,16214,1,,,
SHP03563,WH1,DHL,Mumbai,Delhi,16242,5,,,
SHP03564,WH2,UPS,Mumbai,Delhi,9896,8,,,
SHP03565,WH5,DHL,Mumbai,Delhi,16152,3,,,
SHP03566,WH8,BlueDart,Pune,Hyderabad,13250,2,,,
SHP03567,WH3,BlueDart,Chennai,Bangalore,18770,9,,,
SHP03568,WH1,DHL,Pune,Hyderabad,3617,5,,,
SHP03569,WH7,BlueDart,Chennai,Bangalore,13173,7,,,
SHP03570,WH4,UPS,Chennai,Bangalore,19518,1,,,
SHP03571,WH6,BlueDart,Chennai,Bangalore,17985,1,,,
SHP03572,WH4,UPS,Chennai,Bangalore,8102,5,,,
SHP03573,WH4,FedEx,Pune,Hyderabad,2538,3,,,
SHP03574,WH3,DHL,Chennai,Bangalore,13907,3,,,
SHP03575,WH2,DHL,Chennai,Bangalore,19609,6,,,
SHP03576,WH2,FedEx,Mumbai,Delhi,14536,1,,,
SHP03577,WH2,UPS,Chennai,Bangalore,3750,8,,,
SHP03578,WH2,BlueDart,Pune,Hyderabad,7938,7,,,
SHP03579,WH7,FedEx,Mumbai,Delhi,17358,7,,,
SHP03580,WH1,DHL,Mumbai,Delhi,4663,5,,,
SHP03581,WH4,FedEx,Pune,Hyderabad,15981,6,,,
SHP03582,WH4,UPS,Chennai,Bangalore,19057,8,,,
SHP03583,WH6,BlueDart,Pune,Hyderabad,15873,8,,,
SHP03584,WH2,DHL,Mumbai,Delhi,3943,7,,,
SHP03585,WH2,UPS,Pune,Hyderabad,14289,1,,,
SHP03586,WH5,BlueDart,Pune,Hyderabad,14333,4,,,
SHP03587,WH2,UPS,Chennai,Bangalore,15254,8,,,
SHP03588,WH2,DHL,Chennai,Bangalore,11056,5,,,
SHP03589,WH5,DHL,Mumbai,Delhi,2447,2,,,
SHP03590,WH6,DHL,Mumbai,Delhi,5654,6,,,
SHP03591,WH6,BlueDart,Chennai,Bangalore,9475,3,,,
SHP03592,WH6,BlueDart,Mumbai,Delhi,18715,9,,,
SHP03593,WH2,UPS,Chennai,Bangalore,18878,1,,,
SHP03594,WH4,FedEx,Chennai,Bangalore,15556,4,,,
SHP03595,WH4,BlueDart,Pune,Hyderabad,1919,5,,,
SHP03596,WH2,UPS,Pune,Hyderabad,17407,1,,,
SHP03597,WH5,FedEx,Pune,Hyderabad,15204,3,,,
SHP03598,WH1,BlueDart,Chennai,Bangalore,6996,2,,,
SHP03599,WH2,BlueDart,Pune,Hyderabad,5448,6,,,
SHP03600,WH8,FedEx,Chennai,Bangalore,6906,5,,,
SHP03601,WH7,FedEx,Pune,Hyderabad,4200,3,,,
SHP03602,WH4,BlueDart,Mumbai,Delhi,4690,6,,,
SHP03603,WH2,BlueDart,Pune,Hyderabad,5325,6,,,
SHP03604,WH5,DHL,Chennai,Bangalore,3365,6,,,
SHP03605,WH8,UPS,Pune,Hyderabad,18300,1,,,
SHP03606,WH6,UPS,Chennai,Bangalore,17262,5,,,
SHP03607,WH6,UPS,Pune,Hyderabad,10600,8,,,
SHP03608,WH6,BlueDart,Pune,Hyderabad,7387,9,,,
SHP03609,WH8,BlueDart,Mumbai,Delhi,9468,1,,,
SHP03610,WH5,DHL,Mumbai,Delhi,17390,7,,,
SHP03611,WH4,DHL,Pune,Hyderabad,6685,3,,,
SHP03612,WH1,DHL,Mumbai,Delhi,4646,2,,,
SHP03613,WH2,BlueDart,Chennai,Bangalore,1819,3,,,
SHP03614,WH1,FedEx,Pune,Hyderabad,15037,9,,,
SHP03615,WH3,FedEx,Pune,Hyderabad,12843,5,,,
SHP03616,WH8,DHL,Chennai,Bangalore,5061,5,,,
SHP03617,WH8,DHL,Chennai,Bangalore,7501,6,,,
SHP03618,WH1,UPS,Chennai,Bangalore,14993,5,,,
SHP03619,WH6,FedEx,Mumbai,Delhi,2307,4,,,
SHP03620,WH8,BlueDart,Mumbai,Delhi,3196,4,,,
SHP03621,WH1,DHL,Pune,Hyderabad,13171,7,,,
SHP03622,WH2,BlueDart,Pune,Hyderabad,6472,2,,,
SHP03623,WH7,FedEx,Chennai,Bangalore,13034,5,,,
SHP03624,WH2,DHL,Mumbai,Delhi,5706,7,,,
SHP03625,WH7,UPS,Mumbai,Delhi,6085,2,,,
SHP03626,WH2,FedEx,Mumbai,Delhi,6632,1,,,
SHP03627,WH8,BlueDart,Chennai,Bangalore,12267,9,,,
SHP03628,WH4,BlueDart,Pune,Hyderabad,5862,7,,,
SHP03629,WH7,BlueDart,Mumbai,Delhi,5099,4,,,
SHP03630,WH5,DHL,Pune,Hyderabad,7906,4,,,
SHP03631,WH7,DHL,Mumbai,Delhi,9298,3,,,
SHP03632,WH4,UPS,Chennai,Bangalore,4152,6,,,
SHP03633,WH2,UPS,Pune,Hyderabad,8713,9,,,
SHP03634,WH3,BlueDart,Mumbai,Delhi,15823,8,,,
SHP03635,WH4,DHL,Mumbai,Delhi,17128,1,,,
SHP03636,WH7,UPS,Chennai,Bangalore,6063,4,,,
SHP03637,WH2,BlueDart,Pune,Hyderabad,9486,4,,,
SHP03638,WH1,BlueDart,Pune,Hyderabad,4111,5,,,
SHP03639,WH7,UPS,Pune,Hyderabad,11184,8,,,
SHP03640,WH6,DHL,Pune,Hyderabad,19132,3,,,
SHP03641,WH8,DHL,Pune,Hyderabad,3216,9,,,
SHP03642,WH4,UPS,Mumbai,Delhi,15266,1,,,
SHP03643,WH2,DHL,Mumbai,Delhi,15095,4,,,
SHP03644,WH1,BlueDart,Chennai,Bangalore,8038,7,,,
SHP03645,WH3,UPS,Chennai,Bangalore,3338,3,,,
SHP03646,WH3,DHL,Mumbai,Delhi,2948,7,,,
SHP03647,WH6,FedEx,Chennai,Bangalore,10298,2,,,
SHP03648,WH4,DHL,Mumbai,Delhi,10438,4,,,
SHP03649,WH3,UPS,Mumbai,Delhi,9094,8,,,
SHP03650,WH8,BlueDart,Chennai,Bangalore,8321,1,,,
SHP03651,WH6,BlueDart,Chennai,Bangalore,19114,1,,,
SHP03652,WH7,DHL,Mumbai,Delhi,15201,1,,,
SHP03653,WH3,DHL,Pune,Hyderabad,14236,9,,,
SHP03654,WH1,BlueDart,Chennai,Bangalore,18595,3,,,
SHP03655,WH2,DHL,Chennai,Bangalore,10645,6,,,
SHP03656,WH7,BlueDart,Mumbai,Delhi,11460,5,,,
SHP03657,WH5,BlueDart,Pune,Hyderabad,14531,9,,,
SHP03658,WH2,DHL,Mumbai,Delhi,19210,1,,,
SHP03659,WH5,FedEx,Pune,Hyderabad,10911,8,,,
SHP03660,WH1,BlueDart,Pune,Hyderabad,13761,8,,,
SHP03661,WH3,FedEx,Chennai,Bangalore,19402,3,,,
SHP03662,WH2,UPS,Chennai,Bangalore,6596,8,,,
SHP03663,WH5,UPS,Mumbai,Delhi,5696,9,,,
SHP03664,WH3,BlueDart,Mumbai,Delhi,12679,1,,,
SHP03665,WH4,BlueDart,Mumbai,Delhi,13754,2,,,
SHP03666,WH7,UPS,Mumbai,Delhi,18957,2,,,
SHP03667,WH2,UPS,Mumbai,Delhi,3142,3,,,
SHP03668,WH5,UPS,Mumbai,Delhi,8807,7,,,
SHP03669,WH8,DHL,Pune,Hyderabad,17724,5,,,
SHP03670,WH4,UPS,Chennai,Bangalore,11360,3,,,
SHP03671,WH3,DHL,Mumbai,Delhi,14765,5,,,
SHP03672,WH5,UPS,Mumbai,Delhi,11182,7,,,
SHP03673,WH5,DHL,Pune,Hyderabad,19482,4,,,
SHP03674,WH2,DHL,Chennai,Bangalore,17491,7,,,
SHP03675,WH1,DHL,Pune,Hyderabad,8319,3,,,
SHP03676,WH6,DHL,Chennai,Bangalore,15011,2,,,
SHP03677,WH1,UPS,Pune,Hyderabad,14726,2,,,
SHP03678,WH2,DHL,Mumbai,Delhi,17446,3,,,
SHP03679,WH2,FedEx,Mumbai,Delhi,16720,8,,,
SHP03680,WH7,DHL,Chennai,Bangalore,6187,5,,,
SHP03681,WH5,FedEx,Mumbai,Delhi,3019,4,,,
SHP03682,WH2,DHL,Pune,Hyderabad,15572,4,,,
SHP03683,WH8,DHL,Chennai,Bangalore,6761,6,,,
SHP03684,WH5,FedEx,Pune,Hyderabad,17232,7,,,
SHP03685,WH3,UPS,Pune,Hyderabad,4861,1,,,
SHP03686,WH8,UPS,Pune,Hyderabad,16522,6,,,
SHP03687,WH8,BlueDart,Pune,Hyderabad,16711,6,,,
SHP03688,WH6,BlueDart,Chennai,Bangalore,4128,3,,,
SHP03689,WH2,FedEx,Chennai,Bangalore,9256,4,,,
SHP03690,WH6,DHL,Pune,Hyderabad,16774,6,,,
SHP03691,WH5,DHL,Pune,Hyderabad,13633,1,,,
SHP03692,WH3,FedEx,Chennai,Bangalore,9665,1,,,
SHP03693,WH6,FedEx,Chennai,Bangalore,5694,9,,,
SHP03694,WH7,FedEx,Pune,Hyderabad,8400,8,,,
SHP03695,WH3,UPS,Mumbai,Delhi,15562,1,,,
SHP03696,WH2,UPS,Mumbai,Delhi,17850,5,,,
SHP03697,WH5,BlueDart,Chennai,Bangalore,9378,8,,,
SHP03698,WH2,UPS,Mumbai,Delhi,3716,2,,,
SHP03699,WH1,DHL,Chennai,Bangalore,9618,4,,,
SHP03700,WH8,BlueDart,Pune,Hyderabad,18506,6,,,
SHP03701,WH2,FedEx,Mumbai,Delhi,17496,7,,,
SHP03702,WH7,DHL,Chennai,Bangalore,16113,3,,,
SHP03703,WH4,UPS,Chennai,Bangalore,6561,3,,,
SHP03704,WH6,BlueDart,Pune,Hyderabad,19895,3,,,
SHP03705,WH8,UPS,Pune,Hyderabad,9158,7,,,
SHP03706,WH8,DHL,Pune,Hyderabad,10682,1,,,
SHP03707,WH6,BlueDart,Mumbai,Delhi,14162,9,,,
SHP03708,WH1,DHL,Mumbai,Delhi,10747,9,,,
SHP03709,WH8,DHL,Pune,Hyderabad,5326,9,,,
SHP03710,WH8,BlueDart,Chennai,Bangalore,1885,3,,,
SHP03711,WH8,DHL,Mumbai,Delhi,7418,1,,,
SHP03712,WH6,BlueDart,Chennai,Bangalore,14922,8,,,
SHP03713,WH7,FedEx,Pune,Hyderabad,4818,6,,,
SHP03714,WH3,FedEx,Mumbai,Delhi,13089,1,,,
SHP03715,WH5,FedEx,Pune,Hyderabad,18316,3,,,
SHP03716,WH4,BlueDart,Pune,Hyderabad,8453,5,,,
SHP03717,WH7,FedEx,Mumbai,Delhi,9988,7,,,
SHP03718,WH7,FedEx,Pune,Hyderabad,10560,9,,,
SHP03719,WH7,UPS,Chennai,Bangalore,9995,2,,,
SHP03720,WH1,UPS,Mumbai,Delhi,4298,3,,,
SHP03721,WH5,BlueDart,Chennai,Bangalore,19485,8,,,
SHP03722,WH8,UPS,Pune,Hyderabad,15496,3,,,
SHP03723,WH5,BlueDart,Chennai,Bangalore,11033,4,,,
SHP03724,WH8,DHL,Mumbai,Delhi,16896,2,,,
SHP03725,WH2,DHL,Pune,Hyderabad,6798,3,,,
SHP03726,WH5,FedEx,Chennai,Bangalore,4592,3,,,
SHP03727,WH3,FedEx,Chennai,Bangalore,16745,3,,,
SHP03728,WH3,DHL,Chennai,Bangalore,16399,4,,,
SHP03729,WH5,FedEx,Chennai,Bangalore,9600,9,,,
SHP03730,WH1,BlueDart,Chennai,Bangalore,12941,6,,,
SHP03731,WH3,BlueDart,Pune,Hyderabad,19125,4,,,
SHP03732,WH8,DHL,Pune,Hyderabad,4992,5,,,
SHP03733,WH3,UPS,Pune,Hyderabad,10776,3,,,
SHP03734,WH2,DHL,Pune,Hyderabad,12754,1,,,
SHP03735,WH3,FedEx,Mumbai,Delhi,1568,7,,,
SHP03736,WH5,FedEx,Mumbai,Delhi,18908,7,,,
SHP03737,WH3,BlueDart,Pune,Hyderabad,3550,5,,,
SHP03738,WH6,BlueDart,Pune,Hyderabad,10858,3,,,
SHP03739,WH2,UPS,Mumbai,Delhi,12674,6,,,
SHP03740,WH4,BlueDart,Mumbai,Delhi,18640,3,,,
SHP03741,WH4,FedEx,Pune,Hyderabad,4869,2,,,
SHP03742,WH5,FedEx,Mumbai,Delhi,4810,3,,,
SHP03743,WH8,UPS,Pune,Hyderabad,16249,4,,,
SHP03744,WH1,FedEx,Chennai,Bangalore,16033,9,,,
SHP03745,WH4,BlueDart,Mumbai,Delhi,18434,8,,,
SHP03746,WH6,FedEx,Mumbai,Delhi,10276,6,,,
SHP03747,WH7,FedEx,Pune,Hyderabad,13159,3,,,
SHP03748,WH5,DHL,Mumbai,Delhi,19514,6,,,
SHP03749,WH6,FedEx,Mumbai,Delhi,15649,5,,,
SHP03750,WH8,DHL,Mumbai,Delhi,18635,9,,,
SHP03751,WH4,BlueDart,Pune,Hyderabad,8316,1,,,
SHP03752,WH5,BlueDart,Chennai,Bangalore,19233,8,,,
SHP03753,WH7,BlueDart,Pune,Hyderabad,15602,6,,,
SHP03754,WH3,FedEx,Pune,Hyderabad,11513,4,,,
SHP03755,WH5,FedEx,Mumbai,Delhi,6499,3,,,
SHP03756,WH3,FedEx,Chennai,Bangalore,17269,2,,,
SHP03757,WH5,FedEx,Mumbai,Delhi,12809,9,,,
SHP03758,WH7,BlueDart,Mumbai,Delhi,17059,7,,,
SHP03759,WH8,DHL,Pune,Hyderabad,2138,1,,,
SHP03760,WH5,DHL,Pune,Hyderabad,5161,7,,,
SHP03761,WH3,BlueDart,Pune,Hyderabad,4042,7,,,
SHP03762,WH3,BlueDart,Pune,Hyderabad,6283,1,,,
SHP03763,WH1,DHL,Chennai,Bangalore,9681,9,,,
SHP03764,WH8,UPS,Mumbai,Delhi,14211,4,,,
SHP03765,WH8,UPS,Pune,Hyderabad,7411,9,,,
SHP03766,WH3,UPS,Chennai,Bangalore,13188,9,,,
SHP03767,WH5,UPS,Mumbai,Delhi,7728,1,,,
SHP03768,WH1,BlueDart,Chennai,Bangalore,13882,2,,,
SHP03769,WH6,UPS,Chennai,Bangalore,10779,1,,,
SHP03770,WH6,FedEx,Mumbai,Delhi,4145,9,,,
SHP03771,WH6,BlueDart,Chennai,Bangalore,8880,6,,,
SHP03772,WH4,UPS,Chennai,Bangalore,3009,6,,,
SHP03773,WH6,UPS,Mumbai,Delhi,7235,8,,,
SHP03774,WH1,BlueDart,Mumbai,Delhi,6171,3,,,
SHP03775,WH3,BlueDart,Pune,Hyderabad,5887,7,,,
SHP03776,WH2,UPS,Chennai,Bangalore,8557,2,,,
SHP03777,WH7,DHL,Chennai,Bangalore,1418,5,,,
SHP03778,WH2,DHL,Pune,Hyderabad,9675,1,,,
SHP03779,WH5,DHL,Mumbai,Delhi,17029,7,,,
SHP03780,WH8,FedEx,Pune,Hyderabad,6965,3,,,
SHP03781,WH7,BlueDart,Pune,Hyderabad,6531,8,,,
SHP03782,WH6,FedEx,Mumbai,Delhi,19181,3,,,
SHP03783,WH6,DHL,Pune,Hyderabad,12559,7,,,
SHP03784,WH5,BlueDart,Mumbai,Delhi,10839,3,,,
SHP03785,WH6,BlueDart,Mumbai,Delhi,7669,8,,,
SHP03786,WH3,DHL,Mumbai,Delhi,5715,4,,,
SHP03787,WH8,DHL,Chennai,Bangalore,9423,4,,,
SHP03788,WH1,DHL,Mumbai,Delhi,8866,6,,,
SHP03789,WH6,UPS,Mumbai,Delhi,2146,1,,,
SHP03790,WH3,DHL,Pune,Hyderabad,14275,6,,,
SHP03791,WH4,FedEx,Chennai,Bangalore,18461,7,,,
SHP03792,WH3,FedEx,Mumbai,Delhi,5096,7,,,
SHP03793,WH4,FedEx,Chennai,Bangalore,11006,9,,,
SHP03794,WH4,UPS,Chennai,Bangalore,2444,6,,,
SHP03795,WH7,FedEx,Mumbai,Delhi,7092,1,,,
SHP03796,WH7,BlueDart,Chennai,Bangalore,18687,3,,,
SHP03797,WH5,FedEx,Pune,Hyderabad,4285,3,,,
SHP03798,WH3,UPS,Chennai,Bangalore,3048,5,,,
SHP03799,WH4,DHL,Pune,Hyderabad,1259,3,,,
SHP03800,WH5,FedEx,Chennai,Bangalore,13396,9,,,
SHP03801,WH3,DHL,Chennai,Bangalore,19387,4,,,
SHP03802,WH6,BlueDart,Chennai,Bangalore,19633,9,,,
SHP03803,WH8,FedEx,Pune,Hyderabad,16093,2,,,
SHP03804,WH8,UPS,Chennai,Bangalore,8287,5,,,
SHP03805,WH4,DHL,Chennai,Bangalore,6034,3,,,
SHP03806,WH3,FedEx,Chennai,Bangalore,15023,1,,,
SHP03807,WH3,BlueDart,Mumbai,Delhi,13576,7,,,
SHP03808,WH4,UPS,Chennai,Bangalore,10467,4,,,
SHP03809,WH1,UPS,Chennai,Bangalore,16442,5,,,
SHP03810,WH7,UPS,Chennai,Bangalore,18003,8,,,
SHP03811,WH8,UPS,Chennai,Bangalore,14112,8,,,
SHP03812,WH4,UPS,Pune,Hyderabad,11040,9,,,
SHP03813,WH7,UPS,Chennai,Bangalore,19995,9,,,
SHP03814,WH1,DHL,Mumbai,Delhi,5793,6,,,
SHP03815,WH6,BlueDart,Mumbai,Delhi,4512,9,,,
SHP03816,WH2,DHL,Chennai,Bangalore,15657,7,,,
SHP03817,WH5,BlueDart,Pune,Hyderabad,10541,9,,,
SHP03818,WH7,UPS,Mumbai,Delhi,10153,9,,,
SHP03819,WH7,DHL,Chennai,Bangalore,19221,2,,,
SHP03820,WH6,FedEx,Chennai,Bangalore,16078,3,,,
SHP03821,WH2,DHL,Pune,Hyderabad,9893,5,,,
SHP03822,WH7,UPS,Pune,Hyderabad,8529,8,,,
SHP03823,WH6,BlueDart,Pune,Hyderabad,10078,6,,,
SHP03824,WH7,FedEx,Mumbai,Delhi,13643,5,,,
SHP03825,WH8,UPS,Chennai,Bangalore,4928,9,,,
SHP03826,WH6,FedEx,Chennai,Bangalore,11977,3,,,
SHP03827,WH7,DHL,Pune,Hyderabad,6598,4,,,
SHP03828,WH2,BlueDart,Pune,Hyderabad,5159,4,,,
SHP03829,WH8,UPS,Mumbai,Delhi,17337,7,,,
SHP03830,WH2,UPS,Chennai,Bangalore,17301,1,,,
SHP03831,WH8,UPS,Pune,Hyderabad,2359,4,,,
SHP03832,WH1,FedEx,Pune,Hyderabad,4893,7,,,
SHP03833,WH6,UPS,Pune,Hyderabad,4493,1,,,
SHP03834,WH3,BlueDart,Mumbai,Delhi,15323,6,,,
SHP03835,WH1,DHL,Pune,Hyderabad,16905,2,,,
SHP03836,WH6,FedEx,Pune,Hyderabad,9738,1,,,
SHP03837,WH4,UPS,Pune,Hyderabad,17522,2,,,
SHP03838,WH4,UPS,Chennai,Bangalore,18681,8,,,
SHP03839,WH5,UPS,Pune,Hyderabad,11485,1,,,
SHP03840,WH1,BlueDart,Mumbai,Delhi,8339,9,,,
SHP03841,WH4,UPS,Chennai,Bangalore,1728,4,,,
SHP03842,WH6,FedEx,Chennai,Bangalore,16402,5,,,
SHP03843,WH8,DHL,Chennai,Bangalore,13362,2,,,
SHP03844,WH8,UPS,Pune,Hyderabad,18186,1,,,
SHP03845,WH4,BlueDart,Chennai,Bangalore,2885,3,,,
SHP03846,WH2,UPS,Mumbai,Delhi,11452,9,,,
SHP03847,WH2,FedEx,Pune,Hyderabad,12074,7,,,
SHP03848,WH5,BlueDart,Pune,Hyderabad,9916,7,,,
SHP03849,WH1,DHL,Mumbai,Delhi,4081,2,,,
SHP03850,WH7,DHL,Chennai,Bangalore,17415,2,,,
SHP03851,WH3,FedEx,Mumbai,Delhi,17255,7,,,
SHP03852,WH8,FedEx,Chennai,Bangalore,8393,2,,,
SHP03853,WH2,UPS,Chennai,Bangalore,6176,6,,,
SHP03854,WH8,FedEx,Mumbai,Delhi,16578,1,,,
SHP03855,WH4,FedEx,Chennai,Bangalore,3626,1,,,
SHP03856,WH1,DHL,Pune,Hyderabad,2178,8,,,
SHP03857,WH5,DHL,Pune,Hyderabad,14519,3,,,
SHP03858,WH1,BlueDart,Pune,Hyderabad,16630,2,,,
SHP03859,WH6,BlueDart,Chennai,Bangalore,9530,3,,,
SHP03860,WH5,FedEx,Chennai,Bangalore,4438,5,,,
SHP03861,WH1,DHL,Mumbai,Delhi,18435,1,,,
SHP03862,WH7,BlueDart,Pune,Hyderabad,15443,1,,,
SHP03863,WH8,DHL,Mumbai,Delhi,12077,4,,,
SHP03864,WH3,UPS,Mumbai,Delhi,12382,6,,,
SHP03865,WH4,FedEx,Pune,Hyderabad,5096,7,,,
SHP03866,WH5,FedEx,Chennai,Bangalore,19789,4,,,
SHP03867,WH5,FedEx,Pune,Hyderabad,8166,3,,,
SHP03868,WH6,BlueDart,Mumbai,Delhi,1966,1,,,
SHP03869,WH2,FedEx,Pune,Hyderabad,19433,5,,,
SHP03870,WH2,UPS,Pune,Hyderabad,4396,6,,,
SHP03871,WH7,BlueDart,Mumbai,Delhi,10533,2,,,
SHP03872,WH4,BlueDart,Mumbai,Delhi,5230,7,,,
SHP03873,WH4,UPS,Pune,Hyderabad,18403,2,,,
SHP03874,WH6,UPS,Mumbai,Delhi,4760,8,,,
SHP03875,WH4,FedEx,Chennai,Bangalore,5207,1,,,
SHP03876,WH1,FedEx,Pune,Hyderabad,8259,5,,,
SHP03877,WH6,UPS,Mumbai,Delhi,12672,4,,,
SHP03878,WH8,DHL,Mumbai,Delhi,6823,7,,,
SHP03879,WH5,BlueDart,Chennai,Bangalore,10069,3,,,
SHP03880,WH6,BlueDart,Pune,Hyderabad,12926,1,,,
SHP03881,WH7,FedEx,Chennai,Bangalore,7229,4,,,
SHP03882,WH8,FedEx,Mumbai,Delhi,9344,9,,,
SHP03883,WH1,DHL,Pune,Hyderabad,2184,2,,,
SHP03884,WH7,FedEx,Mumbai,Delhi,1608,9,,,
SHP03885,WH8,DHL,Mumbai,Delhi,2388,7,,,
SHP03886,WH8,DHL,Mumbai,Delhi,19560,3,,,
SHP03887,WH6,DHL,Pune,Hyderabad,13027,5,,,
SHP03888,WH6,UPS,Pune,Hyderabad,11294,1,,,
SHP03889,WH1,BlueDart,Pune,Hyderabad,9550,5,,,
SHP03890,WH8,UPS,Chennai,Bangalore,1139,9,,,
SHP03891,WH6,UPS,Pune,Hyderabad,2814,1,,,
SHP03892,WH3,UPS,Chennai,Bangalore,2219,2,,,
SHP03893,WH4,BlueDart,Pune,Hyderabad,17289,2,,,
SHP03894,WH4,FedEx,Chennai,Bangalore,6349,7,,,
SHP03895,WH4,FedEx,Mumbai,Delhi,14210,7,,,
SHP03896,WH8,UPS,Pune,Hyderabad,4546,6,,,
SHP03897,WH6,DHL,Chennai,Bangalore,18787,2,,,
SHP03898,WH3,FedEx,Mumbai,Delhi,2274,3,,,
SHP03899,WH2,DHL,Pune,Hyderabad,3752,7,,,
SHP03900,WH1,BlueDart,Pune,Hyderabad,12110,2,,,
SHP03901,WH6,BlueDart,Mumbai,Delhi,14245,8,,,
SHP03902,WH2,UPS,Chennai,Bangalore,13287,9,,,
SHP03903,WH8,DHL,Pune,Hyderabad,9134,6,,,
SHP03904,WH7,DHL,Pune,Hyderabad,19866,2,,,
SHP03905,WH4,DHL,Mumbai,Delhi,4547,4,,,
SHP03906,WH2,BlueDart,Pune,Hyderabad,12314,2,,,
SHP03907,WH7,BlueDart,Pune,Hyderabad,10265,3,,,
SHP03908,WH8,FedEx,Pune,Hyderabad,19494,7,,,
SHP03909,WH3,BlueDart,Pune,Hyderabad,2129,5,,,
SHP03910,WH8,UPS,Mumbai,Delhi,4199,9,,,
SHP03911,WH2,BlueDart,Chennai,Bangalore,14611,1,,,
SHP03912,WH7,UPS,Pune,Hyderabad,15817,2,,,
SHP03913,WH2,BlueDart,Chennai,Bangalore,17520,6,,,
SHP03914,WH1,FedEx,Pune,Hyderabad,16080,3,,,
SHP03915,WH6,UPS,Pune,Hyderabad,1932,7,,,
SHP03916,WH6,UPS,Mumbai,Delhi,15539,9,,,
SHP03917,WH5,BlueDart,Chennai,Bangalore,17548,7,,,
SHP03918,WH2,BlueDart,Chennai,Bangalore,1346,7,,,
SHP03919,WH6,DHL,Pune,Hyderabad,8578,4,,,
SHP03920,WH3,DHL,Chennai,Bangalore,15947,6,,,
SHP03921,WH1,UPS,Mumbai,Delhi,13894,4,,,
SHP03922,WH5,FedEx,Chennai,Bangalore,15198,8,,,
SHP03923,WH2,UPS,Mumbai,Delhi,5828,1,,,
SHP03924,WH2,UPS,Chennai,Bangalore,18094,3,,,
SHP03925,WH2,DHL,Pune,Hyderabad,1968,6,,,
SHP03926,WH6,FedEx,Mumbai,Delhi,6649,3,,,
SHP03927,WH2,UPS,Chennai,Bangalore,15347,8,,,
SHP03928,WH8,UPS,Pune,Hyderabad,17850,7,,,
SHP03929,WH4,BlueDart,Mumbai,Delhi,3018,5,,,
SHP03930,WH3,BlueDart,Pune,Hyderabad,8111,7,,,
SHP03931,WH4,FedEx,Mumbai,Delhi,14321,9,,,
SHP03932,WH4,DHL,Mumbai,Delhi,9504,3,,,
SHP03933,WH5,DHL,Mumbai,Delhi,16970,9,,,
SHP03934,WH5,FedEx,Mumbai,Delhi,2103,7,,,
SHP03935,WH7,UPS,Mumbai,Delhi,7013,8,,,
SHP03936,WH4,UPS,Mumbai,Delhi,17154,2,,,
SHP03937,WH5,DHL,Chennai,Bangalore,14471,3,,,
SHP03938,WH6,UPS,Pune,Hyderabad,16471,8,,,
SHP03939,WH2,FedEx,Pune,Hyderabad,13319,2,,,
SHP03940,WH3,DHL,Mumbai,Delhi,4527,5,,,
SHP03941,WH1,UPS,Chennai,Bangalore,9959,7,,,
SHP03942,WH4,FedEx,Mumbai,Delhi,16293,1,,,
SHP03943,WH6,UPS,Pune,Hyderabad,5557,5,,,
SHP03944,WH2,UPS,Chennai,Bangalore,12493,1,,,
SHP03945,WH5,DHL,Chennai,Bangalore,17770,7,,,
SHP03946,WH1,BlueDart,Pune,Hyderabad,4005,7,,,
SHP03947,WH4,FedEx,Mumbai,Delhi,2326,1,,,
SHP03948,WH2,BlueDart,Pune,Hyderabad,8988,1,,,
SHP03949,WH2,UPS,Mumbai,Delhi,12086,6,,,
SHP03950,WH6,UPS,Chennai,Bangalore,2877,5,,,
SHP03951,WH5,BlueDart,Chennai,Bangalore,13116,9,,,
SHP03952,WH6,FedEx,Chennai,Bangalore,11820,9,,,
SHP03953,WH1,BlueDart,Pune,Hyderabad,5255,1,,,
SHP03954,WH8,DHL,Pune,Hyderabad,14647,3,,,
SHP03955,WH2,FedEx,Mumbai,Delhi,9985,9,,,
SHP03956,WH4,FedEx,Chennai,Bangalore,3655,9,,,
SHP03957,WH2,UPS,Chennai,Bangalore,17094,5,,,
SHP03958,WH7,BlueDart,Mumbai,Delhi,11655,9,,,
SHP03959,WH7,UPS,Mumbai,Delhi,3971,1,,,
SHP03960,WH3,BlueDart,Mumbai,Delhi,3306,4,,,
SHP03961,WH3,BlueDart,Pune,Hyderabad,18107,1,,,
SHP03962,WH7,FedEx,Pune,Hyderabad,6569,9,,,
SHP03963,WH8,DHL,Chennai,Bangalore,16119,8,,,
SHP03964,WH7,UPS,Mumbai,Delhi,18672,9,,,
SHP03965,WH5,UPS,Pune,Hyderabad,13464,8,,,
SHP03966,WH2,UPS,Chennai,Bangalore,9980,9,,,
SHP03967,WH6,UPS,Chennai,Bangalore,11842,7,,,
SHP03968,WH1,BlueDart,Mumbai,Delhi,9618,1,,,
SHP03969,WH5,UPS,Pune,Hyderabad,18395,4,,,
SHP03970,WH7,DHL,Chennai,Bangalore,10020,1,,,
SHP03971,WH3,UPS,Chennai,Bangalore,9670,2,,,
SHP03972,WH8,FedEx,Mumbai,Delhi,19248,2,,,
SHP03973,WH4,DHL,Chennai,Bangalore,12989,2,,,
SHP03974,WH7,FedEx,Chennai,Bangalore,13646,6,,,
SHP03975,WH6,DHL,Pune,Hyderabad,1540,3,,,
SHP03976,WH1,FedEx,Pune,Hyderabad,14478,2,,,
SHP03977,WH1,FedEx,Pune,Hyderabad,16419,4,,,
SHP03978,WH4,BlueDart,Chennai,Bangalore,5791,5,,,
SHP03979,WH6,BlueDart,Pune,Hyderabad,11622,9,,,
SHP03980,WH4,DHL,Pune,Hyderabad,19519,5,,,
SHP03981,WH7,UPS,Pune,Hyderabad,16577,6,,,
SHP03982,WH7,DHL,Pune,Hyderabad,8265,4,,,
SHP03983,WH7,UPS,Chennai,Bangalore,11102,6,,,
SHP03984,WH6,UPS,Chennai,Bangalore,11151,6,,,
SHP03985,WH4,DHL,Mumbai,Delhi,7914,5,,,
SHP03986,WH5,DHL,Mumbai,Delhi,19833,8,,,
SHP03987,WH5,DHL,Chennai,Bangalore,19339,7,,,
SHP03988,WH2,DHL,Chennai,Bangalore,14636,2,,,
SHP03989,WH8,UPS,Chennai,Bangalore,14205,6,,,
SHP03990,WH6,DHL,Pune,Hyderabad,16681,5,,,
SHP03991,WH5,DHL,Chennai,Bangalore,16030,4,,,
SHP03992,WH8,UPS,Chennai,Bangalore,8213,2,,,
SHP03993,WH5,FedEx,Pune,Hyderabad,14190,1,,,
SHP03994,WH2,DHL,Mumbai,Delhi,2519,1,,,
SHP03995,WH1,BlueDart,Chennai,Bangalore,14223,2,,,
SHP03996,WH4,FedEx,Chennai,Bangalore,7235,2,,,
SHP03997,WH2,BlueDart,Mumbai,Delhi,6537,9,,,
SHP03998,WH6,BlueDart,Pune,Hyderabad,4652,8,,,
SHP03999,WH3,UPS,Chennai,Bangalore,4999,2,,,
SHP04000,WH6,UPS,Chennai,Bangalore,19003,3,,,
SHP04001,WH8,FedEx,Chennai,Bangalore,4583,7,,,
SHP04002,WH4,BlueDart,Chennai,Bangalore,13623,5,,,
SHP04003,WH3,UPS,Chennai,Bangalore,2405,6,,,
SHP04004,WH1,DHL,Pune,Hyderabad,19478,2,,,
SHP04005,WH7,FedEx,Chennai,Bangalore,3204,9,,,
SHP04006,WH6,FedEx,Chennai,Bangalore,7687,6,,,
SHP04007,WH8,FedEx,Mumbai,Delhi,3500,8,,,
SHP04008,WH5,DHL,Mumbai,Delhi,10860,9,,,
SHP04009,WH1,UPS,Pune,Hyderabad,18476,4,,,
SHP04010,WH4,FedEx,Chennai,Bangalore,18231,2,,,
SHP04011,WH7,UPS,Mumbai,Delhi,18715,8,,,
SHP04012,WH1,UPS,Chennai,Bangalore,13100,1,,,
SHP04013,WH7,DHL,Chennai,Bangalore,14020,1,,,
SHP04014,WH3,BlueDart,Chennai,Bangalore,6149,3,,,
SHP04015,WH1,UPS,Mumbai,Delhi,14536,3,,,
SHP04016,WH8,UPS,Pune,Hyderabad,2479,4,,,
SHP04017,WH3,DHL,Pune,Hyderabad,2957,6,,,
SHP04018,WH1,DHL,Chennai,Bangalore,7438,2,,,
SHP04019,WH6,BlueDart,Chennai,Bangalore,2331,7,,,
SHP04020,WH1,FedEx,Mumbai,Delhi,4850,5,,,
SHP04021,WH5,UPS,Chennai,Bangalore,8699,6,,,
SHP04022,WH4,UPS,Chennai,Bangalore,13845,7,,,
SHP04023,WH4,BlueDart,Chennai,Bangalore,5113,4,,,
SHP04024,WH1,FedEx,Chennai,Bangalore,5915,8,,,
SHP04025,WH1,UPS,Chennai,Bangalore,8710,8,,,
SHP04026,WH6,FedEx,Mumbai,Delhi,7517,2,,,
SHP04027,WH8,UPS,Pune,Hyderabad,11994,1,,,
SHP04028,WH8,BlueDart,Mumbai,Delhi,19176,8,,,
SHP04029,WH7,BlueDart,Chennai,Bangalore,5741,8,,,
SHP04030,WH3,UPS,Mumbai,Delhi,19704,5,,,
SHP04031,WH4,BlueDart,Pune,Hyderabad,12387,8,,,
SHP04032,WH8,BlueDart,Chennai,Bangalore,12784,4,,,
SHP04033,WH6,UPS,Chennai,Bangalore,2088,2,,,
SHP04034,WH1,DHL,Mumbai,Delhi,10201,4,,,
SHP04035,WH7,DHL,Chennai,Bangalore,19097,4,,,
SHP04036,WH3,DHL,Mumbai,Delhi,8474,6,,,
SHP04037,WH8,FedEx,Pune,Hyderabad,11309,6,,,
SHP04038,WH2,FedEx,Chennai,Bangalore,16953,6,,,
SHP04039,WH6,UPS,Pune,Hyderabad,12204,4,,,
SHP04040,WH7,FedEx,Chennai,Bangalore,5557,2,,,
SHP04041,WH5,UPS,Mumbai,Delhi,1249,5,,,
SHP04042,WH5,FedEx,Chennai,Bangalore,13817,3,,,
SHP04043,WH2,UPS,Mumbai,Delhi,13134,3,,,
SHP04044,WH8,UPS,Mumbai,Delhi,13709,4,,,
SHP04045,WH1,FedEx,Mumbai,Delhi,3690,1,,,
SHP04046,WH5,UPS,Mumbai,Delhi,4356,6,,,
SHP04047,WH1,DHL,Pune,Hyderabad,15374,6,,,
SHP04048,WH7,FedEx,Mumbai,Delhi,5409,8,,,
SHP04049,WH3,UPS,Pune,Hyderabad,2512,7,,,
SHP04050,WH7,UPS,Pune,Hyderabad,2492,6,,,
SHP04051,WH4,FedEx,Chennai,Bangalore,12897,6,,,
SHP04052,WH4,UPS,Mumbai,Delhi,10703,6,,,
SHP04053,WH6,DHL,Chennai,Bangalore,13781,6,,,
SHP04054,WH4,FedEx,Pune,Hyderabad,17439,3,,,
SHP04055,WH6,BlueDart,Chennai,Bangalore,8542,8,,,
SHP04056,WH8,UPS,Mumbai,Delhi,7457,2,,,
SHP04057,WH6,FedEx,Mumbai,Delhi,4715,6,,,
SHP04058,WH1,UPS,Chennai,Bangalore,14368,9,,,
SHP04059,WH7,BlueDart,Pune,Hyderabad,1378,6,,,
SHP04060,WH2,FedEx,Pune,Hyderabad,4940,5,,,
SHP04061,WH7,DHL,Chennai,Bangalore,18984,9,,,
SHP04062,WH7,BlueDart,Chennai,Bangalore,4598,5,,,
SHP04063,WH5,BlueDart,Chennai,Bangalore,15739,3,,,
SHP04064,WH5,BlueDart,Chennai,Bangalore,9201,5,,,
SHP04065,WH8,BlueDart,Mumbai,Delhi,3579,6,,,
SHP04066,WH4,DHL,Mumbai,Delhi,1356,9,,,
SHP04067,WH4,DHL,Pune,Hyderabad,4678,7,,,
SHP04068,WH7,UPS,Mumbai,Delhi,2959,4,,,
SHP04069,WH5,BlueDart,Chennai,Bangalore,9030,9,,,
SHP04070,WH7,FedEx,Pune,Hyderabad,11853,6,,,
SHP04071,WH8,DHL,Mumbai,Delhi,12384,2,,,
SHP04072,WH2,BlueDart,Chennai,Bangalore,8945,5,,,
SHP04073,WH6,FedEx,Mumbai,Delhi,8935,1,,,
SHP04074,WH5,UPS,Pune,Hyderabad,11715,2,,,
SHP04075,WH1,DHL,Chennai,Bangalore,3683,4,,,
SHP04076,WH1,FedEx,Mumbai,Delhi,1995,9,,,
SHP04077,WH7,UPS,Mumbai,Delhi,1883,4,,,
SHP04078,WH8,DHL,Chennai,Bangalore,1889,8,,,
SHP04079,WH3,DHL,Chennai,Bangalore,9918,7,,,
SHP04080,WH1,DHL,Mumbai,Delhi,6539,8,,,
SHP04081,WH1,FedEx,Chennai,Bangalore,5888,7,,,
SHP04082,WH7,FedEx,Chennai,Bangalore,2893,5,,,
SHP04083,WH5,FedEx,Chennai,Bangalore,5914,8,,,
SHP04084,WH4,BlueDart,Chennai,Bangalore,9571,1,,,
SHP04085,WH2,FedEx,Mumbai,Delhi,12591,5,,,
SHP04086,WH2,UPS,Mumbai,Delhi,10150,1,,,
SHP04087,WH5,UPS,Pune,Hyderabad,10416,2,,,
SHP04088,WH3,UPS,Pune,Hyderabad,9298,5,,,
SHP04089,WH2,FedEx,Chennai,Bangalore,19277,8,,,
SHP04090,WH2,FedEx,Chennai,Bangalore,7808,4,,,
SHP04091,WH8,BlueDart,Pune,Hyderabad,11779,9,,,
SHP04092,WH6,UPS,Mumbai,Delhi,5602,4,,,
SHP04093,WH8,DHL,Mumbai,Delhi,2699,2,,,
SHP04094,WH6,DHL,Chennai,Bangalore,17016,3,,,
SHP04095,WH2,FedEx,Mumbai,Delhi,14338,4,,,
SHP04096,WH8,FedEx,Mumbai,Delhi,12411,6,,,
SHP04097,WH2,BlueDart,Chennai,Bangalore,19238,8,,,
SHP04098,WH7,DHL,Pune,Hyderabad,14455,6,,,
SHP04099,WH2,FedEx,Mumbai,Delhi,16632,9,,,
SHP04100,WH3,FedEx,Pune,Hyderabad,16219,4,,,
SHP04101,WH8,DHL,Chennai,Bangalore,16792,3,,,
SHP04102,WH8,UPS,Mumbai,Delhi,2752,1,,,
SHP04103,WH3,BlueDart,Mumbai,Delhi,7692,2,,,
SHP04104,WH2,FedEx,Pune,Hyderabad,10104,1,,,
SHP04105,WH8,FedEx,Pune,Hyderabad,10515,8,,,
SHP04106,WH7,FedEx,Chennai,Bangalore,14025,5,,,
SHP04107,WH5,BlueDart,Pune,Hyderabad,1979,2,,,
SHP04108,WH4,FedEx,Chennai,Bangalore,7201,6,,,
SHP04109,WH2,UPS,Mumbai,Delhi,12984,5,,,
SHP04110,WH6,DHL,Chennai,Bangalore,16955,5,,,
SHP04111,WH2,FedEx,Mumbai,Delhi,1347,1,,,
SHP04112,WH8,BlueDart,Pune,Hyderabad,8807,7,,,
SHP04113,WH2,FedEx,Mumbai,Delhi,8214,4,,,
SHP04114,WH6,BlueDart,Chennai,Bangalore,8160,2,,,
SHP04115,WH5,DHL,Pune,Hyderabad,16359,4,,,
SHP04116,WH4,UPS,Chennai,Bangalore,12896,1,,,
SHP04117,WH2,FedEx,Chennai,Bangalore,17837,1,,,
SHP04118,WH5,BlueDart,Chennai,Bangalore,16335,3,,,
SHP04119,WH6,FedEx,Chennai,Bangalore,17643,9,,,
SHP04120,WH8,UPS,Mumbai,Delhi,1748,3,,,
SHP04121,WH8,FedEx,Chennai,Bangalore,8895,3,,,
SHP04122,WH4,FedEx,Chennai,Bangalore,14065,2,,,
SHP04123,WH4,UPS,Mumbai,Delhi,19639,5,,,
SHP04124,WH7,UPS,Chennai,Bangalore,16049,9,,,
SHP04125,WH4,UPS,Pune,Hyderabad,4318,2,,,
SHP04126,WH2,BlueDart,Pune,Hyderabad,5744,5,,,
SHP04127,WH8,UPS,Chennai,Bangalore,5854,1,,,
SHP04128,WH5,FedEx,Mumbai,Delhi,19137,8,,,
SHP04129,WH5,BlueDart,Mumbai,Delhi,9326,3,,,
SHP04130,WH4,DHL,Chennai,Bangalore,12535,1,,,
SHP04131,WH3,BlueDart,Mumbai,Delhi,16165,1,,,
SHP04132,WH6,UPS,Pune,Hyderabad,12009,5,,,
SHP04133,WH3,DHL,Chennai,Bangalore,14275,7,,,
SHP04134,WH3,FedEx,Mumbai,Delhi,9269,3,,,
SHP04135,WH5,DHL,Pune,Hyderabad,4466,1,,,
SHP04136,WH7,BlueDart,Chennai,Bangalore,15950,7,,,
SHP04137,WH8,FedEx,Pune,Hyderabad,8986,8,,,
SHP04138,WH4,FedEx,Chennai,Bangalore,6101,1,,,
SHP04139,WH5,FedEx,Chennai,Bangalore,6701,9,,,
SHP04140,WH3,DHL,Chennai,Bangalore,2972,6,,,
SHP04141,WH6,FedEx,Mumbai,Delhi,15738,9,,,
SHP04142,WH5,UPS,Mumbai,Delhi,17987,3,,,
SHP04143,WH7,BlueDart,Pune,Hyderabad,18175,4,,,
SHP04144,WH1,DHL,Chennai,Bangalore,11903,8,,,
SHP04145,WH3,UPS,Chennai,Bangalore,4846,2,,,
SHP04146,WH6,DHL,Pune,Hyderabad,10728,4,,,
SHP04147,WH5,BlueDart,Mumbai,Delhi,10961,6,,,
SHP04148,WH2,UPS,Chennai,Bangalore,6659,9,,,
SHP04149,WH2,BlueDart,Chennai,Bangalore,8164,8,,,
SHP04150,WH7,UPS,Pune,Hyderabad,3267,2,,,
SHP04151,WH1,UPS,Pune,Hyderabad,6265,9,,,
SHP04152,WH1,FedEx,Chennai,Bangalore,6594,1,,,
SHP04153,WH5,DHL,Chennai,Bangalore,4640,2,,,
SHP04154,WH2,UPS,Mumbai,Delhi,17527,7,,,
SHP04155,WH4,DHL,Pune,Hyderabad,2351,2,,,
SHP04156,WH4,FedEx,Mumbai,Delhi,8878,1,,,
SHP04157,WH2,DHL,Mumbai,Delhi,12852,7,,,
SHP04158,WH6,BlueDart,Pune,Hyderabad,13331,1,,,
SHP04159,WH4,UPS,Mumbai,Delhi,19991,3,,,
SHP04160,WH1,UPS,Mumbai,Delhi,5334,6,,,
SHP04161,WH6,UPS,Chennai,Bangalore,18098,6,,,
SHP04162,WH3,DHL,Pune,Hyderabad,5252,2,,,
SHP04163,WH8,UPS,Chennai,Bangalore,19774,4,,,
SHP04164,WH4,UPS,Chennai,Bangalore,2331,1,,,
SHP04165,WH7,UPS,Chennai,Bangalore,4108,7,,,
SHP04166,WH3,BlueDart,Mumbai,Delhi,15969,7,,,
SHP04167,WH4,FedEx,Pune,Hyderabad,18876,8,,,
SHP04168,WH7,DHL,Pune,Hyderabad,1225,3,,,
SHP04169,WH2,FedEx,Pune,Hyderabad,14328,1,,,
SHP04170,WH6,FedEx,Chennai,Bangalore,17063,1,,,
SHP04171,WH4,UPS,Mumbai,Delhi,16748,7,,,
SHP04172,WH3,DHL,Pune,Hyderabad,14556,5,,,
SHP04173,WH3,BlueDart,Chennai,Bangalore,10936,3,,,
SHP04174,WH2,FedEx,Chennai,Bangalore,4024,3,,,
SHP04175,WH7,DHL,Chennai,Bangalore,8405,8,,,
SHP04176,WH8,DHL,Mumbai,Delhi,2615,5,,,
SHP04177,WH8,BlueDart,Chennai,Bangalore,7036,1,,,
SHP04178,WH7,FedEx,Mumbai,Delhi,10713,2,,,
SHP04179,WH7,BlueDart,Chennai,Bangalore,4166,2,,,
SHP04180,WH2,BlueDart,Mumbai,Delhi,17899,2,,,
SHP04181,WH5,UPS,Chennai,Bangalore,8941,5,,,
SHP04182,WH4,FedEx,Mumbai,Delhi,19593,8,,,
SHP04183,WH3,BlueDart,Pune,Hyderabad,19861,6,,,
SHP04184,WH8,FedEx,Pune,Hyderabad,3302,3,,,
SHP04185,WH5,BlueDart,Pune,Hyderabad,3966,7,,,
SHP04186,WH8,UPS,Mumbai,Delhi,2968,1,,,
SHP04187,WH4,FedEx,Chennai,Bangalore,18701,9,,,
SHP04188,WH7,DHL,Mumbai,Delhi,16460,6,,,
SHP04189,WH3,UPS,Chennai,Bangalore,14813,3,,,
SHP04190,WH3,FedEx,Pune,Hyderabad,18439,2,,,
SHP04191,WH8,FedEx,Mumbai,Delhi,3799,7,,,
SHP04192,WH8,UPS,Chennai,Bangalore,19494,2,,,
SHP04193,WH4,UPS,Pune,Hyderabad,6781,4,,,
SHP04194,WH8,DHL,Pune,Hyderabad,14770,1,,,
SHP04195,WH6,DHL,Chennai,Bangalore,16740,6,,,
SHP04196,WH8,FedEx,Chennai,Bangalore,3924,2,,,
SHP04197,WH4,UPS,Chennai,Bangalore,10851,8,,,
SHP04198,WH6,BlueDart,Mumbai,Delhi,10149,1,,,
SHP04199,WH7,UPS,Pune,Hyderabad,13938,9,,,
SHP04200,WH7,BlueDart,Chennai,Bangalore,11779,8,,,
SHP04201,WH6,BlueDart,Pune,Hyderabad,16675,2,,,
SHP04202,WH7,BlueDart,Mumbai,Delhi,4807,3,,,
SHP04203,WH3,DHL,Pune,Hyderabad,1628,7,,,
SHP04204,WH1,UPS,Mumbai,Delhi,7841,7,,,
SHP04205,WH6,BlueDart,Pune,Hyderabad,1646,5,,,
SHP04206,WH5,DHL,Mumbai,Delhi,9772,5,,,
SHP04207,WH5,BlueDart,Pune,Hyderabad,11105,3,,,
SHP04208,WH4,FedEx,Mumbai,Delhi,16892,5,,,
SHP04209,WH3,FedEx,Chennai,Bangalore,19960,3,,,
SHP04210,WH7,UPS,Chennai,Bangalore,6965,1,,,
SHP04211,WH4,BlueDart,Mumbai,Delhi,8261,2,,,
SHP04212,WH2,FedEx,Pune,Hyderabad,3501,5,,,
SHP04213,WH7,DHL,Mumbai,Delhi,4827,3,,,
SHP04214,WH5,FedEx,Chennai,Bangalore,8770,5,,,
SHP04215,WH4,DHL,Pune,Hyderabad,8663,7,,,
SHP04216,WH7,FedEx,Mumbai,Delhi,11243,8,,,
SHP04217,WH2,FedEx,Mumbai,Delhi,1702,3,,,
SHP04218,WH7,FedEx,Mumbai,Delhi,8321,3,,,
SHP04219,WH6,FedEx,Mumbai,Delhi,7634,3,,,
SHP04220,WH5,UPS,Mumbai,Delhi,4312,7,,,
SHP04221,WH5,DHL,Mumbai,Delhi,3503,7,,,
SHP04222,WH3,FedEx,Chennai,Bangalore,19394,5,,,
SHP04223,WH7,FedEx,Chennai,Bangalore,9437,4,,,
SHP04224,WH3,BlueDart,Mumbai,Delhi,7979,7,,,
SHP04225,WH8,FedEx,Chennai,Bangalore,15754,2,,,
SHP04226,WH1,FedEx,Chennai,Bangalore,13144,4,,,
SHP04227,WH4,DHL,Mumbai,Delhi,19312,7,,,
SHP04228,WH8,UPS,Mumbai,Delhi,9786,6,,,
SHP04229,WH4,DHL,Pune,Hyderabad,6059,2,,,
SHP04230,WH7,FedEx,Chennai,Bangalore,10959,2,,,
SHP04231,WH3,FedEx,Chennai,Bangalore,11887,4,,,
SHP04232,WH7,FedEx,Pune,Hyderabad,7303,7,,,
SHP04233,WH4,UPS,Pune,Hyderabad,14705,1,,,
SHP04234,WH8,DHL,Pune,Hyderabad,15098,7,,,
SHP04235,WH4,BlueDart,Chennai,Bangalore,19868,8,,,
SHP04236,WH2,UPS,Pune,Hyderabad,9849,7,,,
SHP04237,WH3,BlueDart,Pune,Hyderabad,16549,1,,,
SHP04238,WH6,UPS,Mumbai,Delhi,4837,9,,,
SHP04239,WH2,DHL,Pune,Hyderabad,7685,6,,,
SHP04240,WH6,DHL,Pune,Hyderabad,1043,3,,,
SHP04241,WH8,UPS,Chennai,Bangalore,8062,1,,,
SHP04242,WH1,DHL,Mumbai,Delhi,3109,1,,,
SHP04243,WH4,UPS,Pune,Hyderabad,17060,2,,,
SHP04244,WH2,DHL,Pune,Hyderabad,1181,7,,,
SHP04245,WH3,BlueDart,Chennai,Bangalore,16050,6,,,
SHP04246,WH6,DHL,Chennai,Bangalore,10674,9,,,
SHP04247,WH6,BlueDart,Mumbai,Delhi,14406,8,,,
SHP04248,WH1,UPS,Pune,Hyderabad,3023,4,,,
SHP04249,WH1,FedEx,Pune,Hyderabad,14919,4,,,
SHP04250,WH7,UPS,Pune,Hyderabad,16631,6,,,
SHP04251,WH8,UPS,Chennai,Bangalore,12785,7,,,
SHP04252,WH6,BlueDart,Pune,Hyderabad,1851,5,,,
SHP04253,WH4,UPS,Chennai,Bangalore,1290,5,,,
SHP04254,WH8,UPS,Mumbai,Delhi,3890,2,,,
SHP04255,WH2,DHL,Chennai,Bangalore,14822,4,,,
SHP04256,WH3,FedEx,Pune,Hyderabad,8577,8,,,
SHP04257,WH3,DHL,Chennai,Bangalore,1189,2,,,
SHP04258,WH4,DHL,Mumbai,Delhi,6100,1,,,
SHP04259,WH7,BlueDart,Mumbai,Delhi,4713,9,,,
SHP04260,WH3,BlueDart,Chennai,Bangalore,5369,8,,,
SHP04261,WH2,FedEx,Pune,Hyderabad,18172,7,,,
SHP04262,WH1,BlueDart,Chennai,Bangalore,15746,6,,,
SHP04263,WH1,UPS,Pune,Hyderabad,18473,6,,,
SHP04264,WH1,BlueDart,Chennai,Bangalore,6499,7,,,
SHP04265,WH3,DHL,Chennai,Bangalore,14658,4,,,
SHP04266,WH6,DHL,Mumbai,Delhi,19133,2,,,
SHP04267,WH3,UPS,Chennai,Bangalore,6534,5,,,
SHP04268,WH3,BlueDart,Mumbai,Delhi,14999,3,,,
SHP04269,WH5,FedEx,Chennai,Bangalore,16951,2,,,
SHP04270,WH6,FedEx,Pune,Hyderabad,15161,1,,,
SHP04271,WH4,FedEx,Mumbai,Delhi,17896,5,,,
SHP04272,WH6,FedEx,Pune,Hyderabad,1100,1,,,
SHP04273,WH7,BlueDart,Chennai,Bangalore,18131,4,,,
SHP04274,WH6,BlueDart,Chennai,Bangalore,1456,1,,,
SHP04275,WH1,FedEx,Pune,Hyderabad,2355,7,,,
SHP04276,WH5,FedEx,Pune,Hyderabad,8831,7,,,
SHP04277,WH1,FedEx,Mumbai,Delhi,19039,3,,,
SHP04278,WH7,UPS,Mumbai,Delhi,4330,3,,,
SHP04279,WH3,BlueDart,Chennai,Bangalore,9609,1,,,
SHP04280,WH6,DHL,Mumbai,Delhi,18946,1,,,
SHP04281,WH2,UPS,Chennai,Bangalore,1793,4,,,
SHP04282,WH7,FedEx,Pune,Hyderabad,10661,9,,,
SHP04283,WH4,BlueDart,Pune,Hyderabad,9563,4,,,
SHP04284,WH5,DHL,Mumbai,Delhi,19985,6,,,
SHP04285,WH7,DHL,Chennai,Bangalore,13530,5,,,
SHP04286,WH8,UPS,Mumbai,Delhi,2094,6,,,
SHP04287,WH6,BlueDart,Pune,Hyderabad,11423,1,,,
SHP04288,WH6,DHL,Pune,Hyderabad,7274,5,,,
SHP04289,WH3,FedEx,Chennai,Bangalore,18867,6,,,
SHP04290,WH6,FedEx,Mumbai,Delhi,8009,9,,,
SHP04291,WH3,BlueDart,Mumbai,Delhi,17216,4,,,
SHP04292,WH8,BlueDart,Mumbai,Delhi,3959,9,,,
SHP04293,WH3,FedEx,Mumbai,Delhi,10619,2,,,
SHP04294,WH3,BlueDart,Pune,Hyderabad,17100,9,,,
SHP04295,WH8,FedEx,Mumbai,Delhi,5139,9,,,
SHP04296,WH6,DHL,Pune,Hyderabad,18361,2,,,
SHP04297,WH7,FedEx,Mumbai,Delhi,15351,5,,,
SHP04298,WH5,BlueDart,Pune,Hyderabad,5676,5,,,
SHP04299,WH1,UPS,Pune,Hyderabad,3545,6,,,
SHP04300,WH6,FedEx,Mumbai,Delhi,2878,5,,,
SHP04301,WH3,DHL,Pune,Hyderabad,11738,8,,,
SHP04302,WH2,BlueDart,Chennai,Bangalore,6074,9,,,
SHP04303,WH5,FedEx,Mumbai,Delhi,2394,6,,,
SHP04304,WH8,BlueDart,Mumbai,Delhi,5118,7,,,
SHP04305,WH4,FedEx,Pune,Hyderabad,15532,3,,,
SHP04306,WH7,BlueDart,Mumbai,Delhi,10730,1,,,
SHP04307,WH5,FedEx,Chennai,Bangalore,11866,8,,,
SHP04308,WH4,UPS,Pune,Hyderabad,9086,2,,,
SHP04309,WH3,BlueDart,Chennai,Bangalore,9190,5,,,
SHP04310,WH7,DHL,Chennai,Bangalore,18164,1,,,
SHP04311,WH3,BlueDart,Chennai,Bangalore,4761,9,,,
SHP04312,WH3,UPS,Pune,Hyderabad,2501,2,,,
SHP04313,WH6,UPS,Mumbai,Delhi,4188,4,,,
SHP04314,WH3,UPS,Pune,Hyderabad,19550,2,,,
SHP04315,WH1,UPS,Chennai,Bangalore,11825,2,,,
SHP04316,WH2,UPS,Pune,Hyderabad,7503,1,,,
SHP04317,WH5,BlueDart,Pune,Hyderabad,16031,3,,,
SHP04318,WH2,UPS,Mumbai,Delhi,8742,1,,,
SHP04319,WH3,DHL,Pune,Hyderabad,2456,8,,,
SHP04320,WH7,DHL,Mumbai,Delhi,6328,3,,,
SHP04321,WH5,BlueDart,Chennai,Bangalore,12304,3,,,
SHP04322,WH7,BlueDart,Chennai,Bangalore,5704,2,,,
SHP04323,WH1,BlueDart,Pune,Hyderabad,2594,1,,,
SHP04324,WH6,FedEx,Pune,Hyderabad,3319,2,,,
SHP04325,WH2,UPS,Mumbai,Delhi,2308,2,,,
SHP04326,WH7,FedEx,Mumbai,Delhi,6753,3,,,
SHP04327,WH4,DHL,Chennai,Bangalore,1313,7,,,
SHP04328,WH1,FedEx,Pune,Hyderabad,3989,2,,,
SHP04329,WH4,DHL,Chennai,Bangalore,6650,1,,,
SHP04330,WH1,FedEx,Pune,Hyderabad,11375,2,,,
SHP04331,WH1,UPS,Mumbai,Delhi,2339,2,,,
SHP04332,WH5,FedEx,Pune,Hyderabad,1239,1,,,
SHP04333,WH2,DHL,Pune,Hyderabad,14800,7,,,
SHP04334,WH3,BlueDart,Pune,Hyderabad,14968,1,,,
SHP04335,WH4,UPS,Mumbai,Delhi,1063,6,,,
SHP04336,WH3,UPS,Pune,Hyderabad,9079,9,,,
SHP04337,WH1,UPS,Mumbai,Delhi,16459,5,,,
SHP04338,WH7,BlueDart,Mumbai,Delhi,3353,9,,,
SHP04339,WH1,FedEx,Mumbai,Delhi,1382,8,,,
SHP04340,WH1,BlueDart,Pune,Hyderabad,5497,2,,,
SHP04341,WH2,UPS,Pune,Hyderabad,8186,5,,,
SHP04342,WH8,UPS,Chennai,Bangalore,19141,5,,,
SHP04343,WH6,UPS,Mumbai,Delhi,12163,4,,,
SHP04344,WH1,DHL,Pune,Hyderabad,18764,1,,,
SHP04345,WH1,DHL,Pune,Hyderabad,4769,8,,,
SHP04346,WH6,FedEx,Chennai,Bangalore,19275,5,,,
SHP04347,WH3,UPS,Mumbai,Delhi,13261,5,,,
SHP04348,WH6,DHL,Mumbai,Delhi,8516,2,,,
SHP04349,WH1,UPS,Mumbai,Delhi,12144,6,,,
SHP04350,WH2,DHL,Pune,Hyderabad,11286,9,,,
SHP04351,WH8,DHL,Mumbai,Delhi,16927,1,,,
SHP04352,WH7,BlueDart,Mumbai,Delhi,4717,2,,,
SHP04353,WH1,FedEx,Pune,Hyderabad,1375,4,,,
SHP04354,WH8,DHL,Pune,Hyderabad,10517,7,,,
SHP04355,WH5,DHL,Pune,Hyderabad,13317,2,,,
SHP04356,WH3,UPS,Mumbai,Delhi,19800,4,,,
SHP04357,WH1,UPS,Mumbai,Delhi,6306,8,,,
SHP04358,WH1,UPS,Pune,Hyderabad,12051,8,,,
SHP04359,WH3,FedEx,Chennai,Bangalore,6364,7,,,
SHP04360,WH1,FedEx,Mumbai,Delhi,1520,1,,,
SHP04361,WH6,DHL,Mumbai,Delhi,18319,2,,,
SHP04362,WH3,UPS,Chennai,Bangalore,6293,1,,,
SHP04363,WH3,BlueDart,Mumbai,Delhi,7153,3,,,
SHP04364,WH1,UPS,Chennai,Bangalore,15699,3,,,
SHP04365,WH8,UPS,Mumbai,Delhi,10646,7,,,
SHP04366,WH8,BlueDart,Pune,Hyderabad,3843,4,,,
SHP04367,WH1,BlueDart,Mumbai,Delhi,15590,7,,,
SHP04368,WH8,UPS,Pune,Hyderabad,10614,3,,,
SHP04369,WH3,DHL,Pune,Hyderabad,18160,1,,,
SHP04370,WH7,DHL,Pune,Hyderabad,16825,6,,,
SHP04371,WH5,DHL,Mumbai,Delhi,14437,8,,,
SHP04372,WH1,BlueDart,Mumbai,Delhi,5091,8,,,
SHP04373,WH1,UPS,Pune,Hyderabad,14543,5,,,
SHP04374,WH6,FedEx,Pune,Hyderabad,3650,3,,,
SHP04375,WH2,BlueDart,Mumbai,Delhi,3222,4,,,
SHP04376,WH3,BlueDart,Pune,Hyderabad,16983,3,,,
SHP04377,WH4,UPS,Mumbai,Delhi,9565,4,,,
SHP04378,WH6,UPS,Mumbai,Delhi,10116,8,,,
SHP04379,WH6,BlueDart,Pune,Hyderabad,15895,8,,,
SHP04380,WH8,DHL,Pune,Hyderabad,4153,6,,,
SHP04381,WH7,FedEx,Mumbai,Delhi,1923,9,,,
SHP04382,WH5,FedEx,Mumbai,Delhi,11516,6,,,
SHP04383,WH4,FedEx,Chennai,Bangalore,4298,8,,,
SHP04384,WH3,DHL,Mumbai,Delhi,7192,4,,,
SHP04385,WH7,UPS,Pune,Hyderabad,18948,9,,,
SHP04386,WH1,UPS,Mumbai,Delhi,6091,9,,,
SHP04387,WH8,FedEx,Chennai,Bangalore,7089,6,,,
SHP04388,WH4,UPS,Pune,Hyderabad,3899,5,,,
SHP04389,WH4,BlueDart,Mumbai,Delhi,9458,9,,,
SHP04390,WH6,DHL,Mumbai,Delhi,13990,2,,,
SHP04391,WH6,UPS,Mumbai,Delhi,9212,5,,,
SHP04392,WH3,BlueDart,Mumbai,Delhi,10118,8,,,
SHP04393,WH8,FedEx,Pune,Hyderabad,18100,4,,,
SHP04394,WH6,UPS,Chennai,Bangalore,3931,2,,,
SHP04395,WH6,UPS,Pune,Hyderabad,10425,5,,,
SHP04396,WH7,FedEx,Pune,Hyderabad,12053,6,,,
SHP04397,WH3,FedEx,Mumbai,Delhi,19267,2,,,
SHP04398,WH3,FedEx,Pune,Hyderabad,5158,1,,,
SHP04399,WH6,BlueDart,Chennai,Bangalore,2347,5,,,
SHP04400,WH7,DHL,Pune,Hyderabad,12871,2,,,
SHP04401,WH3,FedEx,Mumbai,Delhi,19102,8,,,
SHP04402,WH4,UPS,Mumbai,Delhi,3517,2,,,
SHP04403,WH6,DHL,Pune,Hyderabad,8285,7,,,
SHP04404,WH2,UPS,Mumbai,Delhi,1706,6,,,
SHP04405,WH1,UPS,Pune,Hyderabad,3887,6,,,
SHP04406,WH2,UPS,Mumbai,Delhi,13536,5,,,
SHP04407,WH8,BlueDart,Chennai,Bangalore,18831,4,,,
SHP04408,WH6,FedEx,Mumbai,Delhi,2628,4,,,
SHP04409,WH4,DHL,Chennai,Bangalore,12252,1,,,
SHP04410,WH4,DHL,Mumbai,Delhi,19103,3,,,
SHP04411,WH8,BlueDart,Pune,Hyderabad,11325,1,,,
SHP04412,WH3,UPS,Mumbai,Delhi,6272,1,,,
SHP04413,WH3,DHL,Chennai,Bangalore,8175,8,,,
SHP04414,WH1,FedEx,Chennai,Bangalore,7088,5,,,
SHP04415,WH2,FedEx,Chennai,Bangalore,16135,6,,,
SHP04416,WH7,FedEx,Mumbai,Delhi,3604,6,,,
SHP04417,WH7,FedEx,Pune,Hyderabad,1281,6,,,
SHP04418,WH5,FedEx,Mumbai,Delhi,10504,3,,,
SHP04419,WH2,FedEx,Pune,Hyderabad,18548,4,,,
SHP04420,WH4,DHL,Mumbai,Delhi,11367,9,,,
SHP04421,WH2,FedEx,Chennai,Bangalore,3189,8,,,
SHP04422,WH4,FedEx,Mumbai,Delhi,19744,7,,,
SHP04423,WH2,DHL,Mumbai,Delhi,8142,2,,,
SHP04424,WH4,UPS,Mumbai,Delhi,10892,6,,,
SHP04425,WH4,DHL,Pune,Hyderabad,19592,5,,,
SHP04426,WH7,UPS,Pune,Hyderabad,18939,1,,,
SHP04427,WH3,BlueDart,Mumbai,Delhi,7450,7,,,
SHP04428,WH8,DHL,Chennai,Bangalore,1690,6,,,
SHP04429,WH2,BlueDart,Pune,Hyderabad,13313,6,,,
SHP04430,WH6,BlueDart,Mumbai,Delhi,3237,6,,,
SHP04431,WH8,BlueDart,Mumbai,Delhi,6664,3,,,
SHP04432,WH4,UPS,Chennai,Bangalore,2715,4,,,
SHP04433,WH3,FedEx,Pune,Hyderabad,2737,2,,,
SHP04434,WH8,UPS,Mumbai,Delhi,19651,9,,,
SHP04435,WH1,DHL,Chennai,Bangalore,4325,9,,,
SHP04436,WH4,FedEx,Mumbai,Delhi,19355,9,,,
SHP04437,WH5,FedEx,Chennai,Bangalore,2699,3,,,
SHP04438,WH2,BlueDart,Mumbai,Delhi,18971,4,,,
SHP04439,WH3,DHL,Pune,Hyderabad,19576,3,,,
SHP04440,WH3,FedEx,Chennai,Bangalore,1091,3,,,
SHP04441,WH3,UPS,Mumbai,Delhi,7112,9,,,
SHP04442,WH4,BlueDart,Pune,Hyderabad,1145,9,,,
SHP04443,WH3,UPS,Chennai,Bangalore,8184,3,,,
SHP04444,WH3,DHL,Pune,Hyderabad,2087,7,,,
SHP04445,WH8,FedEx,Mumbai,Delhi,11719,4,,,
SHP04446,WH7,UPS,Pune,Hyderabad,11278,5,,,
SHP04447,WH4,UPS,Chennai,Bangalore,7692,4,,,
SHP04448,WH7,FedEx,Pune,Hyderabad,1037,3,,,
SHP04449,WH3,DHL,Mumbai,Delhi,12868,8,,,
SHP04450,WH7,DHL,Chennai,Bangalore,4759,9,,,
SHP04451,WH4,UPS,Mumbai,Delhi,17023,9,,,
SHP04452,WH7,FedEx,Chennai,Bangalore,10337,7,,,
SHP04453,WH4,FedEx,Pune,Hyderabad,12687,9,,,
SHP04454,WH2,UPS,Pune,Hyderabad,4010,3,,,
SHP04455,WH4,BlueDart,Pune,Hyderabad,18440,4,,,
SHP04456,WH6,FedEx,Pune,Hyderabad,8146,7,,,
SHP04457,WH5,DHL,Mumbai,Delhi,10710,5,,,
SHP04458,WH4,BlueDart,Mumbai,Delhi,10424,7,,,
SHP04459,WH3,FedEx,Chennai,Bangalore,2593,9,,,
SHP04460,WH7,UPS,Pune,Hyderabad,7040,6,,,
SHP04461,WH6,UPS,Pune,Hyderabad,3667,6,,,
SHP04462,WH8,DHL,Mumbai,Delhi,6901,1,,,
SHP04463,WH2,FedEx,Chennai,Bangalore,3715,2,,,
SHP04464,WH4,DHL,Mumbai,Delhi,10385,3,,,
SHP04465,WH8,BlueDart,Mumbai,Delhi,2061,9,,,
SHP04466,WH3,UPS,Mumbai,Delhi,14725,4,,,
SHP04467,WH7,DHL,Chennai,Bangalore,18530,1,,,
SHP04468,WH2,FedEx,Pune,Hyderabad,6845,5,,,
SHP04469,WH1,FedEx,Pune,Hyderabad,11135,9,,,
SHP04470,WH8,DHL,Mumbai,Delhi,8681,5,,,
SHP04471,WH6,DHL,Chennai,Bangalore,16759,5,,,
SHP04472,WH1,BlueDart,Pune,Hyderabad,6088,6,,,
SHP04473,WH5,FedEx,Mumbai,Delhi,15902,7,,,
SHP04474,WH4,DHL,Pune,Hyderabad,4628,9,,,
SHP04475,WH7,UPS,Mumbai,Delhi,11699,6,,,
SHP04476,WH2,DHL,Chennai,Bangalore,1624,3,,,
SHP04477,WH6,FedEx,Pune,Hyderabad,2223,2,,,
SHP04478,WH6,DHL,Chennai,Bangalore,5109,3,,,
SHP04479,WH5,BlueDart,Chennai,Bangalore,1621,5,,,
SHP04480,WH2,DHL,Mumbai,Delhi,11456,1,,,
SHP04481,WH4,FedEx,Chennai,Bangalore,18055,5,,,
SHP04482,WH5,DHL,Pune,Hyderabad,13032,5,,,
SHP04483,WH3,UPS,Mumbai,Delhi,9734,9,,,
SHP04484,WH1,BlueDart,Chennai,Bangalore,8378,3,,,
SHP04485,WH4,FedEx,Chennai,Bangalore,5016,4,,,
SHP04486,WH7,DHL,Pune,Hyderabad,16679,6,,,
SHP04487,WH2,UPS,Mumbai,Delhi,4733,2,,,
SHP04488,WH3,FedEx,Mumbai,Delhi,2782,2,,,
SHP04489,WH8,DHL,Chennai,Bangalore,9591,3,,,
SHP04490,WH1,UPS,Chennai,Bangalore,11379,9,,,
SHP04491,WH1,UPS,Pune,Hyderabad,3957,2,,,
SHP04492,WH8,BlueDart,Mumbai,Delhi,14769,4,,,
SHP04493,WH3,BlueDart,Mumbai,Delhi,10782,4,,,
SHP04494,WH2,FedEx,Chennai,Bangalore,6194,5,,,
SHP04495,WH3,UPS,Pune,Hyderabad,15509,2,,,
SHP04496,WH7,UPS,Mumbai,Delhi,4108,3,,,
SHP04497,WH8,FedEx,Chennai,Bangalore,18479,4,,,
SHP04498,WH6,DHL,Chennai,Bangalore,12495,1,,,
SHP04499,WH3,FedEx,Mumbai,Delhi,16406,1,,,
SHP04500,WH7,UPS,Pune,Hyderabad,11763,9,,,
SHP04501,WH7,DHL,Pune,Hyderabad,13228,2,,,
SHP04502,WH1,UPS,Chennai,Bangalore,12313,1,,,
SHP04503,WH5,BlueDart,Mumbai,Delhi,16385,5,,,
SHP04504,WH6,FedEx,Mumbai,Delhi,3674,1,,,
SHP04505,WH5,FedEx,Mumbai,Delhi,4322,1,,,
SHP04506,WH7,BlueDart,Mumbai,Delhi,8775,2,,,
SHP04507,WH7,FedEx,Mumbai,Delhi,8765,6,,,
SHP04508,WH3,BlueDart,Mumbai,Delhi,12743,5,,,
SHP04509,WH6,DHL,Mumbai,Delhi,19783,8,,,
SHP04510,WH8,UPS,Chennai,Bangalore,14080,7,,,
SHP04511,WH3,BlueDart,Pune,Hyderabad,16750,4,,,
SHP04512,WH7,UPS,Mumbai,Delhi,18548,4,,,
SHP04513,WH6,BlueDart,Chennai,Bangalore,15695,5,,,
SHP04514,WH5,DHL,Pune,Hyderabad,17138,6,,,
SHP04515,WH5,BlueDart,Mumbai,Delhi,17967,2,,,
SHP04516,WH6,BlueDart,Pune,Hyderabad,1767,2,,,
SHP04517,WH8,BlueDart,Mumbai,Delhi,6958,8,,,
SHP04518,WH8,BlueDart,Chennai,Bangalore,1383,3,,,
SHP04519,WH1,BlueDart,Pune,Hyderabad,19304,1,,,
SHP04520,WH4,BlueDart,Mumbai,Delhi,19740,5,,,
SHP04521,WH6,FedEx,Chennai,Bangalore,2451,5,,,
SHP04522,WH6,BlueDart,Chennai,Bangalore,19579,7,,,
SHP04523,WH5,FedEx,Pune,Hyderabad,5096,5,,,
SHP04524,WH4,DHL,Pune,Hyderabad,18275,2,,,
SHP04525,WH7,DHL,Pune,Hyderabad,2535,2,,,
SHP04526,WH1,DHL,Chennai,Bangalore,3812,2,,,
SHP04527,WH6,BlueDart,Chennai,Bangalore,17111,2,,,
SHP04528,WH2,UPS,Pune,Hyderabad,2364,7,,,
SHP04529,WH5,BlueDart,Pune,Hyderabad,14522,3,,,
SHP04530,WH7,DHL,Chennai,Bangalore,6647,3,,,
SHP04531,WH4,UPS,Pune,Hyderabad,2747,3,,,
SHP04532,WH8,FedEx,Mumbai,Delhi,14944,3,,,
SHP04533,WH5,DHL,Chennai,Bangalore,4715,6,,,
SHP04534,WH6,BlueDart,Pune,Hyderabad,17711,9,,,
SHP04535,WH7,UPS,Pune,Hyderabad,12285,8,,,
SHP04536,WH5,FedEx,Chennai,Bangalore,3998,8,,,
SHP04537,WH4,FedEx,Chennai,Bangalore,12085,9,,,
SHP04538,WH7,FedEx,Mumbai,Delhi,9731,1,,,
SHP04539,WH5,UPS,Chennai,Bangalore,9408,3,,,
SHP04540,WH4,FedEx,Mumbai,Delhi,5094,6,,,
SHP04541,WH5,BlueDart,Pune,Hyderabad,8430,5,,,
SHP04542,WH7,DHL,Pune,Hyderabad,12422,2,,,
SHP04543,WH4,DHL,Chennai,Bangalore,1773,8,,,
SHP04544,WH1,DHL,Pune,Hyderabad,12595,5,,,
SHP04545,WH8,UPS,Pune,Hyderabad,15097,4,,,
SHP04546,WH6,DHL,Chennai,Bangalore,2470,1,,,
SHP04547,WH8,DHL,Mumbai,Delhi,13473,2,,,
SHP04548,WH7,DHL,Chennai,Bangalore,19377,2,,,
SHP04549,WH2,DHL,Mumbai,Delhi,9231,7,,,
SHP04550,WH4,DHL,Chennai,Bangalore,14862,6,,,
SHP04551,WH6,DHL,Chennai,Bangalore,12919,6,,,
SHP04552,WH1,UPS,Chennai,Bangalore,8265,4,,,
SHP04553,WH7,FedEx,Pune,Hyderabad,12426,8,,,
SHP04554,WH7,DHL,Pune,Hyderabad,9552,6,,,
SHP04555,WH6,BlueDart,Pune,Hyderabad,13030,2,,,
SHP04556,WH7,BlueDart,Pune,Hyderabad,11623,4,,,
SHP04557,WH2,UPS,Pune,Hyderabad,13839,9,,,
SHP04558,WH2,DHL,Chennai,Bangalore,18423,2,,,
SHP04559,WH4,UPS,Chennai,Bangalore,14005,4,,,
SHP04560,WH3,DHL,Mumbai,Delhi,19240,5,,,
SHP04561,WH2,DHL,Mumbai,Delhi,16339,8,,,
SHP04562,WH3,DHL,Pune,Hyderabad,19997,9,,,
SHP04563,WH3,BlueDart,Pune,Hyderabad,12086,6,,,
SHP04564,WH5,UPS,Chennai,Bangalore,14918,1,,,
SHP04565,WH1,BlueDart,Mumbai,Delhi,13138,4,,,
SHP04566,WH2,UPS,Mumbai,Delhi,14142,5,,,
SHP04567,WH6,FedEx,Pune,Hyderabad,16716,6,,,
SHP04568,WH4,UPS,Mumbai,Delhi,13909,1,,,
SHP04569,WH5,FedEx,Mumbai,Delhi,5685,7,,,
SHP04570,WH8,DHL,Mumbai,Delhi,7863,6,,,
SHP04571,WH1,UPS,Chennai,Bangalore,10706,5,,,
SHP04572,WH3,UPS,Mumbai,Delhi,10788,4,,,
SHP04573,WH5,UPS,Pune,Hyderabad,4669,7,,,
SHP04574,WH7,UPS,Chennai,Bangalore,7279,8,,,
SHP04575,WH6,BlueDart,Chennai,Bangalore,8725,2,,,
SHP04576,WH8,BlueDart,Pune,Hyderabad,4613,5,,,
SHP04577,WH8,UPS,Mumbai,Delhi,14691,5,,,
SHP04578,WH6,DHL,Mumbai,Delhi,8996,7,,,
SHP04579,WH3,FedEx,Mumbai,Delhi,3499,7,,,
SHP04580,WH5,UPS,Pune,Hyderabad,8428,6,,,
SHP04581,WH7,UPS,Pune,Hyderabad,1044,8,,,
SHP04582,WH6,UPS,Mumbai,Delhi,2262,8,,,
SHP04583,WH6,UPS,Mumbai,Delhi,16019,8,,,
SHP04584,WH7,FedEx,Pune,Hyderabad,6207,5,,,
SHP04585,WH2,BlueDart,Chennai,Bangalore,18331,6,,,
SHP04586,WH2,BlueDart,Chennai,Bangalore,13110,7,,,
SHP04587,WH5,UPS,Chennai,Bangalore,17259,3,,,
SHP04588,WH5,BlueDart,Pune,Hyderabad,10677,4,,,
SHP04589,WH5,BlueDart,Chennai,Bangalore,2721,5,,,
SHP04590,WH3,FedEx,Pune,Hyderabad,19871,5,,,
SHP04591,WH1,UPS,Pune,Hyderabad,2612,3,,,
SHP04592,WH3,FedEx,Chennai,Bangalore,4262,3,,,
SHP04593,WH3,BlueDart,Pune,Hyderabad,19469,2,,,
SHP04594,WH6,FedEx,Mumbai,Delhi,14857,1,,,
SHP04595,WH5,FedEx,Mumbai,Delhi,14670,8,,,
SHP04596,WH2,FedEx,Chennai,Bangalore,7948,2,,,
SHP04597,WH2,FedEx,Chennai,Bangalore,12669,8,,,
SHP04598,WH6,BlueDart,Chennai,Bangalore,2667,1,,,
SHP04599,WH3,FedEx,Mumbai,Delhi,5525,2,,,
SHP04600,WH8,BlueDart,Mumbai,Delhi,5094,1,,,
SHP04601,WH8,DHL,Mumbai,Delhi,7498,8,,,
SHP04602,WH8,UPS,Pune,Hyderabad,17688,2,,,
SHP04603,WH1,DHL,Mumbai,Delhi,16929,5,,,
SHP04604,WH6,UPS,Mumbai,Delhi,14005,3,,,
SHP04605,WH5,BlueDart,Mumbai,Delhi,4868,3,,,
SHP04606,WH4,BlueDart,Mumbai,Delhi,3710,1,,,
SHP04607,WH6,FedEx,Mumbai,Delhi,19762,5,,,
SHP04608,WH3,DHL,Mumbai,Delhi,19271,3,,,
SHP04609,WH6,DHL,Chennai,Bangalore,13002,6,,,
SHP04610,WH2,DHL,Chennai,Bangalore,16338,7,,,
SHP04611,WH8,UPS,Chennai,Bangalore,12642,8,,,
SHP04612,WH2,FedEx,Chennai,Bangalore,7860,9,,,
SHP04613,WH8,UPS,Pune,Hyderabad,6446,5,,,
SHP04614,WH6,UPS,Chennai,Bangalore,12900,6,,,
SHP04615,WH1,BlueDart,Pune,Hyderabad,7386,2,,,
SHP04616,WH8,FedEx,Mumbai,Delhi,16964,2,,,
SHP04617,WH1,UPS,Pune,Hyderabad,17330,2,,,
SHP04618,WH6,DHL,Mumbai,Delhi,11502,8,,,
SHP04619,WH8,UPS,Chennai,Bangalore,3486,7,,,
SHP04620,WH1,FedEx,Mumbai,Delhi,1835,1,,,
SHP04621,WH2,FedEx,Mumbai,Delhi,8860,2,,,
SHP04622,WH2,BlueDart,Chennai,Bangalore,17935,6,,,
SHP04623,WH2,FedEx,Pune,Hyderabad,11299,8,,,
SHP04624,WH8,FedEx,Pune,Hyderabad,6778,7,,,
SHP04625,WH7,FedEx,Pune,Hyderabad,3821,3,,,
SHP04626,WH6,UPS,Pune,Hyderabad,8032,8,,,
SHP04627,WH4,BlueDart,Chennai,Bangalore,16456,4,,,
SHP04628,WH8,DHL,Pune,Hyderabad,13107,6,,,
SHP04629,WH3,BlueDart,Pune,Hyderabad,14821,2,,,
SHP04630,WH5,BlueDart,Mumbai,Delhi,15002,4,,,
SHP04631,WH4,UPS,Pune,Hyderabad,4661,1,,,
SHP04632,WH4,DHL,Mumbai,Delhi,3937,1,,,
SHP04633,WH2,DHL,Pune,Hyderabad,6328,5,,,
SHP04634,WH4,UPS,Mumbai,Delhi,19963,8,,,
SHP04635,WH1,DHL,Pune,Hyderabad,18991,3,,,
SHP04636,WH3,BlueDart,Pune,Hyderabad,1361,1,,,
SHP04637,WH5,UPS,Pune,Hyderabad,6029,3,,,
SHP04638,WH2,UPS,Mumbai,Delhi,13956,2,,,
SHP04639,WH4,DHL,Pune,Hyderabad,7958,9,,,
SHP04640,WH7,FedEx,Pune,Hyderabad,16518,6,,,
SHP04641,WH1,UPS,Chennai,Bangalore,19249,6,,,
SHP04642,WH3,DHL,Chennai,Bangalore,1235,5,,,
SHP04643,WH2,BlueDart,Chennai,Bangalore,2071,3,,,
SHP04644,WH2,FedEx,Mumbai,Delhi,7024,7,,,
SHP04645,WH1,UPS,Mumbai,Delhi,8245,9,,,
SHP04646,WH6,BlueDart,Chennai,Bangalore,4085,8,,,
SHP04647,WH4,UPS,Pune,Hyderabad,7631,5,,,
SHP04648,WH6,DHL,Chennai,Bangalore,15352,4,,,
SHP04649,WH2,FedEx,Mumbai,Delhi,18109,4,,,
SHP04650,WH2,UPS,Chennai,Bangalore,10118,1,,,
SHP04651,WH5,FedEx,Chennai,Bangalore,7758,2,,,
SHP04652,WH2,UPS,Chennai,Bangalore,14835,4,,,
SHP04653,WH8,BlueDart,Chennai,Bangalore,9634,4,,,
SHP04654,WH4,FedEx,Pune,Hyderabad,4766,1,,,
SHP04655,WH6,BlueDart,Mumbai,Delhi,7097,4,,,
SHP04656,WH5,FedEx,Pune,Hyderabad,3857,4,,,
SHP04657,WH6,UPS,Pune,Hyderabad,2773,8,,,
SHP04658,WH3,UPS,Mumbai,Delhi,13659,1,,,
SHP04659,WH2,BlueDart,Chennai,Bangalore,17534,1,,,
SHP04660,WH8,FedEx,Pune,Hyderabad,2573,3,,,
SHP04661,WH2,UPS,Pune,Hyderabad,10609,5,,,
SHP04662,WH8,BlueDart,Chennai,Bangalore,4307,1,,,
SHP04663,WH8,DHL,Chennai,Bangalore,12139,8,,,
SHP04664,WH3,UPS,Pune,Hyderabad,9130,8,,,
SHP04665,WH1,UPS,Mumbai,Delhi,6579,5,,,
SHP04666,WH2,DHL,Pune,Hyderabad,18605,3,,,
SHP04667,WH8,FedEx,Chennai,Bangalore,13005,5,,,
SHP04668,WH1,DHL,Pune,Hyderabad,17407,7,,,
SHP04669,WH3,DHL,Pune,Hyderabad,10213,2,,,
SHP04670,WH4,BlueDart,Pune,Hyderabad,1375,3,,,
SHP04671,WH7,DHL,Chennai,Bangalore,4035,2,,,
SHP04672,WH1,FedEx,Pune,Hyderabad,9868,7,,,
SHP04673,WH7,FedEx,Mumbai,Delhi,10523,5,,,
SHP04674,WH4,UPS,Chennai,Bangalore,4652,2,,,
SHP04675,WH3,FedEx,Mumbai,Delhi,19307,4,,,
SHP04676,WH4,FedEx,Pune,Hyderabad,11013,6,,,
SHP04677,WH2,FedEx,Pune,Hyderabad,12930,9,,,
SHP04678,WH1,FedEx,Chennai,Bangalore,15661,1,,,
SHP04679,WH1,DHL,Chennai,Bangalore,11926,6,,,
SHP04680,WH6,UPS,Pune,Hyderabad,11388,6,,,
SHP04681,WH8,DHL,Chennai,Bangalore,7753,1,,,
SHP04682,WH2,BlueDart,Chennai,Bangalore,7138,4,,,
SHP04683,WH1,FedEx,Mumbai,Delhi,16133,1,,,
SHP04684,WH3,FedEx,Pune,Hyderabad,13420,8,,,
SHP04685,WH3,BlueDart,Pune,Hyderabad,7925,1,,,
SHP04686,WH5,DHL,Pune,Hyderabad,18815,6,,,
SHP04687,WH6,FedEx,Chennai,Bangalore,11531,6,,,
SHP04688,WH6,BlueDart,Chennai,Bangalore,16630,9,,,
SHP04689,WH6,FedEx,Chennai,Bangalore,12223,7,,,
SHP04690,WH6,FedEx,Pune,Hyderabad,3267,4,,,
SHP04691,WH4,UPS,Pune,Hyderabad,5474,8,,,
SHP04692,WH4,FedEx,Pune,Hyderabad,19505,1,,,
SHP04693,WH7,FedEx,Chennai,Bangalore,5640,5,,,
SHP04694,WH2,UPS,Chennai,Bangalore,3789,7,,,
SHP04695,WH8,BlueDart,Pune,Hyderabad,9264,2,,,
SHP04696,WH6,DHL,Chennai,Bangalore,2774,8,,,
SHP04697,WH4,DHL,Mumbai,Delhi,11470,6,,,
SHP04698,WH8,DHL,Pune,Hyderabad,5091,2,,,
SHP04699,WH8,FedEx,Mumbai,Delhi,2364,6,,,
SHP04700,WH2,BlueDart,Mumbai,Delhi,1816,2,,,
SHP04701,WH3,UPS,Pune,Hyderabad,8103,6,,,
SHP04702,WH5,BlueDart,Mumbai,Delhi,18052,3,,,
SHP04703,WH8,DHL,Mumbai,Delhi,5549,1,,,
SHP04704,WH2,BlueDart,Pune,Hyderabad,14162,5,,,
SHP04705,WH7,BlueDart,Chennai,Bangalore,9451,1,,,
SHP04706,WH2,BlueDart,Mumbai,Delhi,1766,7,,,
SHP04707,WH2,DHL,Mumbai,Delhi,5852,7,,,
SHP04708,WH6,BlueDart,Mumbai,Delhi,3096,1,,,
SHP04709,WH8,FedEx,Mumbai,Delhi,10130,3,,,
SHP04710,WH4,FedEx,Mumbai,Delhi,5086,9,,,
SHP04711,WH2,BlueDart,Chennai,Bangalore,16306,4,,,
SHP04712,WH1,FedEx,Pune,Hyderabad,10234,4,,,
SHP04713,WH7,FedEx,Chennai,Bangalore,7255,6,,,
SHP04714,WH8,FedEx,Mumbai,Delhi,3630,3,,,
SHP04715,WH7,FedEx,Chennai,Bangalore,19153,1,,,
SHP04716,WH5,FedEx,Mumbai,Delhi,10995,8,,,
SHP04717,WH4,BlueDart,Mumbai,Delhi,5780,6,,,
SHP04718,WH6,UPS,Pune,Hyderabad,3761,4,,,
SHP04719,WH1,UPS,Chennai,Bangalore,2194,4,,,
SHP04720,WH3,BlueDart,Pune,Hyderabad,15927,9,,,
SHP04721,WH6,FedEx,Pune,Hyderabad,2880,8,,,
SHP04722,WH7,UPS,Chennai,Bangalore,19248,7,,,
SHP04723,WH5,DHL,Pune,Hyderabad,2152,3,,,
SHP04724,WH5,UPS,Pune,Hyderabad,4668,8,,,
SHP04725,WH4,DHL,Pune,Hyderabad,8257,5,,,
SHP04726,WH1,BlueDart,Pune,Hyderabad,9975,5,,,
SHP04727,WH5,FedEx,Pune,Hyderabad,2152,4,,,
SHP04728,WH5,UPS,Mumbai,Delhi,18889,2,,,
SHP04729,WH5,BlueDart,Mumbai,Delhi,16352,2,,,
SHP04730,WH5,DHL,Pune,Hyderabad,19189,8,,,
SHP04731,WH3,DHL,Chennai,Bangalore,1147,6,,,
SHP04732,WH3,DHL,Mumbai,Delhi,7307,7,,,
SHP04733,WH8,FedEx,Pune,Hyderabad,17056,2,,,
SHP04734,WH6,FedEx,Chennai,Bangalore,18247,1,,,
SHP04735,WH3,BlueDart,Chennai,Bangalore,13062,4,,,
SHP04736,WH8,FedEx,Pune,Hyderabad,5165,4,,,
SHP04737,WH2,BlueDart,Chennai,Bangalore,15624,8,,,
SHP04738,WH4,FedEx,Pune,Hyderabad,1959,2,,,
SHP04739,WH1,UPS,Chennai,Bangalore,3007,9,,,
SHP04740,WH6,UPS,Mumbai,Delhi,1461,6,,,
SHP04741,WH5,DHL,Pune,Hyderabad,10235,9,,,
SHP04742,WH7,DHL,Chennai,Bangalore,6152,2,,,
SHP04743,WH4,DHL,Pune,Hyderabad,5003,1,,,
SHP04744,WH4,FedEx,Pune,Hyderabad,4062,1,,,
SHP04745,WH4,DHL,Mumbai,Delhi,11978,2,,,
SHP04746,WH6,FedEx,Chennai,Bangalore,4237,4,,,
SHP04747,WH3,BlueDart,Pune,Hyderabad,11801,8,,,
SHP04748,WH7,FedEx,Mumbai,Delhi,15697,1,,,
SHP04749,WH7,UPS,Mumbai,Delhi,18926,9,,,
SHP04750,WH5,DHL,Chennai,Bangalore,16127,1,,,
SHP04751,WH8,UPS,Pune,Hyderabad,17207,6,,,
SHP04752,WH8,FedEx,Chennai,Bangalore,18832,3,,,
SHP04753,WH8,FedEx,Chennai,Bangalore,10621,9,,,
SHP04754,WH4,UPS,Mumbai,Delhi,4918,8,,,
SHP04755,WH4,UPS,Mumbai,Delhi,16748,1,,,
SHP04756,WH5,UPS,Pune,Hyderabad,7236,8,,,
SHP04757,WH3,UPS,Pune,Hyderabad,10987,4,,,
SHP04758,WH7,FedEx,Mumbai,Delhi,6343,7,,,
SHP04759,WH8,BlueDart,Chennai,Bangalore,9740,4,,,
SHP04760,WH8,UPS,Chennai,Bangalore,19072,7,,,
SHP04761,WH6,DHL,Chennai,Bangalore,14016,8,,,
SHP04762,WH6,FedEx,Chennai,Bangalore,11355,4,,,
SHP04763,WH1,BlueDart,Mumbai,Delhi,3883,2,,,
SHP04764,WH4,UPS,Chennai,Bangalore,16534,2,,,
SHP04765,WH7,DHL,Chennai,Bangalore,18503,6,,,
SHP04766,WH4,UPS,Mumbai,Delhi,12939,1,,,
SHP04767,WH1,FedEx,Mumbai,Delhi,7431,3,,,
SHP04768,WH7,DHL,Pune,Hyderabad,10679,4,,,
SHP04769,WH7,DHL,Pune,Hyderabad,7108,5,,,
SHP04770,WH2,BlueDart,Pune,Hyderabad,12974,1,,,
SHP04771,WH5,UPS,Pune,Hyderabad,12256,1,,,
SHP04772,WH4,DHL,Mumbai,Delhi,10426,6,,,
SHP04773,WH2,FedEx,Pune,Hyderabad,6135,1,,,
SHP04774,WH7,UPS,Mumbai,Delhi,18530,5,,,
SHP04775,WH8,FedEx,Mumbai,Delhi,3096,1,,,
SHP04776,WH3,UPS,Mumbai,Delhi,9922,1,,,
SHP04777,WH6,BlueDart,Pune,Hyderabad,8106,7,,,
SHP04778,WH7,DHL,Pune,Hyderabad,15625,8,,,
SHP04779,WH3,UPS,Chennai,Bangalore,18549,3,,,
SHP04780,WH7,FedEx,Chennai,Bangalore,7794,6,,,
SHP04781,WH6,FedEx,Pune,Hyderabad,3566,7,,,
SHP04782,WH1,DHL,Chennai,Bangalore,4538,5,,,
SHP04783,WH3,FedEx,Pune,Hyderabad,10217,2,,,
SHP04784,WH2,BlueDart,Pune,Hyderabad,9107,2,,,
SHP04785,WH7,DHL,Pune,Hyderabad,15408,5,,,
SHP04786,WH1,UPS,Mumbai,Delhi,14602,8,,,
SHP04787,WH1,BlueDart,Chennai,Bangalore,12229,8,,,
SHP04788,WH5,DHL,Pune,Hyderabad,8022,7,,,
SHP04789,WH1,DHL,Pune,Hyderabad,8520,3,,,
SHP04790,WH3,UPS,Chennai,Bangalore,3824,1,,,
SHP04791,WH2,FedEx,Pune,Hyderabad,8842,9,,,
SHP04792,WH4,BlueDart,Mumbai,Delhi,4759,2,,,
SHP04793,WH5,DHL,Pune,Hyderabad,5451,8,,,
SHP04794,WH4,UPS,Pune,Hyderabad,11114,9,,,
SHP04795,WH4,BlueDart,Chennai,Bangalore,12822,9,,,
SHP04796,WH7,FedEx,Mumbai,Delhi,3705,7,,,
SHP04797,WH6,DHL,Mumbai,Delhi,9008,4,,,
SHP04798,WH4,UPS,Chennai,Bangalore,12904,2,,,
SHP04799,WH7,BlueDart,Chennai,Bangalore,2569,2,,,
SHP04800,WH4,DHL,Pune,Hyderabad,16914,2,,,
SHP04801,WH5,FedEx,Chennai,Bangalore,10443,2,,,
SHP04802,WH7,BlueDart,Chennai,Bangalore,2151,6,,,
SHP04803,WH7,DHL,Chennai,Bangalore,6316,1,,,
SHP04804,WH6,DHL,Mumbai,Delhi,18353,7,,,
SHP04805,WH8,FedEx,Pune,Hyderabad,13062,4,,,
SHP04806,WH2,FedEx,Pune,Hyderabad,17475,7,,,
SHP04807,WH2,DHL,Pune,Hyderabad,8463,8,,,
SHP04808,WH8,FedEx,Chennai,Bangalore,1475,7,,,
SHP04809,WH5,FedEx,Mumbai,Delhi,5788,8,,,
SHP04810,WH7,BlueDart,Pune,Hyderabad,16495,4,,,
SHP04811,WH1,FedEx,Mumbai,Delhi,18640,6,,,
SHP04812,WH4,FedEx,Mumbai,Delhi,9464,6,,,
SHP04813,WH4,BlueDart,Pune,Hyderabad,8447,4,,,
SHP04814,WH3,UPS,Mumbai,Delhi,9351,5,,,
SHP04815,WH2,FedEx,Mumbai,Delhi,7755,3,,,
SHP04816,WH1,FedEx,Pune,Hyderabad,9214,9,,,
SHP04817,WH7,FedEx,Chennai,Bangalore,15031,5,,,
SHP04818,WH7,DHL,Pune,Hyderabad,13187,6,,,
SHP04819,WH6,BlueDart,Chennai,Bangalore,10399,8,,,
SHP04820,WH7,UPS,Chennai,Bangalore,5069,7,,,
SHP04821,WH2,DHL,Chennai,Bangalore,14070,7,,,
SHP04822,WH1,BlueDart,Pune,Hyderabad,12175,8,,,
SHP04823,WH2,FedEx,Mumbai,Delhi,15586,2,,,
SHP04824,WH6,UPS,Pune,Hyderabad,7191,3,,,
SHP04825,WH2,FedEx,Pune,Hyderabad,12800,3,,,
SHP04826,WH7,UPS,Mumbai,Delhi,16017,4,,,
SHP04827,WH6,UPS,Mumbai,Delhi,12904,7,,,
SHP04828,WH3,DHL,Pune,Hyderabad,13811,3,,,
SHP04829,WH5,BlueDart,Chennai,Bangalore,14210,2,,,
SHP04830,WH6,BlueDart,Mumbai,Delhi,3456,8,,,
SHP04831,WH2,BlueDart,Chennai,Bangalore,1759,7,,,
SHP04832,WH3,DHL,Chennai,Bangalore,5470,9,,,
SHP04833,WH5,DHL,Chennai,Bangalore,14997,3,,,
SHP04834,WH4,DHL,Pune,Hyderabad,15122,8,,,
SHP04835,WH7,UPS,Mumbai,Delhi,12341,4,,,
SHP04836,WH5,FedEx,Mumbai,Delhi,9773,3,,,
SHP04837,WH3,DHL,Chennai,Bangalore,7478,5,,,
SHP04838,WH6,BlueDart,Mumbai,Delhi,9576,6,,,
SHP04839,WH4,BlueDart,Pune,Hyderabad,8025,5,,,
SHP04840,WH3,BlueDart,Chennai,Bangalore,10911,7,,,
SHP04841,WH6,DHL,Chennai,Bangalore,2717,9,,,
SHP04842,WH1,DHL,Mumbai,Delhi,10270,3,,,
SHP04843,WH4,FedEx,Pune,Hyderabad,8003,1,,,
SHP04844,WH5,BlueDart,Chennai,Bangalore,18725,2,,,
SHP04845,WH4,BlueDart,Pune,Hyderabad,5267,5,,,
SHP04846,WH6,BlueDart,Pune,Hyderabad,11070,7,,,
SHP04847,WH7,DHL,Mumbai,Delhi,9440,2,,,
SHP04848,WH6,FedEx,Pune,Hyderabad,7852,4,,,
SHP04849,WH7,FedEx,Pune,Hyderabad,1934,1,,,
SHP04850,WH7,FedEx,Pune,Hyderabad,4939,1,,,
SHP04851,WH8,UPS,Pune,Hyderabad,19212,1,,,
SHP04852,WH6,BlueDart,Mumbai,Delhi,5507,8,,,
SHP04853,WH8,DHL,Pune,Hyderabad,18764,3,,,
SHP04854,WH6,FedEx,Chennai,Bangalore,5532,2,,,
SHP04855,WH6,UPS,Chennai,Bangalore,17594,7,,,
SHP04856,WH5,BlueDart,Mumbai,Delhi,10636,2,,,
SHP04857,WH3,DHL,Pune,Hyderabad,14631,5,,,
SHP04858,WH8,FedEx,Pune,Hyderabad,19157,7,,,
SHP04859,WH2,BlueDart,Pune,Hyderabad,16957,9,,,
SHP04860,WH2,FedEx,Mumbai,Delhi,18094,9,,,
SHP04861,WH2,FedEx,Mumbai,Delhi,14332,9,,,
SHP04862,WH5,DHL,Pune,Hyderabad,3218,4,,,
SHP04863,WH8,FedEx,Mumbai,Delhi,2692,4,,,
SHP04864,WH7,UPS,Mumbai,Delhi,15508,8,,,
SHP04865,WH6,DHL,Pune,Hyderabad,10007,6,,,
SHP04866,WH6,FedEx,Pune,Hyderabad,19346,3,,,
SHP04867,WH8,FedEx,Pune,Hyderabad,11536,5,,,
SHP04868,WH5,UPS,Chennai,Bangalore,18645,2,,,
SHP04869,WH2,DHL,Mumbai,Delhi,13588,2,,,
SHP04870,WH4,DHL,Chennai,Bangalore,19901,4,,,
SHP04871,WH4,BlueDart,Chennai,Bangalore,2817,7,,,
SHP04872,WH2,FedEx,Chennai,Bangalore,14705,4,,,
SHP04873,WH6,FedEx,Pune,Hyderabad,2174,5,,,
SHP04874,WH7,BlueDart,Pune,Hyderabad,9085,9,,,
SHP04875,WH8,UPS,Pune,Hyderabad,10517,3,,,
SHP04876,WH7,DHL,Pune,Hyderabad,13377,8,,,
SHP04877,WH1,UPS,Pune,Hyderabad,19052,3,,,
SHP04878,WH2,UPS,Mumbai,Delhi,3973,3,,,
SHP04879,WH2,BlueDart,Mumbai,Delhi,13762,4,,,
SHP04880,WH6,UPS,Mumbai,Delhi,13161,6,,,
SHP04881,WH8,UPS,Mumbai,Delhi,4876,5,,,
SHP04882,WH5,UPS,Mumbai,Delhi,16829,9,,,
SHP04883,WH7,DHL,Mumbai,Delhi,3198,7,,,
SHP04884,WH5,BlueDart,Pune,Hyderabad,11514,5,,,
SHP04885,WH3,DHL,Mumbai,Delhi,11783,7,,,
SHP04886,WH3,FedEx,Chennai,Bangalore,11876,8,,,
SHP04887,WH5,FedEx,Mumbai,Delhi,11680,3,,,
SHP04888,WH4,DHL,Pune,Hyderabad,6498,5,,,
SHP04889,WH2,DHL,Pune,Hyderabad,1629,7,,,
SHP04890,WH2,BlueDart,Mumbai,Delhi,9852,9,,,
SHP04891,WH1,BlueDart,Pune,Hyderabad,17413,3,,,
SHP04892,WH1,FedEx,Pune,Hyderabad,10331,9,,,
SHP04893,WH4,BlueDart,Mumbai,Delhi,1825,7,,,
SHP04894,WH5,BlueDart,Chennai,Bangalore,14483,1,,,
SHP04895,WH5,BlueDart,Mumbai,Delhi,8729,1,,,
SHP04896,WH2,FedEx,Pune,Hyderabad,1279,6,,,
SHP04897,WH4,UPS,Chennai,Bangalore,18086,2,,,
SHP04898,WH7,BlueDart,Chennai,Bangalore,16890,5,,,
SHP04899,WH6,FedEx,Chennai,Bangalore,3398,7,,,
SHP04900,WH7,UPS,Chennai,Bangalore,2773,5,,,
SHP04901,WH8,UPS,Pune,Hyderabad,6816,1,,,
SHP04902,WH7,BlueDart,Pune,Hyderabad,7489,8,,,
SHP04903,WH8,FedEx,Mumbai,Delhi,13262,3,,,
SHP04904,WH4,BlueDart,Chennai,Bangalore,15966,1,,,
SHP04905,WH6,DHL,Mumbai,Delhi,3035,7,,,
SHP04906,WH6,BlueDart,Chennai,Bangalore,15853,4,,,
SHP04907,WH6,UPS,Mumbai,Delhi,3749,1,,,
SHP04908,WH3,BlueDart,Chennai,Bangalore,7952,5,,,
SHP04909,WH2,UPS,Chennai,Bangalore,4286,7,,,
SHP04910,WH7,UPS,Mumbai,Delhi,16565,4,,,
SHP04911,WH6,DHL,Pune,Hyderabad,6860,4,,,
SHP04912,WH6,BlueDart,Pune,Hyderabad,3864,2,,,
SHP04913,WH8,DHL,Pune,Hyderabad,9893,7,,,
SHP04914,WH7,UPS,Mumbai,Delhi,2363,8,,,
SHP04915,WH1,DHL,Mumbai,Delhi,5318,7,,,
SHP04916,WH5,UPS,Chennai,Bangalore,8880,5,,,
SHP04917,WH1,UPS,Mumbai,Delhi,5183,1,,,
SHP04918,WH5,UPS,Chennai,Bangalore,6238,4,,,
SHP04919,WH5,BlueDart,Pune,Hyderabad,16330,1,,,
SHP04920,WH8,UPS,Pune,Hyderabad,16741,1,,,
SHP04921,WH3,FedEx,Chennai,Bangalore,10744,2,,,
SHP04922,WH8,BlueDart,Chennai,Bangalore,17762,2,,,
SHP04923,WH8,DHL,Chennai,Bangalore,9984,1,,,
SHP04924,WH8,UPS,Pune,Hyderabad,13570,2,,,
SHP04925,WH8,UPS,Chennai,Bangalore,14796,5,,,
SHP04926,WH3,DHL,Chennai,Bangalore,16788,1,,,
SHP04927,WH4,DHL,Mumbai,Delhi,13606,6,,,
SHP04928,WH5,BlueDart,Chennai,Bangalore,19491,2,,,
SHP04929,WH2,DHL,Mumbai,Delhi,7992,9,,,
SHP04930,WH1,DHL,Pune,Hyderabad,16551,6,,,
SHP04931,WH3,BlueDart,Mumbai,Delhi,17183,1,,,
SHP04932,WH5,FedEx,Chennai,Bangalore,5730,3,,,
SHP04933,WH5,BlueDart,Pune,Hyderabad,15443,2,,,
SHP04934,WH4,BlueDart,Chennai,Bangalore,14152,7,,,
SHP04935,WH5,FedEx,Mumbai,Delhi,1926,4,,,
SHP04936,WH5,UPS,Chennai,Bangalore,17185,3,,,
SHP04937,WH5,BlueDart,Chennai,Bangalore,9389,2,,,
SHP04938,WH6,DHL,Pune,Hyderabad,5444,5,,,
SHP04939,WH1,FedEx,Mumbai,Delhi,19682,4,,,
SHP04940,WH1,BlueDart,Pune,Hyderabad,13897,6,,,
SHP04941,WH4,DHL,Mumbai,Delhi,17565,9,,,
SHP04942,WH5,DHL,Mumbai,Delhi,13225,9,,,
SHP04943,WH7,DHL,Pune,Hyderabad,4672,4,,,
SHP04944,WH4,DHL,Pune,Hyderabad,11996,6,,,
SHP04945,WH8,FedEx,Mumbai,Delhi,17746,3,,,
SHP04946,WH8,UPS,Pune,Hyderabad,2126,1,,,
SHP04947,WH6,DHL,Pune,Hyderabad,8634,8,,,
SHP04948,WH6,DHL,Pune,Hyderabad,16096,7,,,
SHP04949,WH8,UPS,Pune,Hyderabad,4008,5,,,
SHP04950,WH2,FedEx,Mumbai,Delhi,7104,7,,,
SHP04951,WH1,UPS,Pune,Hyderabad,15385,6,,,
SHP04952,WH8,UPS,Pune,Hyderabad,2105,8,,,
SHP04953,WH6,DHL,Pune,Hyderabad,2864,9,,,
SHP04954,WH4,DHL,Pune,Hyderabad,12969,7,,,
SHP04955,WH1,BlueDart,Pune,Hyderabad,9775,2,,,
SHP04956,WH5,UPS,Chennai,Bangalore,12312,7,,,
SHP04957,WH3,DHL,Chennai,Bangalore,9724,5,,,
SHP04958,WH4,FedEx,Pune,Hyderabad,13294,2,,,
SHP04959,WH1,BlueDart,Chennai,Bangalore,18689,6,,,
SHP04960,WH5,BlueDart,Chennai,Bangalore,15203,2,,,
SHP04961,WH7,DHL,Chennai,Bangalore,5004,7,,,
SHP04962,WH2,BlueDart,Chennai,Bangalore,2021,7,,,
SHP04963,WH1,FedEx,Pune,Hyderabad,14883,1,,,
SHP04964,WH2,UPS,Chennai,Bangalore,3761,7,,,
SHP04965,WH6,UPS,Mumbai,Delhi,4424,2,,,
SHP04966,WH5,UPS,Mumbai,Delhi,4350,6,,,
SHP04967,WH1,FedEx,Chennai,Bangalore,16109,8,,,
SHP04968,WH7,UPS,Pune,Hyderabad,9646,6,,,
SHP04969,WH6,FedEx,Chennai,Bangalore,16291,8,,,
SHP04970,WH3,UPS,Pune,Hyderabad,17055,9,,,
SHP04971,WH4,BlueDart,Pune,Hyderabad,17601,2,,,
SHP04972,WH6,DHL,Chennai,Bangalore,11720,1,,,
SHP04973,WH7,DHL,Mumbai,Delhi,14680,2,,,
SHP04974,WH3,FedEx,Pune,Hyderabad,2589,3,,,
SHP04975,WH7,BlueDart,Chennai,Bangalore,17503,9,,,
SHP04976,WH6,BlueDart,Mumbai,Delhi,10348,3,,,
SHP04977,WH3,DHL,Pune,Hyderabad,13214,9,,,
SHP04978,WH1,DHL,Pune,Hyderabad,12061,3,,,
SHP04979,WH7,UPS,Pune,Hyderabad,9117,7,,,
SHP04980,WH4,UPS,Mumbai,Delhi,2113,5,,,
SHP04981,WH8,BlueDart,Chennai,Bangalore,19700,3,,,
SHP04982,WH7,DHL,Chennai,Bangalore,16630,8,,,
SHP04983,WH4,UPS,Pune,Hyderabad,18581,4,,,
SHP04984,WH8,BlueDart,Mumbai,Delhi,1381,4,,,
SHP04985,WH1,UPS,Mumbai,Delhi,13401,7,,,
SHP04986,WH5,UPS,Chennai,Bangalore,5634,5,,,
SHP04987,WH3,FedEx,Pune,Hyderabad,13415,1,,,
SHP04988,WH8,UPS,Pune,Hyderabad,15596,3,,,
SHP04989,WH4,FedEx,Chennai,Bangalore,4734,7,,,
SHP04990,WH6,BlueDart,Chennai,Bangalore,6157,7,,,
SHP04991,WH2,BlueDart,Mumbai,Delhi,10818,7,,,
SHP04992,WH2,DHL,Mumbai,Delhi,17355,4,,,
SHP04993,WH6,UPS,Chennai,Bangalore,7631,7,,,
SHP04994,WH8,UPS,Chennai,Bangalore,1340,4,,,
SHP04995,WH5,DHL,Pune,Hyderabad,15070,1,,,
SHP04996,WH2,BlueDart,Pune,Hyderabad,2031,3,,,
SHP04997,WH5,BlueDart,Pune,Hyderabad,15375,6,,,
SHP04998,WH1,FedEx,Mumbai,Delhi,2735,7,,,
SHP04999,WH3,FedEx,Mumbai,Delhi,8060,9,,,
SHP05000,WH5,FedEx,Pune,Hyderabad,13701,6,,,
